id,asset,year,rep_period,time_block_start,time_block_end,dual_start_up_upper_bound
1,BE_Coal,2030,1,1,3,0.0
2,BE_Coal,2030,1,4,6,0.0
3,BE_Coal,2030,1,7,9,0.0
4,BE_Coal,2030,1,10,12,0.0
5,BE_Coal,2030,1,13,15,0.0
6,BE_Coal,2030,1,16,18,0.0
7,BE_Coal,2030,1,19,21,0.0
8,BE_Coal,2030,1,22,24,0.0
9,BE_Coal,2030,2,1,3,0.0
10,BE_Coal,2030,2,4,6,0.0
11,BE_Coal,2030,2,7,9,0.0
12,BE_Coal,2030,2,10,12,0.0
13,BE_Coal,2030,2,13,15,0.0
14,BE_Coal,2030,2,16,18,0.0
15,BE_Coal,2030,2,19,21,0.0
16,BE_Coal,2030,2,22,24,0.0
17,BE_Coal,2030,3,1,3,0.0
18,BE_Coal,2030,3,4,6,0.0
19,BE_Coal,2030,3,7,9,0.0
20,BE_Coal,2030,3,10,12,0.0
21,BE_Coal,2030,3,13,15,0.0
22,BE_Coal,2030,3,16,18,0.0
23,BE_Coal,2030,3,19,21,0.0
24,BE_Coal,2030,3,22,24,0.0
25,BE_Coal,2030,4,1,3,0.0
26,BE_Coal,2030,4,4,6,0.0
27,BE_Coal,2030,4,7,9,0.0
28,BE_Coal,2030,4,10,12,0.0
29,BE_Coal,2030,4,13,15,0.0
30,BE_Coal,2030,4,16,18,0.0
31,BE_Coal,2030,4,19,21,0.0
32,BE_Coal,2030,4,22,24,0.0
33,BE_Coal,2030,5,1,3,0.0
34,BE_Coal,2030,5,4,6,0.0
35,BE_Coal,2030,5,7,9,0.0
36,BE_Coal,2030,5,10,12,0.0
37,BE_Coal,2030,5,13,15,0.0
38,BE_Coal,2030,5,16,18,0.0
39,BE_Coal,2030,5,19,21,0.0
40,BE_Coal,2030,5,22,24,0.0
41,BE_Coal,2030,6,1,3,0.0
42,BE_Coal,2030,6,4,6,0.0
43,BE_Coal,2030,6,7,9,0.0
44,BE_Coal,2030,6,10,12,0.0
45,BE_Coal,2030,6,13,15,0.0
46,BE_Coal,2030,6,16,18,0.0
47,BE_Coal,2030,6,19,21,0.0
48,BE_Coal,2030,6,22,24,0.0
49,BE_Coal,2030,7,1,3,0.0
50,BE_Coal,2030,7,4,6,0.0
51,BE_Coal,2030,7,7,9,0.0
52,BE_Coal,2030,7,10,12,0.0
53,BE_Coal,2030,7,13,15,0.0
54,BE_Coal,2030,7,16,18,0.0
55,BE_Coal,2030,7,19,21,0.0
56,BE_Coal,2030,7,22,24,0.0
57,BE_Coal,2030,8,1,3,0.0
58,BE_Coal,2030,8,4,6,0.0
59,BE_Coal,2030,8,7,9,0.0
60,BE_Coal,2030,8,10,12,0.0
61,BE_Coal,2030,8,13,15,0.0
62,BE_Coal,2030,8,16,18,0.0
63,BE_Coal,2030,8,19,21,0.0
64,BE_Coal,2030,8,22,24,0.0
65,BE_Coal,2030,9,1,3,0.0
66,BE_Coal,2030,9,4,6,0.0
67,BE_Coal,2030,9,7,9,0.0
68,BE_Coal,2030,9,10,12,0.0
69,BE_Coal,2030,9,13,15,0.0
70,BE_Coal,2030,9,16,18,0.0
71,BE_Coal,2030,9,19,21,0.0
72,BE_Coal,2030,9,22,24,0.0
73,BE_Coal,2030,10,1,3,0.0
74,BE_Coal,2030,10,4,6,0.0
75,BE_Coal,2030,10,7,9,0.0
76,BE_Coal,2030,10,10,12,0.0
77,BE_Coal,2030,10,13,15,0.0
78,BE_Coal,2030,10,16,18,0.0
79,BE_Coal,2030,10,19,21,0.0
80,BE_Coal,2030,10,22,24,0.0
81,BE_Nuclear,2030,1,1,2,0.0
82,BE_Nuclear,2030,1,5,6,0.0
83,BE_Nuclear,2030,1,9,10,0.0
84,BE_Nuclear,2030,1,13,14,0.0
85,BE_Nuclear,2030,1,17,18,0.0
86,BE_Nuclear,2030,1,21,22,0.0
87,BE_Nuclear,2030,2,1,2,0.0
88,BE_Nuclear,2030,2,5,6,0.0
89,BE_Nuclear,2030,2,9,10,0.0
90,BE_Nuclear,2030,2,13,14,0.0
91,BE_Nuclear,2030,2,17,18,0.0
92,BE_Nuclear,2030,2,21,22,0.0
93,BE_Nuclear,2030,3,1,2,0.0
94,BE_Nuclear,2030,3,5,6,0.0
95,BE_Nuclear,2030,3,9,10,0.0
96,BE_Nuclear,2030,3,13,14,0.0
97,BE_Nuclear,2030,3,17,18,0.0
98,BE_Nuclear,2030,3,21,22,0.0
99,BE_Nuclear,2030,4,1,2,0.0
100,BE_Nuclear,2030,4,5,6,0.0
101,BE_Nuclear,2030,4,9,10,0.0
102,BE_Nuclear,2030,4,13,14,0.0
103,BE_Nuclear,2030,4,17,18,0.0
104,BE_Nuclear,2030,4,21,22,0.0
105,BE_Nuclear,2030,5,1,2,0.0
106,BE_Nuclear,2030,5,5,6,0.0
107,BE_Nuclear,2030,5,9,10,0.0
108,BE_Nuclear,2030,5,13,14,0.0
109,BE_Nuclear,2030,5,17,18,0.0
110,BE_Nuclear,2030,5,21,22,0.0
111,BE_Nuclear,2030,6,1,2,0.0
112,BE_Nuclear,2030,6,5,6,0.0
113,BE_Nuclear,2030,6,9,10,0.0
114,BE_Nuclear,2030,6,13,14,0.0
115,BE_Nuclear,2030,6,17,18,0.0
116,BE_Nuclear,2030,6,21,22,0.0
117,BE_Nuclear,2030,7,1,2,0.0
118,BE_Nuclear,2030,7,5,6,0.0
119,BE_Nuclear,2030,7,9,10,0.0
120,BE_Nuclear,2030,7,13,14,0.0
121,BE_Nuclear,2030,7,17,18,0.0
122,BE_Nuclear,2030,7,21,22,0.0
123,BE_Nuclear,2030,8,1,2,0.0
124,BE_Nuclear,2030,8,5,6,0.0
125,BE_Nuclear,2030,8,9,10,0.0
126,BE_Nuclear,2030,8,13,14,0.0
127,BE_Nuclear,2030,8,17,18,0.0
128,BE_Nuclear,2030,8,21,22,0.0
129,BE_Nuclear,2030,9,1,2,0.0
130,BE_Nuclear,2030,9,5,6,0.0
131,BE_Nuclear,2030,9,9,10,0.0
132,BE_Nuclear,2030,9,13,14,0.0
133,BE_Nuclear,2030,9,17,18,0.0
134,BE_Nuclear,2030,9,21,22,0.0
135,BE_Nuclear,2030,10,1,2,0.0
136,BE_Nuclear,2030,10,5,6,0.0
137,BE_Nuclear,2030,10,9,10,0.0
138,BE_Nuclear,2030,10,13,14,0.0
139,BE_Nuclear,2030,10,17,18,0.0
140,BE_Nuclear,2030,10,21,22,0.0
141,CH_Coal,2030,1,1,3,0.0
142,CH_Coal,2030,1,4,6,0.0
143,CH_Coal,2030,1,7,9,0.0
144,CH_Coal,2030,1,10,12,0.0
145,CH_Coal,2030,1,13,15,0.0
146,CH_Coal,2030,1,16,18,0.0
147,CH_Coal,2030,1,19,21,0.0
148,CH_Coal,2030,1,22,24,0.0
149,CH_Coal,2030,2,1,3,0.0
150,CH_Coal,2030,2,4,6,0.0
151,CH_Coal,2030,2,7,9,0.0
152,CH_Coal,2030,2,10,12,0.0
153,CH_Coal,2030,2,13,15,0.0
154,CH_Coal,2030,2,16,18,0.0
155,CH_Coal,2030,2,19,21,0.0
156,CH_Coal,2030,2,22,24,0.0
157,CH_Coal,2030,3,1,3,0.0
158,CH_Coal,2030,3,4,6,0.0
159,CH_Coal,2030,3,7,9,0.0
160,CH_Coal,2030,3,10,12,0.0
161,CH_Coal,2030,3,13,15,0.0
162,CH_Coal,2030,3,16,18,0.0
163,CH_Coal,2030,3,19,21,0.0
164,CH_Coal,2030,3,22,24,0.0
165,CH_Coal,2030,4,1,3,0.0
166,CH_Coal,2030,4,4,6,0.0
167,CH_Coal,2030,4,7,9,0.0
168,CH_Coal,2030,4,10,12,0.0
169,CH_Coal,2030,4,13,15,0.0
170,CH_Coal,2030,4,16,18,0.0
171,CH_Coal,2030,4,19,21,0.0
172,CH_Coal,2030,4,22,24,0.0
173,CH_Coal,2030,5,1,3,0.0
174,CH_Coal,2030,5,4,6,0.0
175,CH_Coal,2030,5,7,9,0.0
176,CH_Coal,2030,5,10,12,0.0
177,CH_Coal,2030,5,13,15,0.0
178,CH_Coal,2030,5,16,18,0.0
179,CH_Coal,2030,5,19,21,0.0
180,CH_Coal,2030,5,22,24,0.0
181,CH_Coal,2030,6,1,3,0.0
182,CH_Coal,2030,6,4,6,0.0
183,CH_Coal,2030,6,7,9,0.0
184,CH_Coal,2030,6,10,12,0.0
185,CH_Coal,2030,6,13,15,0.0
186,CH_Coal,2030,6,16,18,0.0
187,CH_Coal,2030,6,19,21,0.0
188,CH_Coal,2030,6,22,24,0.0
189,CH_Coal,2030,7,1,3,0.0
190,CH_Coal,2030,7,4,6,0.0
191,CH_Coal,2030,7,7,9,0.0
192,CH_Coal,2030,7,10,12,0.0
193,CH_Coal,2030,7,13,15,0.0
194,CH_Coal,2030,7,16,18,0.0
195,CH_Coal,2030,7,19,21,0.0
196,CH_Coal,2030,7,22,24,0.0
197,CH_Coal,2030,8,1,3,0.0
198,CH_Coal,2030,8,4,6,0.0
199,CH_Coal,2030,8,7,9,0.0
200,CH_Coal,2030,8,10,12,0.0
201,CH_Coal,2030,8,13,15,0.0
202,CH_Coal,2030,8,16,18,0.0
203,CH_Coal,2030,8,19,21,0.0
204,CH_Coal,2030,8,22,24,0.0
205,CH_Coal,2030,9,1,3,0.0
206,CH_Coal,2030,9,4,6,0.0
207,CH_Coal,2030,9,7,9,0.0
208,CH_Coal,2030,9,10,12,0.0
209,CH_Coal,2030,9,13,15,0.0
210,CH_Coal,2030,9,16,18,0.0
211,CH_Coal,2030,9,19,21,0.0
212,CH_Coal,2030,9,22,24,0.0
213,CH_Coal,2030,10,1,3,0.0
214,CH_Coal,2030,10,4,6,0.0
215,CH_Coal,2030,10,7,9,0.0
216,CH_Coal,2030,10,10,12,0.0
217,CH_Coal,2030,10,13,15,0.0
218,CH_Coal,2030,10,16,18,0.0
219,CH_Coal,2030,10,19,21,0.0
220,CH_Coal,2030,10,22,24,0.0
221,CH_Nuclear,2030,1,1,2,0.0
222,CH_Nuclear,2030,1,5,6,0.0
223,CH_Nuclear,2030,1,9,10,0.0
224,CH_Nuclear,2030,1,13,14,0.0
225,CH_Nuclear,2030,1,17,18,0.0
226,CH_Nuclear,2030,1,21,22,0.0
227,CH_Nuclear,2030,2,1,2,0.0
228,CH_Nuclear,2030,2,5,6,0.0
229,CH_Nuclear,2030,2,9,10,0.0
230,CH_Nuclear,2030,2,13,14,0.0
231,CH_Nuclear,2030,2,17,18,0.0
232,CH_Nuclear,2030,2,21,22,0.0
233,CH_Nuclear,2030,3,1,2,0.0
234,CH_Nuclear,2030,3,5,6,0.0
235,CH_Nuclear,2030,3,9,10,0.0
236,CH_Nuclear,2030,3,13,14,0.0
237,CH_Nuclear,2030,3,17,18,0.0
238,CH_Nuclear,2030,3,21,22,0.0
239,CH_Nuclear,2030,4,1,2,0.0
240,CH_Nuclear,2030,4,5,6,0.0
241,CH_Nuclear,2030,4,9,10,0.0
242,CH_Nuclear,2030,4,13,14,0.0
243,CH_Nuclear,2030,4,17,18,0.0
244,CH_Nuclear,2030,4,21,22,0.0
245,CH_Nuclear,2030,5,1,2,0.0
246,CH_Nuclear,2030,5,5,6,0.0
247,CH_Nuclear,2030,5,9,10,0.0
248,CH_Nuclear,2030,5,13,14,0.0
249,CH_Nuclear,2030,5,17,18,0.0
250,CH_Nuclear,2030,5,21,22,0.0
251,CH_Nuclear,2030,6,1,2,0.0
252,CH_Nuclear,2030,6,5,6,0.0
253,CH_Nuclear,2030,6,9,10,0.0
254,CH_Nuclear,2030,6,13,14,0.0
255,CH_Nuclear,2030,6,17,18,0.0
256,CH_Nuclear,2030,6,21,22,0.0
257,CH_Nuclear,2030,7,1,2,0.0
258,CH_Nuclear,2030,7,5,6,0.0
259,CH_Nuclear,2030,7,9,10,0.0
260,CH_Nuclear,2030,7,13,14,0.0
261,CH_Nuclear,2030,7,17,18,0.0
262,CH_Nuclear,2030,7,21,22,0.0
263,CH_Nuclear,2030,8,1,2,0.0
264,CH_Nuclear,2030,8,5,6,0.0
265,CH_Nuclear,2030,8,9,10,0.0
266,CH_Nuclear,2030,8,13,14,0.0
267,CH_Nuclear,2030,8,17,18,0.0
268,CH_Nuclear,2030,8,21,22,0.0
269,CH_Nuclear,2030,9,1,2,0.0
270,CH_Nuclear,2030,9,5,6,0.0
271,CH_Nuclear,2030,9,9,10,0.0
272,CH_Nuclear,2030,9,13,14,0.0
273,CH_Nuclear,2030,9,17,18,0.0
274,CH_Nuclear,2030,9,21,22,0.0
275,CH_Nuclear,2030,10,1,2,0.0
276,CH_Nuclear,2030,10,5,6,0.0
277,CH_Nuclear,2030,10,9,10,0.0
278,CH_Nuclear,2030,10,13,14,0.0
279,CH_Nuclear,2030,10,17,18,0.0
280,CH_Nuclear,2030,10,21,22,0.0
281,DE_Coal,2030,1,1,3,0.0
282,DE_Coal,2030,1,4,6,0.0
283,DE_Coal,2030,1,7,9,0.0
284,DE_Coal,2030,1,10,12,0.0
285,DE_Coal,2030,1,13,15,0.0
286,DE_Coal,2030,1,16,18,0.0
287,DE_Coal,2030,1,19,21,0.0
288,DE_Coal,2030,1,22,24,0.0
289,DE_Coal,2030,2,1,3,0.0
290,DE_Coal,2030,2,4,6,0.0
291,DE_Coal,2030,2,7,9,0.0
292,DE_Coal,2030,2,10,12,0.0
293,DE_Coal,2030,2,13,15,0.0
294,DE_Coal,2030,2,16,18,0.0
295,DE_Coal,2030,2,19,21,0.0
296,DE_Coal,2030,2,22,24,0.0
297,DE_Coal,2030,3,1,3,0.0
298,DE_Coal,2030,3,4,6,0.0
299,DE_Coal,2030,3,7,9,0.0
300,DE_Coal,2030,3,10,12,0.0
301,DE_Coal,2030,3,13,15,0.0
302,DE_Coal,2030,3,16,18,0.0
303,DE_Coal,2030,3,19,21,0.0
304,DE_Coal,2030,3,22,24,0.0
305,DE_Coal,2030,4,1,3,0.0
306,DE_Coal,2030,4,4,6,0.0
307,DE_Coal,2030,4,7,9,0.0
308,DE_Coal,2030,4,10,12,0.0
309,DE_Coal,2030,4,13,15,0.0
310,DE_Coal,2030,4,16,18,0.0
311,DE_Coal,2030,4,19,21,0.0
312,DE_Coal,2030,4,22,24,0.0
313,DE_Coal,2030,5,1,3,0.0
314,DE_Coal,2030,5,4,6,0.0
315,DE_Coal,2030,5,7,9,0.0
316,DE_Coal,2030,5,10,12,0.0
317,DE_Coal,2030,5,13,15,0.0
318,DE_Coal,2030,5,16,18,0.0
319,DE_Coal,2030,5,19,21,0.0
320,DE_Coal,2030,5,22,24,0.0
321,DE_Coal,2030,6,1,3,0.0
322,DE_Coal,2030,6,4,6,0.0
323,DE_Coal,2030,6,7,9,0.0
324,DE_Coal,2030,6,10,12,0.0
325,DE_Coal,2030,6,13,15,0.0
326,DE_Coal,2030,6,16,18,0.0
327,DE_Coal,2030,6,19,21,0.0
328,DE_Coal,2030,6,22,24,0.0
329,DE_Coal,2030,7,1,3,0.0
330,DE_Coal,2030,7,4,6,0.0
331,DE_Coal,2030,7,7,9,0.0
332,DE_Coal,2030,7,10,12,0.0
333,DE_Coal,2030,7,13,15,0.0
334,DE_Coal,2030,7,16,18,0.0
335,DE_Coal,2030,7,19,21,0.0
336,DE_Coal,2030,7,22,24,0.0
337,DE_Coal,2030,8,1,3,0.0
338,DE_Coal,2030,8,4,6,0.0
339,DE_Coal,2030,8,7,9,0.0
340,DE_Coal,2030,8,10,12,0.0
341,DE_Coal,2030,8,13,15,0.0
342,DE_Coal,2030,8,16,18,0.0
343,DE_Coal,2030,8,19,21,0.0
344,DE_Coal,2030,8,22,24,0.0
345,DE_Coal,2030,9,1,3,0.0
346,DE_Coal,2030,9,4,6,0.0
347,DE_Coal,2030,9,7,9,0.0
348,DE_Coal,2030,9,10,12,0.0
349,DE_Coal,2030,9,13,15,0.0
350,DE_Coal,2030,9,16,18,0.0
351,DE_Coal,2030,9,19,21,0.0
352,DE_Coal,2030,9,22,24,0.0
353,DE_Coal,2030,10,1,3,0.0
354,DE_Coal,2030,10,4,6,0.0
355,DE_Coal,2030,10,7,9,0.0
356,DE_Coal,2030,10,10,12,0.0
357,DE_Coal,2030,10,13,15,0.0
358,DE_Coal,2030,10,16,18,0.0
359,DE_Coal,2030,10,19,21,0.0
360,DE_Coal,2030,10,22,24,0.0
361,DE_Nuclear,2030,1,1,2,0.0
362,DE_Nuclear,2030,1,5,6,0.0
363,DE_Nuclear,2030,1,9,10,0.0
364,DE_Nuclear,2030,1,13,14,0.0
365,DE_Nuclear,2030,1,17,18,0.0
366,DE_Nuclear,2030,1,21,22,0.0
367,DE_Nuclear,2030,2,1,2,0.0
368,DE_Nuclear,2030,2,5,6,0.0
369,DE_Nuclear,2030,2,9,10,0.0
370,DE_Nuclear,2030,2,13,14,0.0
371,DE_Nuclear,2030,2,17,18,0.0
372,DE_Nuclear,2030,2,21,22,0.0
373,DE_Nuclear,2030,3,1,2,0.0
374,DE_Nuclear,2030,3,5,6,0.0
375,DE_Nuclear,2030,3,9,10,0.0
376,DE_Nuclear,2030,3,13,14,0.0
377,DE_Nuclear,2030,3,17,18,0.0
378,DE_Nuclear,2030,3,21,22,0.0
379,DE_Nuclear,2030,4,1,2,0.0
380,DE_Nuclear,2030,4,5,6,0.0
381,DE_Nuclear,2030,4,9,10,0.0
382,DE_Nuclear,2030,4,13,14,0.0
383,DE_Nuclear,2030,4,17,18,0.0
384,DE_Nuclear,2030,4,21,22,0.0
385,DE_Nuclear,2030,5,1,2,0.0
386,DE_Nuclear,2030,5,5,6,0.0
387,DE_Nuclear,2030,5,9,10,0.0
388,DE_Nuclear,2030,5,13,14,0.0
389,DE_Nuclear,2030,5,17,18,0.0
390,DE_Nuclear,2030,5,21,22,0.0
391,DE_Nuclear,2030,6,1,2,0.0
392,DE_Nuclear,2030,6,5,6,0.0
393,DE_Nuclear,2030,6,9,10,0.0
394,DE_Nuclear,2030,6,13,14,0.0
395,DE_Nuclear,2030,6,17,18,0.0
396,DE_Nuclear,2030,6,21,22,0.0
397,DE_Nuclear,2030,7,1,2,0.0
398,DE_Nuclear,2030,7,5,6,0.0
399,DE_Nuclear,2030,7,9,10,0.0
400,DE_Nuclear,2030,7,13,14,0.0
401,DE_Nuclear,2030,7,17,18,0.0
402,DE_Nuclear,2030,7,21,22,0.0
403,DE_Nuclear,2030,8,1,2,0.0
404,DE_Nuclear,2030,8,5,6,0.0
405,DE_Nuclear,2030,8,9,10,0.0
406,DE_Nuclear,2030,8,13,14,0.0
407,DE_Nuclear,2030,8,17,18,0.0
408,DE_Nuclear,2030,8,21,22,0.0
409,DE_Nuclear,2030,9,1,2,0.0
410,DE_Nuclear,2030,9,5,6,0.0
411,DE_Nuclear,2030,9,9,10,0.0
412,DE_Nuclear,2030,9,13,14,0.0
413,DE_Nuclear,2030,9,17,18,0.0
414,DE_Nuclear,2030,9,21,22,0.0
415,DE_Nuclear,2030,10,1,2,0.0
416,DE_Nuclear,2030,10,5,6,0.0
417,DE_Nuclear,2030,10,9,10,0.0
418,DE_Nuclear,2030,10,13,14,0.0
419,DE_Nuclear,2030,10,17,18,0.0
420,DE_Nuclear,2030,10,21,22,0.0
421,FR_Coal,2030,1,1,3,0.0
422,FR_Coal,2030,1,4,6,0.0
423,FR_Coal,2030,1,7,9,0.0
424,FR_Coal,2030,1,10,12,0.0
425,FR_Coal,2030,1,13,15,0.0
426,FR_Coal,2030,1,16,18,0.0
427,FR_Coal,2030,1,19,21,0.0
428,FR_Coal,2030,1,22,24,0.0
429,FR_Coal,2030,2,1,3,0.0
430,FR_Coal,2030,2,4,6,0.0
431,FR_Coal,2030,2,7,9,0.0
432,FR_Coal,2030,2,10,12,0.0
433,FR_Coal,2030,2,13,15,0.0
434,FR_Coal,2030,2,16,18,0.0
435,FR_Coal,2030,2,19,21,0.0
436,FR_Coal,2030,2,22,24,0.0
437,FR_Coal,2030,3,1,3,0.0
438,FR_Coal,2030,3,4,6,0.0
439,FR_Coal,2030,3,7,9,0.0
440,FR_Coal,2030,3,10,12,0.0
441,FR_Coal,2030,3,13,15,0.0
442,FR_Coal,2030,3,16,18,0.0
443,FR_Coal,2030,3,19,21,0.0
444,FR_Coal,2030,3,22,24,0.0
445,FR_Coal,2030,4,1,3,0.0
446,FR_Coal,2030,4,4,6,0.0
447,FR_Coal,2030,4,7,9,0.0
448,FR_Coal,2030,4,10,12,0.0
449,FR_Coal,2030,4,13,15,0.0
450,FR_Coal,2030,4,16,18,0.0
451,FR_Coal,2030,4,19,21,0.0
452,FR_Coal,2030,4,22,24,0.0
453,FR_Coal,2030,5,1,3,0.0
454,FR_Coal,2030,5,4,6,0.0
455,FR_Coal,2030,5,7,9,0.0
456,FR_Coal,2030,5,10,12,0.0
457,FR_Coal,2030,5,13,15,0.0
458,FR_Coal,2030,5,16,18,0.0
459,FR_Coal,2030,5,19,21,0.0
460,FR_Coal,2030,5,22,24,0.0
461,FR_Coal,2030,6,1,3,0.0
462,FR_Coal,2030,6,4,6,0.0
463,FR_Coal,2030,6,7,9,0.0
464,FR_Coal,2030,6,10,12,0.0
465,FR_Coal,2030,6,13,15,0.0
466,FR_Coal,2030,6,16,18,0.0
467,FR_Coal,2030,6,19,21,0.0
468,FR_Coal,2030,6,22,24,0.0
469,FR_Coal,2030,7,1,3,0.0
470,FR_Coal,2030,7,4,6,0.0
471,FR_Coal,2030,7,7,9,0.0
472,FR_Coal,2030,7,10,12,0.0
473,FR_Coal,2030,7,13,15,0.0
474,FR_Coal,2030,7,16,18,0.0
475,FR_Coal,2030,7,19,21,0.0
476,FR_Coal,2030,7,22,24,0.0
477,FR_Coal,2030,8,1,3,0.0
478,FR_Coal,2030,8,4,6,0.0
479,FR_Coal,2030,8,7,9,0.0
480,FR_Coal,2030,8,10,12,0.0
481,FR_Coal,2030,8,13,15,0.0
482,FR_Coal,2030,8,16,18,0.0
483,FR_Coal,2030,8,19,21,0.0
484,FR_Coal,2030,8,22,24,0.0
485,FR_Coal,2030,9,1,3,0.0
486,FR_Coal,2030,9,4,6,0.0
487,FR_Coal,2030,9,7,9,0.0
488,FR_Coal,2030,9,10,12,0.0
489,FR_Coal,2030,9,13,15,0.0
490,FR_Coal,2030,9,16,18,0.0
491,FR_Coal,2030,9,19,21,0.0
492,FR_Coal,2030,9,22,24,0.0
493,FR_Coal,2030,10,1,3,0.0
494,FR_Coal,2030,10,4,6,0.0
495,FR_Coal,2030,10,7,9,0.0
496,FR_Coal,2030,10,10,12,0.0
497,FR_Coal,2030,10,13,15,0.0
498,FR_Coal,2030,10,16,18,0.0
499,FR_Coal,2030,10,19,21,0.0
500,FR_Coal,2030,10,22,24,0.0
501,FR_Nuclear,2030,1,1,2,0.0
502,FR_Nuclear,2030,1,5,6,0.0
503,FR_Nuclear,2030,1,9,10,0.0
504,FR_Nuclear,2030,1,13,14,0.0
505,FR_Nuclear,2030,1,17,18,0.0
506,FR_Nuclear,2030,1,21,22,0.0
507,FR_Nuclear,2030,2,1,2,0.0
508,FR_Nuclear,2030,2,5,6,0.0
509,FR_Nuclear,2030,2,9,10,0.0
510,FR_Nuclear,2030,2,13,14,0.0
511,FR_Nuclear,2030,2,17,18,0.0
512,FR_Nuclear,2030,2,21,22,0.0
513,FR_Nuclear,2030,3,1,2,0.0
514,FR_Nuclear,2030,3,5,6,0.0
515,FR_Nuclear,2030,3,9,10,0.0
516,FR_Nuclear,2030,3,13,14,0.0
517,FR_Nuclear,2030,3,17,18,0.0
518,FR_Nuclear,2030,3,21,22,0.0
519,FR_Nuclear,2030,4,1,2,0.0
520,FR_Nuclear,2030,4,5,6,0.0
521,FR_Nuclear,2030,4,9,10,0.0
522,FR_Nuclear,2030,4,13,14,0.0
523,FR_Nuclear,2030,4,17,18,0.0
524,FR_Nuclear,2030,4,21,22,0.0
525,FR_Nuclear,2030,5,1,2,0.0
526,FR_Nuclear,2030,5,5,6,0.0
527,FR_Nuclear,2030,5,9,10,0.0
528,FR_Nuclear,2030,5,13,14,0.0
529,FR_Nuclear,2030,5,17,18,0.0
530,FR_Nuclear,2030,5,21,22,0.0
531,FR_Nuclear,2030,6,1,2,0.0
532,FR_Nuclear,2030,6,5,6,0.0
533,FR_Nuclear,2030,6,9,10,0.0
534,FR_Nuclear,2030,6,13,14,0.0
535,FR_Nuclear,2030,6,17,18,0.0
536,FR_Nuclear,2030,6,21,22,0.0
537,FR_Nuclear,2030,7,1,2,0.0
538,FR_Nuclear,2030,7,5,6,0.0
539,FR_Nuclear,2030,7,9,10,0.0
540,FR_Nuclear,2030,7,13,14,0.0
541,FR_Nuclear,2030,7,17,18,0.0
542,FR_Nuclear,2030,7,21,22,0.0
543,FR_Nuclear,2030,8,1,2,0.0
544,FR_Nuclear,2030,8,5,6,0.0
545,FR_Nuclear,2030,8,9,10,0.0
546,FR_Nuclear,2030,8,13,14,0.0
547,FR_Nuclear,2030,8,17,18,0.0
548,FR_Nuclear,2030,8,21,22,0.0
549,FR_Nuclear,2030,9,1,2,0.0
550,FR_Nuclear,2030,9,5,6,0.0
551,FR_Nuclear,2030,9,9,10,0.0
552,FR_Nuclear,2030,9,13,14,0.0
553,FR_Nuclear,2030,9,17,18,0.0
554,FR_Nuclear,2030,9,21,22,0.0
555,FR_Nuclear,2030,10,1,2,0.0
556,FR_Nuclear,2030,10,5,6,0.0
557,FR_Nuclear,2030,10,9,10,0.0
558,FR_Nuclear,2030,10,13,14,0.0
559,FR_Nuclear,2030,10,17,18,0.0
560,FR_Nuclear,2030,10,21,22,0.0
561,LU_Coal,2030,1,1,3,0.0
562,LU_Coal,2030,1,4,6,0.0
563,LU_Coal,2030,1,7,9,0.0
564,LU_Coal,2030,1,10,12,0.0
565,LU_Coal,2030,1,13,15,0.0
566,LU_Coal,2030,1,16,18,0.0
567,LU_Coal,2030,1,19,21,0.0
568,LU_Coal,2030,1,22,24,0.0
569,LU_Coal,2030,2,1,3,0.0
570,LU_Coal,2030,2,4,6,0.0
571,LU_Coal,2030,2,7,9,0.0
572,LU_Coal,2030,2,10,12,0.0
573,LU_Coal,2030,2,13,15,0.0
574,LU_Coal,2030,2,16,18,0.0
575,LU_Coal,2030,2,19,21,0.0
576,LU_Coal,2030,2,22,24,0.0
577,LU_Coal,2030,3,1,3,0.0
578,LU_Coal,2030,3,4,6,0.0
579,LU_Coal,2030,3,7,9,0.0
580,LU_Coal,2030,3,10,12,0.0
581,LU_Coal,2030,3,13,15,0.0
582,LU_Coal,2030,3,16,18,0.0
583,LU_Coal,2030,3,19,21,0.0
584,LU_Coal,2030,3,22,24,0.0
585,LU_Coal,2030,4,1,3,0.0
586,LU_Coal,2030,4,4,6,0.0
587,LU_Coal,2030,4,7,9,0.0
588,LU_Coal,2030,4,10,12,0.0
589,LU_Coal,2030,4,13,15,0.0
590,LU_Coal,2030,4,16,18,0.0
591,LU_Coal,2030,4,19,21,0.0
592,LU_Coal,2030,4,22,24,0.0
593,LU_Coal,2030,5,1,3,0.0
594,LU_Coal,2030,5,4,6,0.0
595,LU_Coal,2030,5,7,9,0.0
596,LU_Coal,2030,5,10,12,0.0
597,LU_Coal,2030,5,13,15,0.0
598,LU_Coal,2030,5,16,18,0.0
599,LU_Coal,2030,5,19,21,0.0
600,LU_Coal,2030,5,22,24,0.0
601,LU_Coal,2030,6,1,3,0.0
602,LU_Coal,2030,6,4,6,0.0
603,LU_Coal,2030,6,7,9,0.0
604,LU_Coal,2030,6,10,12,0.0
605,LU_Coal,2030,6,13,15,0.0
606,LU_Coal,2030,6,16,18,0.0
607,LU_Coal,2030,6,19,21,0.0
608,LU_Coal,2030,6,22,24,0.0
609,LU_Coal,2030,7,1,3,0.0
610,LU_Coal,2030,7,4,6,0.0
611,LU_Coal,2030,7,7,9,0.0
612,LU_Coal,2030,7,10,12,0.0
613,LU_Coal,2030,7,13,15,0.0
614,LU_Coal,2030,7,16,18,0.0
615,LU_Coal,2030,7,19,21,0.0
616,LU_Coal,2030,7,22,24,0.0
617,LU_Coal,2030,8,1,3,0.0
618,LU_Coal,2030,8,4,6,0.0
619,LU_Coal,2030,8,7,9,0.0
620,LU_Coal,2030,8,10,12,0.0
621,LU_Coal,2030,8,13,15,0.0
622,LU_Coal,2030,8,16,18,0.0
623,LU_Coal,2030,8,19,21,0.0
624,LU_Coal,2030,8,22,24,0.0
625,LU_Coal,2030,9,1,3,0.0
626,LU_Coal,2030,9,4,6,0.0
627,LU_Coal,2030,9,7,9,0.0
628,LU_Coal,2030,9,10,12,0.0
629,LU_Coal,2030,9,13,15,0.0
630,LU_Coal,2030,9,16,18,0.0
631,LU_Coal,2030,9,19,21,0.0
632,LU_Coal,2030,9,22,24,0.0
633,LU_Coal,2030,10,1,3,0.0
634,LU_Coal,2030,10,4,6,0.0
635,LU_Coal,2030,10,7,9,0.0
636,LU_Coal,2030,10,10,12,0.0
637,LU_Coal,2030,10,13,15,0.0
638,LU_Coal,2030,10,16,18,0.0
639,LU_Coal,2030,10,19,21,0.0
640,LU_Coal,2030,10,22,24,0.0
641,LU_Nuclear,2030,1,1,2,0.0
642,LU_Nuclear,2030,1,5,6,0.0
643,LU_Nuclear,2030,1,9,10,0.0
644,LU_Nuclear,2030,1,13,14,0.0
645,LU_Nuclear,2030,1,17,18,0.0
646,LU_Nuclear,2030,1,21,22,0.0
647,LU_Nuclear,2030,2,1,2,0.0
648,LU_Nuclear,2030,2,5,6,0.0
649,LU_Nuclear,2030,2,9,10,0.0
650,LU_Nuclear,2030,2,13,14,0.0
651,LU_Nuclear,2030,2,17,18,0.0
652,LU_Nuclear,2030,2,21,22,0.0
653,LU_Nuclear,2030,3,1,2,0.0
654,LU_Nuclear,2030,3,5,6,0.0
655,LU_Nuclear,2030,3,9,10,0.0
656,LU_Nuclear,2030,3,13,14,0.0
657,LU_Nuclear,2030,3,17,18,0.0
658,LU_Nuclear,2030,3,21,22,0.0
659,LU_Nuclear,2030,4,1,2,0.0
660,LU_Nuclear,2030,4,5,6,0.0
661,LU_Nuclear,2030,4,9,10,0.0
662,LU_Nuclear,2030,4,13,14,0.0
663,LU_Nuclear,2030,4,17,18,0.0
664,LU_Nuclear,2030,4,21,22,0.0
665,LU_Nuclear,2030,5,1,2,0.0
666,LU_Nuclear,2030,5,5,6,0.0
667,LU_Nuclear,2030,5,9,10,0.0
668,LU_Nuclear,2030,5,13,14,0.0
669,LU_Nuclear,2030,5,17,18,0.0
670,LU_Nuclear,2030,5,21,22,0.0
671,LU_Nuclear,2030,6,1,2,0.0
672,LU_Nuclear,2030,6,5,6,0.0
673,LU_Nuclear,2030,6,9,10,0.0
674,LU_Nuclear,2030,6,13,14,0.0
675,LU_Nuclear,2030,6,17,18,0.0
676,LU_Nuclear,2030,6,21,22,0.0
677,LU_Nuclear,2030,7,1,2,0.0
678,LU_Nuclear,2030,7,5,6,0.0
679,LU_Nuclear,2030,7,9,10,0.0
680,LU_Nuclear,2030,7,13,14,0.0
681,LU_Nuclear,2030,7,17,18,0.0
682,LU_Nuclear,2030,7,21,22,0.0
683,LU_Nuclear,2030,8,1,2,0.0
684,LU_Nuclear,2030,8,5,6,0.0
685,LU_Nuclear,2030,8,9,10,0.0
686,LU_Nuclear,2030,8,13,14,0.0
687,LU_Nuclear,2030,8,17,18,0.0
688,LU_Nuclear,2030,8,21,22,0.0
689,LU_Nuclear,2030,9,1,2,0.0
690,LU_Nuclear,2030,9,5,6,0.0
691,LU_Nuclear,2030,9,9,10,0.0
692,LU_Nuclear,2030,9,13,14,0.0
693,LU_Nuclear,2030,9,17,18,0.0
694,LU_Nuclear,2030,9,21,22,0.0
695,LU_Nuclear,2030,10,1,2,0.0
696,LU_Nuclear,2030,10,5,6,0.0
697,LU_Nuclear,2030,10,9,10,0.0
698,LU_Nuclear,2030,10,13,14,0.0
699,LU_Nuclear,2030,10,17,18,0.0
700,LU_Nuclear,2030,10,21,22,0.0
701,NL_Coal,2030,1,1,3,0.0
702,NL_Coal,2030,1,4,6,0.0
703,NL_Coal,2030,1,7,9,0.0
704,NL_Coal,2030,1,10,12,0.0
705,NL_Coal,2030,1,13,15,0.0
706,NL_Coal,2030,1,16,18,0.0
707,NL_Coal,2030,1,19,21,0.0
708,NL_Coal,2030,1,22,24,0.0
709,NL_Coal,2030,2,1,3,0.0
710,NL_Coal,2030,2,4,6,0.0
711,NL_Coal,2030,2,7,9,0.0
712,NL_Coal,2030,2,10,12,0.0
713,NL_Coal,2030,2,13,15,0.0
714,NL_Coal,2030,2,16,18,0.0
715,NL_Coal,2030,2,19,21,0.0
716,NL_Coal,2030,2,22,24,0.0
717,NL_Coal,2030,3,1,3,0.0
718,NL_Coal,2030,3,4,6,0.0
719,NL_Coal,2030,3,7,9,0.0
720,NL_Coal,2030,3,10,12,0.0
721,NL_Coal,2030,3,13,15,0.0
722,NL_Coal,2030,3,16,18,0.0
723,NL_Coal,2030,3,19,21,0.0
724,NL_Coal,2030,3,22,24,0.0
725,NL_Coal,2030,4,1,3,0.0
726,NL_Coal,2030,4,4,6,0.0
727,NL_Coal,2030,4,7,9,0.0
728,NL_Coal,2030,4,10,12,0.0
729,NL_Coal,2030,4,13,15,0.0
730,NL_Coal,2030,4,16,18,0.0
731,NL_Coal,2030,4,19,21,0.0
732,NL_Coal,2030,4,22,24,0.0
733,NL_Coal,2030,5,1,3,0.0
734,NL_Coal,2030,5,4,6,0.0
735,NL_Coal,2030,5,7,9,0.0
736,NL_Coal,2030,5,10,12,0.0
737,NL_Coal,2030,5,13,15,0.0
738,NL_Coal,2030,5,16,18,0.0
739,NL_Coal,2030,5,19,21,0.0
740,NL_Coal,2030,5,22,24,0.0
741,NL_Coal,2030,6,1,3,0.0
742,NL_Coal,2030,6,4,6,0.0
743,NL_Coal,2030,6,7,9,0.0
744,NL_Coal,2030,6,10,12,0.0
745,NL_Coal,2030,6,13,15,0.0
746,NL_Coal,2030,6,16,18,0.0
747,NL_Coal,2030,6,19,21,0.0
748,NL_Coal,2030,6,22,24,0.0
749,NL_Coal,2030,7,1,3,0.0
750,NL_Coal,2030,7,4,6,0.0
751,NL_Coal,2030,7,7,9,0.0
752,NL_Coal,2030,7,10,12,0.0
753,NL_Coal,2030,7,13,15,0.0
754,NL_Coal,2030,7,16,18,0.0
755,NL_Coal,2030,7,19,21,0.0
756,NL_Coal,2030,7,22,24,0.0
757,NL_Coal,2030,8,1,3,0.0
758,NL_Coal,2030,8,4,6,0.0
759,NL_Coal,2030,8,7,9,0.0
760,NL_Coal,2030,8,10,12,0.0
761,NL_Coal,2030,8,13,15,0.0
762,NL_Coal,2030,8,16,18,0.0
763,NL_Coal,2030,8,19,21,0.0
764,NL_Coal,2030,8,22,24,0.0
765,NL_Coal,2030,9,1,3,0.0
766,NL_Coal,2030,9,4,6,0.0
767,NL_Coal,2030,9,7,9,0.0
768,NL_Coal,2030,9,10,12,0.0
769,NL_Coal,2030,9,13,15,0.0
770,NL_Coal,2030,9,16,18,0.0
771,NL_Coal,2030,9,19,21,0.0
772,NL_Coal,2030,9,22,24,0.0
773,NL_Coal,2030,10,1,3,0.0
774,NL_Coal,2030,10,4,6,0.0
775,NL_Coal,2030,10,7,9,0.0
776,NL_Coal,2030,10,10,12,0.0
777,NL_Coal,2030,10,13,15,0.0
778,NL_Coal,2030,10,16,18,0.0
779,NL_Coal,2030,10,19,21,0.0
780,NL_Coal,2030,10,22,24,0.0
781,NL_Nuclear,2030,1,1,2,0.0
782,NL_Nuclear,2030,1,5,6,0.0
783,NL_Nuclear,2030,1,9,10,0.0
784,NL_Nuclear,2030,1,13,14,0.0
785,NL_Nuclear,2030,1,17,18,0.0
786,NL_Nuclear,2030,1,21,22,0.0
787,NL_Nuclear,2030,2,1,2,0.0
788,NL_Nuclear,2030,2,5,6,0.0
789,NL_Nuclear,2030,2,9,10,0.0
790,NL_Nuclear,2030,2,13,14,0.0
791,NL_Nuclear,2030,2,17,18,0.0
792,NL_Nuclear,2030,2,21,22,0.0
793,NL_Nuclear,2030,3,1,2,0.0
794,NL_Nuclear,2030,3,5,6,0.0
795,NL_Nuclear,2030,3,9,10,0.0
796,NL_Nuclear,2030,3,13,14,0.0
797,NL_Nuclear,2030,3,17,18,0.0
798,NL_Nuclear,2030,3,21,22,0.0
799,NL_Nuclear,2030,4,1,2,0.0
800,NL_Nuclear,2030,4,5,6,0.0
801,NL_Nuclear,2030,4,9,10,0.0
802,NL_Nuclear,2030,4,13,14,0.0
803,NL_Nuclear,2030,4,17,18,0.0
804,NL_Nuclear,2030,4,21,22,0.0
805,NL_Nuclear,2030,5,1,2,0.0
806,NL_Nuclear,2030,5,5,6,0.0
807,NL_Nuclear,2030,5,9,10,0.0
808,NL_Nuclear,2030,5,13,14,0.0
809,NL_Nuclear,2030,5,17,18,0.0
810,NL_Nuclear,2030,5,21,22,0.0
811,NL_Nuclear,2030,6,1,2,0.0
812,NL_Nuclear,2030,6,5,6,0.0
813,NL_Nuclear,2030,6,9,10,0.0
814,NL_Nuclear,2030,6,13,14,0.0
815,NL_Nuclear,2030,6,17,18,0.0
816,NL_Nuclear,2030,6,21,22,0.0
817,NL_Nuclear,2030,7,1,2,0.0
818,NL_Nuclear,2030,7,5,6,0.0
819,NL_Nuclear,2030,7,9,10,0.0
820,NL_Nuclear,2030,7,13,14,0.0
821,NL_Nuclear,2030,7,17,18,0.0
822,NL_Nuclear,2030,7,21,22,0.0
823,NL_Nuclear,2030,8,1,2,0.0
824,NL_Nuclear,2030,8,5,6,0.0
825,NL_Nuclear,2030,8,9,10,0.0
826,NL_Nuclear,2030,8,13,14,0.0
827,NL_Nuclear,2030,8,17,18,0.0
828,NL_Nuclear,2030,8,21,22,0.0
829,NL_Nuclear,2030,9,1,2,0.0
830,NL_Nuclear,2030,9,5,6,0.0
831,NL_Nuclear,2030,9,9,10,0.0
832,NL_Nuclear,2030,9,13,14,0.0
833,NL_Nuclear,2030,9,17,18,0.0
834,NL_Nuclear,2030,9,21,22,0.0
835,NL_Nuclear,2030,10,1,2,0.0
836,NL_Nuclear,2030,10,5,6,0.0
837,NL_Nuclear,2030,10,9,10,0.0
838,NL_Nuclear,2030,10,13,14,0.0
839,NL_Nuclear,2030,10,17,18,0.0
840,NL_Nuclear,2030,10,21,22,0.0
841,UK_Coal,2030,1,1,3,0.0
842,UK_Coal,2030,1,4,6,0.0
843,UK_Coal,2030,1,7,9,0.0
844,UK_Coal,2030,1,10,12,0.0
845,UK_Coal,2030,1,13,15,0.0
846,UK_Coal,2030,1,16,18,0.0
847,UK_Coal,2030,1,19,21,0.0
848,UK_Coal,2030,1,22,24,0.0
849,UK_Coal,2030,2,1,3,0.0
850,UK_Coal,2030,2,4,6,0.0
851,UK_Coal,2030,2,7,9,0.0
852,UK_Coal,2030,2,10,12,0.0
853,UK_Coal,2030,2,13,15,0.0
854,UK_Coal,2030,2,16,18,0.0
855,UK_Coal,2030,2,19,21,0.0
856,UK_Coal,2030,2,22,24,0.0
857,UK_Coal,2030,3,1,3,0.0
858,UK_Coal,2030,3,4,6,0.0
859,UK_Coal,2030,3,7,9,0.0
860,UK_Coal,2030,3,10,12,0.0
861,UK_Coal,2030,3,13,15,0.0
862,UK_Coal,2030,3,16,18,0.0
863,UK_Coal,2030,3,19,21,0.0
864,UK_Coal,2030,3,22,24,0.0
865,UK_Coal,2030,4,1,3,0.0
866,UK_Coal,2030,4,4,6,0.0
867,UK_Coal,2030,4,7,9,0.0
868,UK_Coal,2030,4,10,12,0.0
869,UK_Coal,2030,4,13,15,0.0
870,UK_Coal,2030,4,16,18,0.0
871,UK_Coal,2030,4,19,21,0.0
872,UK_Coal,2030,4,22,24,0.0
873,UK_Coal,2030,5,1,3,0.0
874,UK_Coal,2030,5,4,6,0.0
875,UK_Coal,2030,5,7,9,0.0
876,UK_Coal,2030,5,10,12,0.0
877,UK_Coal,2030,5,13,15,0.0
878,UK_Coal,2030,5,16,18,0.0
879,UK_Coal,2030,5,19,21,0.0
880,UK_Coal,2030,5,22,24,0.0
881,UK_Coal,2030,6,1,3,0.0
882,UK_Coal,2030,6,4,6,0.0
883,UK_Coal,2030,6,7,9,0.0
884,UK_Coal,2030,6,10,12,0.0
885,UK_Coal,2030,6,13,15,0.0
886,UK_Coal,2030,6,16,18,0.0
887,UK_Coal,2030,6,19,21,0.0
888,UK_Coal,2030,6,22,24,0.0
889,UK_Coal,2030,7,1,3,0.0
890,UK_Coal,2030,7,4,6,0.0
891,UK_Coal,2030,7,7,9,0.0
892,UK_Coal,2030,7,10,12,0.0
893,UK_Coal,2030,7,13,15,0.0
894,UK_Coal,2030,7,16,18,0.0
895,UK_Coal,2030,7,19,21,0.0
896,UK_Coal,2030,7,22,24,0.0
897,UK_Coal,2030,8,1,3,0.0
898,UK_Coal,2030,8,4,6,0.0
899,UK_Coal,2030,8,7,9,0.0
900,UK_Coal,2030,8,10,12,0.0
901,UK_Coal,2030,8,13,15,0.0
902,UK_Coal,2030,8,16,18,0.0
903,UK_Coal,2030,8,19,21,0.0
904,UK_Coal,2030,8,22,24,0.0
905,UK_Coal,2030,9,1,3,0.0
906,UK_Coal,2030,9,4,6,0.0
907,UK_Coal,2030,9,7,9,0.0
908,UK_Coal,2030,9,10,12,0.0
909,UK_Coal,2030,9,13,15,0.0
910,UK_Coal,2030,9,16,18,0.0
911,UK_Coal,2030,9,19,21,0.0
912,UK_Coal,2030,9,22,24,0.0
913,UK_Coal,2030,10,1,3,0.0
914,UK_Coal,2030,10,4,6,0.0
915,UK_Coal,2030,10,7,9,0.0
916,UK_Coal,2030,10,10,12,0.0
917,UK_Coal,2030,10,13,15,0.0
918,UK_Coal,2030,10,16,18,0.0
919,UK_Coal,2030,10,19,21,0.0
920,UK_Coal,2030,10,22,24,0.0
921,UK_Nuclear,2030,1,1,2,0.0
922,UK_Nuclear,2030,1,5,6,0.0
923,UK_Nuclear,2030,1,9,10,0.0
924,UK_Nuclear,2030,1,13,14,0.0
925,UK_Nuclear,2030,1,17,18,0.0
926,UK_Nuclear,2030,1,21,22,0.0
927,UK_Nuclear,2030,2,1,2,0.0
928,UK_Nuclear,2030,2,5,6,0.0
929,UK_Nuclear,2030,2,9,10,0.0
930,UK_Nuclear,2030,2,13,14,0.0
931,UK_Nuclear,2030,2,17,18,0.0
932,UK_Nuclear,2030,2,21,22,0.0
933,UK_Nuclear,2030,3,1,2,0.0
934,UK_Nuclear,2030,3,5,6,0.0
935,UK_Nuclear,2030,3,9,10,0.0
936,UK_Nuclear,2030,3,13,14,0.0
937,UK_Nuclear,2030,3,17,18,0.0
938,UK_Nuclear,2030,3,21,22,0.0
939,UK_Nuclear,2030,4,1,2,0.0
940,UK_Nuclear,2030,4,5,6,0.0
941,UK_Nuclear,2030,4,9,10,0.0
942,UK_Nuclear,2030,4,13,14,0.0
943,UK_Nuclear,2030,4,17,18,0.0
944,UK_Nuclear,2030,4,21,22,0.0
945,UK_Nuclear,2030,5,1,2,0.0
946,UK_Nuclear,2030,5,5,6,0.0
947,UK_Nuclear,2030,5,9,10,0.0
948,UK_Nuclear,2030,5,13,14,0.0
949,UK_Nuclear,2030,5,17,18,0.0
950,UK_Nuclear,2030,5,21,22,0.0
951,UK_Nuclear,2030,6,1,2,0.0
952,UK_Nuclear,2030,6,5,6,0.0
953,UK_Nuclear,2030,6,9,10,0.0
954,UK_Nuclear,2030,6,13,14,0.0
955,UK_Nuclear,2030,6,17,18,0.0
956,UK_Nuclear,2030,6,21,22,0.0
957,UK_Nuclear,2030,7,1,2,0.0
958,UK_Nuclear,2030,7,5,6,0.0
959,UK_Nuclear,2030,7,9,10,0.0
960,UK_Nuclear,2030,7,13,14,0.0
961,UK_Nuclear,2030,7,17,18,0.0
962,UK_Nuclear,2030,7,21,22,0.0
963,UK_Nuclear,2030,8,1,2,0.0
964,UK_Nuclear,2030,8,5,6,0.0
965,UK_Nuclear,2030,8,9,10,0.0
966,UK_Nuclear,2030,8,13,14,0.0
967,UK_Nuclear,2030,8,17,18,0.0
968,UK_Nuclear,2030,8,21,22,0.0
969,UK_Nuclear,2030,9,1,2,0.0
970,UK_Nuclear,2030,9,5,6,0.0
971,UK_Nuclear,2030,9,9,10,0.0
972,UK_Nuclear,2030,9,13,14,0.0
973,UK_Nuclear,2030,9,17,18,0.0
974,UK_Nuclear,2030,9,21,22,0.0
975,UK_Nuclear,2030,10,1,2,0.0
976,UK_Nuclear,2030,10,5,6,0.0
977,UK_Nuclear,2030,10,9,10,0.0
978,UK_Nuclear,2030,10,13,14,0.0
979,UK_Nuclear,2030,10,17,18,0.0
980,UK_Nuclear,2030,10,21,22,0.0
