id,asset,year,rep_period,time_block_start,time_block_end,unit_commitment_integer,solution
1,BE_CCGT,2030,1,1,2,true,-0.0
2,BE_CCGT,2030,1,3,4,true,-0.0
3,BE_CCGT,2030,1,5,6,true,-0.0
4,BE_CCGT,2030,1,7,8,true,-0.0
5,BE_CCGT,2030,1,9,10,true,-0.0
6,BE_CCGT,2030,1,11,12,true,-0.0
7,BE_CCGT,2030,1,13,14,true,-0.0
8,BE_CCGT,2030,1,15,16,true,-0.0
9,BE_CCGT,2030,1,17,18,true,-0.0
10,BE_CCGT,2030,1,19,20,true,-0.0
11,BE_CCGT,2030,1,21,22,true,-0.0
12,BE_CCGT,2030,1,23,24,true,-0.0
13,BE_CCGT,2030,2,1,2,true,-0.0
14,BE_CCGT,2030,2,3,4,true,-0.0
15,BE_CCGT,2030,2,5,6,true,-0.0
16,BE_CCGT,2030,2,7,8,true,-0.0
17,BE_CCGT,2030,2,9,10,true,-0.0
18,BE_CCGT,2030,2,11,12,true,-0.0
19,BE_CCGT,2030,2,13,14,true,-0.0
20,BE_CCGT,2030,2,15,16,true,-0.0
21,BE_CCGT,2030,2,17,18,true,-0.0
22,BE_CCGT,2030,2,19,20,true,-0.0
23,BE_CCGT,2030,2,21,22,true,-0.0
24,BE_CCGT,2030,2,23,24,true,-0.0
25,BE_CCGT,2030,3,1,2,true,-0.0
26,BE_CCGT,2030,3,3,4,true,-0.0
27,BE_CCGT,2030,3,5,6,true,-0.0
28,BE_CCGT,2030,3,7,8,true,-0.0
29,BE_CCGT,2030,3,9,10,true,-0.0
30,BE_CCGT,2030,3,11,12,true,-0.0
31,BE_CCGT,2030,3,13,14,true,-0.0
32,BE_CCGT,2030,3,15,16,true,-0.0
33,BE_CCGT,2030,3,17,18,true,-0.0
34,BE_CCGT,2030,3,19,20,true,-0.0
35,BE_CCGT,2030,3,21,22,true,-0.0
36,BE_CCGT,2030,3,23,24,true,-0.0
37,BE_CCGT,2030,4,1,2,true,-0.0
38,BE_CCGT,2030,4,3,4,true,-0.0
39,BE_CCGT,2030,4,5,6,true,-0.0
40,BE_CCGT,2030,4,7,8,true,-0.0
41,BE_CCGT,2030,4,9,10,true,-0.0
42,BE_CCGT,2030,4,11,12,true,-0.0
43,BE_CCGT,2030,4,13,14,true,-0.0
44,BE_CCGT,2030,4,15,16,true,-0.0
45,BE_CCGT,2030,4,17,18,true,-0.0
46,BE_CCGT,2030,4,19,20,true,-0.0
47,BE_CCGT,2030,4,21,22,true,-0.0
48,BE_CCGT,2030,4,23,24,true,-0.0
49,BE_CCGT,2030,5,1,2,true,-0.0
50,BE_CCGT,2030,5,3,4,true,-0.0
51,BE_CCGT,2030,5,5,6,true,-0.0
52,BE_CCGT,2030,5,7,8,true,-0.0
53,BE_CCGT,2030,5,9,10,true,-0.0
54,BE_CCGT,2030,5,11,12,true,-0.0
55,BE_CCGT,2030,5,13,14,true,-0.0
56,BE_CCGT,2030,5,15,16,true,-0.0
57,BE_CCGT,2030,5,17,18,true,-0.0
58,BE_CCGT,2030,5,19,20,true,-0.0
59,BE_CCGT,2030,5,21,22,true,-0.0
60,BE_CCGT,2030,5,23,24,true,-0.0
61,BE_CCGT,2030,6,1,2,true,-0.0
62,BE_CCGT,2030,6,3,4,true,-0.0
63,BE_CCGT,2030,6,5,6,true,-0.0
64,BE_CCGT,2030,6,7,8,true,-0.0
65,BE_CCGT,2030,6,9,10,true,-0.0
66,BE_CCGT,2030,6,11,12,true,-0.0
67,BE_CCGT,2030,6,13,14,true,-0.0
68,BE_CCGT,2030,6,15,16,true,-0.0
69,BE_CCGT,2030,6,17,18,true,-0.0
70,BE_CCGT,2030,6,19,20,true,-0.0
71,BE_CCGT,2030,6,21,22,true,-0.0
72,BE_CCGT,2030,6,23,24,true,-0.0
73,BE_CCGT,2030,7,1,2,true,-0.0
74,BE_CCGT,2030,7,3,4,true,-0.0
75,BE_CCGT,2030,7,5,6,true,-0.0
76,BE_CCGT,2030,7,7,8,true,-0.0
77,BE_CCGT,2030,7,9,10,true,-0.0
78,BE_CCGT,2030,7,11,12,true,-0.0
79,BE_CCGT,2030,7,13,14,true,-0.0
80,BE_CCGT,2030,7,15,16,true,-0.0
81,BE_CCGT,2030,7,17,18,true,0.0
82,BE_CCGT,2030,7,19,20,true,0.0
83,BE_CCGT,2030,7,21,22,true,0.0
84,BE_CCGT,2030,7,23,24,true,0.0
85,BE_CCGT,2030,8,1,2,true,0.0
86,BE_CCGT,2030,8,3,4,true,0.0
87,BE_CCGT,2030,8,5,6,true,0.0
88,BE_CCGT,2030,8,7,8,true,0.0
89,BE_CCGT,2030,8,9,10,true,0.0
90,BE_CCGT,2030,8,11,12,true,0.0
91,BE_CCGT,2030,8,13,14,true,0.0
92,BE_CCGT,2030,8,15,16,true,0.0
93,BE_CCGT,2030,8,17,18,true,0.0
94,BE_CCGT,2030,8,19,20,true,0.0
95,BE_CCGT,2030,8,21,22,true,0.0
96,BE_CCGT,2030,8,23,24,true,0.0
97,BE_CCGT,2030,9,1,2,true,0.0
98,BE_CCGT,2030,9,3,4,true,0.0
99,BE_CCGT,2030,9,5,6,true,0.0
100,BE_CCGT,2030,9,7,8,true,0.0
101,BE_CCGT,2030,9,9,10,true,0.0
102,BE_CCGT,2030,9,11,12,true,0.0
103,BE_CCGT,2030,9,13,14,true,0.0
104,BE_CCGT,2030,9,15,16,true,0.0
105,BE_CCGT,2030,9,17,18,true,0.0
106,BE_CCGT,2030,9,19,20,true,0.0
107,BE_CCGT,2030,9,21,22,true,0.0
108,BE_CCGT,2030,9,23,24,true,0.0
109,BE_CCGT,2030,10,1,2,true,0.0
110,BE_CCGT,2030,10,3,4,true,0.0
111,BE_CCGT,2030,10,5,6,true,0.0
112,BE_CCGT,2030,10,7,8,true,0.0
113,BE_CCGT,2030,10,9,10,true,0.0
114,BE_CCGT,2030,10,11,12,true,0.0
115,BE_CCGT,2030,10,13,14,true,0.0
116,BE_CCGT,2030,10,15,16,true,0.0
117,BE_CCGT,2030,10,17,18,true,0.0
118,BE_CCGT,2030,10,19,20,true,0.0
119,BE_CCGT,2030,10,21,22,true,0.0
120,BE_CCGT,2030,10,23,24,true,0.0
121,BE_Coal,2030,1,1,3,true,0.0
122,BE_Coal,2030,1,4,6,true,0.0
123,BE_Coal,2030,1,7,9,true,0.0
124,BE_Coal,2030,1,10,12,true,0.0
125,BE_Coal,2030,1,13,15,true,0.0
126,BE_Coal,2030,1,16,18,true,0.0
127,BE_Coal,2030,1,19,21,true,0.0
128,BE_Coal,2030,1,22,24,true,0.0
129,BE_Coal,2030,2,1,3,true,0.0
130,BE_Coal,2030,2,4,6,true,0.0
131,BE_Coal,2030,2,7,9,true,0.0
132,BE_Coal,2030,2,10,12,true,0.0
133,BE_Coal,2030,2,13,15,true,0.0
134,BE_Coal,2030,2,16,18,true,0.0
135,BE_Coal,2030,2,19,21,true,0.0
136,BE_Coal,2030,2,22,24,true,0.0
137,BE_Coal,2030,3,1,3,true,0.0
138,BE_Coal,2030,3,4,6,true,0.0
139,BE_Coal,2030,3,7,9,true,0.0
140,BE_Coal,2030,3,10,12,true,0.0
141,BE_Coal,2030,3,13,15,true,-0.0
142,BE_Coal,2030,3,16,18,true,-0.0
143,BE_Coal,2030,3,19,21,true,-0.0
144,BE_Coal,2030,3,22,24,true,-0.0
145,BE_Coal,2030,4,1,3,true,-0.0
146,BE_Coal,2030,4,4,6,true,-0.0
147,BE_Coal,2030,4,7,9,true,-0.0
148,BE_Coal,2030,4,10,12,true,-0.0
149,BE_Coal,2030,4,13,15,true,-0.0
150,BE_Coal,2030,4,16,18,true,-0.0
151,BE_Coal,2030,4,19,21,true,-0.0
152,BE_Coal,2030,4,22,24,true,-0.0
153,BE_Coal,2030,5,1,3,true,-0.0
154,BE_Coal,2030,5,4,6,true,-0.0
155,BE_Coal,2030,5,7,9,true,-0.0
156,BE_Coal,2030,5,10,12,true,-0.0
157,BE_Coal,2030,5,13,15,true,-0.0
158,BE_Coal,2030,5,16,18,true,-0.0
159,BE_Coal,2030,5,19,21,true,-0.0
160,BE_Coal,2030,5,22,24,true,-0.0
161,BE_Coal,2030,6,1,3,true,-0.0
162,BE_Coal,2030,6,4,6,true,-0.0
163,BE_Coal,2030,6,7,9,true,-0.0
164,BE_Coal,2030,6,10,12,true,-0.0
165,BE_Coal,2030,6,13,15,true,-0.0
166,BE_Coal,2030,6,16,18,true,-0.0
167,BE_Coal,2030,6,19,21,true,-0.0
168,BE_Coal,2030,6,22,24,true,-0.0
169,BE_Coal,2030,7,1,3,true,-0.0
170,BE_Coal,2030,7,4,6,true,-0.0
171,BE_Coal,2030,7,7,9,true,-0.0
172,BE_Coal,2030,7,10,12,true,-0.0
173,BE_Coal,2030,7,13,15,true,-0.0
174,BE_Coal,2030,7,16,18,true,-0.0
175,BE_Coal,2030,7,19,21,true,-0.0
176,BE_Coal,2030,7,22,24,true,-0.0
177,BE_Coal,2030,8,1,3,true,-0.0
178,BE_Coal,2030,8,4,6,true,-0.0
179,BE_Coal,2030,8,7,9,true,-0.0
180,BE_Coal,2030,8,10,12,true,-0.0
181,BE_Coal,2030,8,13,15,true,-0.0
182,BE_Coal,2030,8,16,18,true,-0.0
183,BE_Coal,2030,8,19,21,true,-0.0
184,BE_Coal,2030,8,22,24,true,-0.0
185,BE_Coal,2030,9,1,3,true,-0.0
186,BE_Coal,2030,9,4,6,true,-0.0
187,BE_Coal,2030,9,7,9,true,-0.0
188,BE_Coal,2030,9,10,12,true,-0.0
189,BE_Coal,2030,9,13,15,true,-0.0
190,BE_Coal,2030,9,16,18,true,-0.0
191,BE_Coal,2030,9,19,21,true,-0.0
192,BE_Coal,2030,9,22,24,true,-0.0
193,BE_Coal,2030,10,1,3,true,-0.0
194,BE_Coal,2030,10,4,6,true,-0.0
195,BE_Coal,2030,10,7,9,true,-0.0
196,BE_Coal,2030,10,10,12,true,-0.0
197,BE_Coal,2030,10,13,15,true,-0.0
198,BE_Coal,2030,10,16,18,true,-0.0
199,BE_Coal,2030,10,19,21,true,-0.0
200,BE_Coal,2030,10,22,24,true,-0.0
201,BE_Nuclear,2030,1,1,4,true,0.0
202,BE_Nuclear,2030,1,5,8,true,0.0
203,BE_Nuclear,2030,1,9,12,true,0.0
204,BE_Nuclear,2030,1,13,16,true,0.0
205,BE_Nuclear,2030,1,17,20,true,0.0
206,BE_Nuclear,2030,1,21,24,true,0.0
207,BE_Nuclear,2030,2,1,4,true,0.0
208,BE_Nuclear,2030,2,5,8,true,0.0
209,BE_Nuclear,2030,2,9,12,true,0.0
210,BE_Nuclear,2030,2,13,16,true,0.0
211,BE_Nuclear,2030,2,17,20,true,0.0
212,BE_Nuclear,2030,2,21,24,true,0.0
213,BE_Nuclear,2030,3,1,4,true,0.0
214,BE_Nuclear,2030,3,5,8,true,0.0
215,BE_Nuclear,2030,3,9,12,true,0.0
216,BE_Nuclear,2030,3,13,16,true,0.0
217,BE_Nuclear,2030,3,17,20,true,0.0
218,BE_Nuclear,2030,3,21,24,true,0.0
219,BE_Nuclear,2030,4,1,4,true,0.0
220,BE_Nuclear,2030,4,5,8,true,0.0
221,BE_Nuclear,2030,4,9,12,true,0.0
222,BE_Nuclear,2030,4,13,16,true,0.0
223,BE_Nuclear,2030,4,17,20,true,0.0
224,BE_Nuclear,2030,4,21,24,true,0.0
225,BE_Nuclear,2030,5,1,4,true,0.0
226,BE_Nuclear,2030,5,5,8,true,0.0
227,BE_Nuclear,2030,5,9,12,true,0.0
228,BE_Nuclear,2030,5,13,16,true,0.0
229,BE_Nuclear,2030,5,17,20,true,0.0
230,BE_Nuclear,2030,5,21,24,true,0.0
231,BE_Nuclear,2030,6,1,4,true,0.0
232,BE_Nuclear,2030,6,5,8,true,0.0
233,BE_Nuclear,2030,6,9,12,true,0.0
234,BE_Nuclear,2030,6,13,16,true,0.0
235,BE_Nuclear,2030,6,17,20,true,0.0
236,BE_Nuclear,2030,6,21,24,true,0.0
237,BE_Nuclear,2030,7,1,4,true,0.0
238,BE_Nuclear,2030,7,5,8,true,0.0
239,BE_Nuclear,2030,7,9,12,true,0.0
240,BE_Nuclear,2030,7,13,16,true,0.0
241,BE_Nuclear,2030,7,17,20,true,0.0
242,BE_Nuclear,2030,7,21,24,true,0.0
243,BE_Nuclear,2030,8,1,4,true,0.0
244,BE_Nuclear,2030,8,5,8,true,0.0
245,BE_Nuclear,2030,8,9,12,true,0.0
246,BE_Nuclear,2030,8,13,16,true,0.0
247,BE_Nuclear,2030,8,17,20,true,0.0
248,BE_Nuclear,2030,8,21,24,true,0.0
249,BE_Nuclear,2030,9,1,4,true,0.0
250,BE_Nuclear,2030,9,5,8,true,0.0
251,BE_Nuclear,2030,9,9,12,true,0.0
252,BE_Nuclear,2030,9,13,16,true,0.0
253,BE_Nuclear,2030,9,17,20,true,0.0
254,BE_Nuclear,2030,9,21,24,true,0.0
255,BE_Nuclear,2030,10,1,4,true,0.0
256,BE_Nuclear,2030,10,5,8,true,0.0
257,BE_Nuclear,2030,10,9,12,true,0.0
258,BE_Nuclear,2030,10,13,16,true,0.0
259,BE_Nuclear,2030,10,17,20,true,0.0
260,BE_Nuclear,2030,10,21,24,true,0.0
261,BE_OCGT,2030,1,1,2,true,-0.0
262,BE_OCGT,2030,1,3,4,true,-0.0
263,BE_OCGT,2030,1,5,6,true,-0.0
264,BE_OCGT,2030,1,7,8,true,-0.0
265,BE_OCGT,2030,1,9,10,true,-0.0
266,BE_OCGT,2030,1,11,12,true,-0.0
267,BE_OCGT,2030,1,13,14,true,-0.0
268,BE_OCGT,2030,1,15,16,true,-0.0
269,BE_OCGT,2030,1,17,18,true,-0.0
270,BE_OCGT,2030,1,19,20,true,-0.0
271,BE_OCGT,2030,1,21,22,true,-0.0
272,BE_OCGT,2030,1,23,24,true,-0.0
273,BE_OCGT,2030,2,1,2,true,-0.0
274,BE_OCGT,2030,2,3,4,true,-0.0
275,BE_OCGT,2030,2,5,6,true,-0.0
276,BE_OCGT,2030,2,7,8,true,-0.0
277,BE_OCGT,2030,2,9,10,true,-0.0
278,BE_OCGT,2030,2,11,12,true,-0.0
279,BE_OCGT,2030,2,13,14,true,-0.0
280,BE_OCGT,2030,2,15,16,true,-0.0
281,BE_OCGT,2030,2,17,18,true,0.0
282,BE_OCGT,2030,2,19,20,true,0.0
283,BE_OCGT,2030,2,21,22,true,0.0
284,BE_OCGT,2030,2,23,24,true,0.0
285,BE_OCGT,2030,3,1,2,true,0.0
286,BE_OCGT,2030,3,3,4,true,0.0
287,BE_OCGT,2030,3,5,6,true,0.0
288,BE_OCGT,2030,3,7,8,true,0.0
289,BE_OCGT,2030,3,9,10,true,0.0
290,BE_OCGT,2030,3,11,12,true,0.0
291,BE_OCGT,2030,3,13,14,true,0.0
292,BE_OCGT,2030,3,15,16,true,0.0
293,BE_OCGT,2030,3,17,18,true,0.0
294,BE_OCGT,2030,3,19,20,true,0.0
295,BE_OCGT,2030,3,21,22,true,0.0
296,BE_OCGT,2030,3,23,24,true,0.0
297,BE_OCGT,2030,4,1,2,true,0.0
298,BE_OCGT,2030,4,3,4,true,0.0
299,BE_OCGT,2030,4,5,6,true,0.0
300,BE_OCGT,2030,4,7,8,true,0.0
301,BE_OCGT,2030,4,9,10,true,0.0
302,BE_OCGT,2030,4,11,12,true,0.0
303,BE_OCGT,2030,4,13,14,true,0.0
304,BE_OCGT,2030,4,15,16,true,0.0
305,BE_OCGT,2030,4,17,18,true,0.0
306,BE_OCGT,2030,4,19,20,true,0.0
307,BE_OCGT,2030,4,21,22,true,0.0
308,BE_OCGT,2030,4,23,24,true,0.0
309,BE_OCGT,2030,5,1,2,true,0.0
310,BE_OCGT,2030,5,3,4,true,0.0
311,BE_OCGT,2030,5,5,6,true,0.0
312,BE_OCGT,2030,5,7,8,true,0.0
313,BE_OCGT,2030,5,9,10,true,0.0
314,BE_OCGT,2030,5,11,12,true,0.0
315,BE_OCGT,2030,5,13,14,true,0.0
316,BE_OCGT,2030,5,15,16,true,0.0
317,BE_OCGT,2030,5,17,18,true,0.0
318,BE_OCGT,2030,5,19,20,true,0.0
319,BE_OCGT,2030,5,21,22,true,0.0
320,BE_OCGT,2030,5,23,24,true,0.0
321,BE_OCGT,2030,6,1,2,true,0.0
322,BE_OCGT,2030,6,3,4,true,0.0
323,BE_OCGT,2030,6,5,6,true,0.0
324,BE_OCGT,2030,6,7,8,true,0.0
325,BE_OCGT,2030,6,9,10,true,0.0
326,BE_OCGT,2030,6,11,12,true,0.0
327,BE_OCGT,2030,6,13,14,true,0.0
328,BE_OCGT,2030,6,15,16,true,0.0
329,BE_OCGT,2030,6,17,18,true,0.0
330,BE_OCGT,2030,6,19,20,true,0.0
331,BE_OCGT,2030,6,21,22,true,0.0
332,BE_OCGT,2030,6,23,24,true,0.0
333,BE_OCGT,2030,7,1,2,true,0.0
334,BE_OCGT,2030,7,3,4,true,0.0
335,BE_OCGT,2030,7,5,6,true,0.0
336,BE_OCGT,2030,7,7,8,true,0.0
337,BE_OCGT,2030,7,9,10,true,0.0
338,BE_OCGT,2030,7,11,12,true,0.0
339,BE_OCGT,2030,7,13,14,true,0.0
340,BE_OCGT,2030,7,15,16,true,0.0
341,BE_OCGT,2030,7,17,18,true,0.0
342,BE_OCGT,2030,7,19,20,true,0.0
343,BE_OCGT,2030,7,21,22,true,0.0
344,BE_OCGT,2030,7,23,24,true,0.0
345,BE_OCGT,2030,8,1,2,true,0.0
346,BE_OCGT,2030,8,3,4,true,0.0
347,BE_OCGT,2030,8,5,6,true,0.0
348,BE_OCGT,2030,8,7,8,true,0.0
349,BE_OCGT,2030,8,9,10,true,0.0
350,BE_OCGT,2030,8,11,12,true,0.0
351,BE_OCGT,2030,8,13,14,true,0.0
352,BE_OCGT,2030,8,15,16,true,0.0
353,BE_OCGT,2030,8,17,18,true,0.0
354,BE_OCGT,2030,8,19,20,true,0.0
355,BE_OCGT,2030,8,21,22,true,0.0
356,BE_OCGT,2030,8,23,24,true,0.0
357,BE_OCGT,2030,9,1,2,true,0.0
358,BE_OCGT,2030,9,3,4,true,0.0
359,BE_OCGT,2030,9,5,6,true,0.0
360,BE_OCGT,2030,9,7,8,true,0.0
361,BE_OCGT,2030,9,9,10,true,0.0
362,BE_OCGT,2030,9,11,12,true,0.0
363,BE_OCGT,2030,9,13,14,true,0.0
364,BE_OCGT,2030,9,15,16,true,0.0
365,BE_OCGT,2030,9,17,18,true,0.0
366,BE_OCGT,2030,9,19,20,true,0.0
367,BE_OCGT,2030,9,21,22,true,0.0
368,BE_OCGT,2030,9,23,24,true,0.0
369,BE_OCGT,2030,10,1,2,true,0.0
370,BE_OCGT,2030,10,3,4,true,0.0
371,BE_OCGT,2030,10,5,6,true,0.0
372,BE_OCGT,2030,10,7,8,true,0.0
373,BE_OCGT,2030,10,9,10,true,0.0
374,BE_OCGT,2030,10,11,12,true,0.0
375,BE_OCGT,2030,10,13,14,true,0.0
376,BE_OCGT,2030,10,15,16,true,0.0
377,BE_OCGT,2030,10,17,18,true,0.0
378,BE_OCGT,2030,10,19,20,true,0.0
379,BE_OCGT,2030,10,21,22,true,0.0
380,BE_OCGT,2030,10,23,24,true,0.0
381,CH_CCGT,2030,1,1,2,true,0.0
382,CH_CCGT,2030,1,3,4,true,0.0
383,CH_CCGT,2030,1,5,6,true,0.0
384,CH_CCGT,2030,1,7,8,true,0.0
385,CH_CCGT,2030,1,9,10,true,0.0
386,CH_CCGT,2030,1,11,12,true,0.0
387,CH_CCGT,2030,1,13,14,true,0.0
388,CH_CCGT,2030,1,15,16,true,0.0
389,CH_CCGT,2030,1,17,18,true,0.0
390,CH_CCGT,2030,1,19,20,true,0.0
391,CH_CCGT,2030,1,21,22,true,0.0
392,CH_CCGT,2030,1,23,24,true,0.0
393,CH_CCGT,2030,2,1,2,true,0.0
394,CH_CCGT,2030,2,3,4,true,0.0
395,CH_CCGT,2030,2,5,6,true,0.0
396,CH_CCGT,2030,2,7,8,true,0.0
397,CH_CCGT,2030,2,9,10,true,0.0
398,CH_CCGT,2030,2,11,12,true,0.0
399,CH_CCGT,2030,2,13,14,true,0.0
400,CH_CCGT,2030,2,15,16,true,0.0
401,CH_CCGT,2030,2,17,18,true,0.0
402,CH_CCGT,2030,2,19,20,true,0.0
403,CH_CCGT,2030,2,21,22,true,0.0
404,CH_CCGT,2030,2,23,24,true,0.0
405,CH_CCGT,2030,3,1,2,true,0.0
406,CH_CCGT,2030,3,3,4,true,0.0
407,CH_CCGT,2030,3,5,6,true,0.0
408,CH_CCGT,2030,3,7,8,true,0.0
409,CH_CCGT,2030,3,9,10,true,0.0
410,CH_CCGT,2030,3,11,12,true,0.0
411,CH_CCGT,2030,3,13,14,true,0.0
412,CH_CCGT,2030,3,15,16,true,0.0
413,CH_CCGT,2030,3,17,18,true,0.0
414,CH_CCGT,2030,3,19,20,true,0.0
415,CH_CCGT,2030,3,21,22,true,0.0
416,CH_CCGT,2030,3,23,24,true,0.0
417,CH_CCGT,2030,4,1,2,true,0.0
418,CH_CCGT,2030,4,3,4,true,0.0
419,CH_CCGT,2030,4,5,6,true,0.0
420,CH_CCGT,2030,4,7,8,true,0.0
421,CH_CCGT,2030,4,9,10,true,-0.0
422,CH_CCGT,2030,4,11,12,true,-0.0
423,CH_CCGT,2030,4,13,14,true,-0.0
424,CH_CCGT,2030,4,15,16,true,0.0
425,CH_CCGT,2030,4,17,18,true,-0.0
426,CH_CCGT,2030,4,19,20,true,-0.0
427,CH_CCGT,2030,4,21,22,true,-0.0
428,CH_CCGT,2030,4,23,24,true,-0.0
429,CH_CCGT,2030,5,1,2,true,-0.0
430,CH_CCGT,2030,5,3,4,true,-0.0
431,CH_CCGT,2030,5,5,6,true,-0.0
432,CH_CCGT,2030,5,7,8,true,-0.0
433,CH_CCGT,2030,5,9,10,true,-0.0
434,CH_CCGT,2030,5,11,12,true,-0.0
435,CH_CCGT,2030,5,13,14,true,-0.0
436,CH_CCGT,2030,5,15,16,true,-0.0
437,CH_CCGT,2030,5,17,18,true,-0.0
438,CH_CCGT,2030,5,19,20,true,-0.0
439,CH_CCGT,2030,5,21,22,true,-0.0
440,CH_CCGT,2030,5,23,24,true,-0.0
441,CH_CCGT,2030,6,1,2,true,-0.0
442,CH_CCGT,2030,6,3,4,true,-0.0
443,CH_CCGT,2030,6,5,6,true,-0.0
444,CH_CCGT,2030,6,7,8,true,0.0
445,CH_CCGT,2030,6,9,10,true,-0.0
446,CH_CCGT,2030,6,11,12,true,-0.0
447,CH_CCGT,2030,6,13,14,true,-0.0
448,CH_CCGT,2030,6,15,16,true,-0.0
449,CH_CCGT,2030,6,17,18,true,-0.0
450,CH_CCGT,2030,6,19,20,true,-0.0
451,CH_CCGT,2030,6,21,22,true,-0.0
452,CH_CCGT,2030,6,23,24,true,-0.0
453,CH_CCGT,2030,7,1,2,true,1.0
454,CH_CCGT,2030,7,3,4,true,1.0
455,CH_CCGT,2030,7,5,6,true,1.0
456,CH_CCGT,2030,7,7,8,true,1.0
457,CH_CCGT,2030,7,9,10,true,1.0
458,CH_CCGT,2030,7,11,12,true,1.0
459,CH_CCGT,2030,7,13,14,true,1.0
460,CH_CCGT,2030,7,15,16,true,1.0
461,CH_CCGT,2030,7,17,18,true,1.0
462,CH_CCGT,2030,7,19,20,true,1.0
463,CH_CCGT,2030,7,21,22,true,1.0
464,CH_CCGT,2030,7,23,24,true,1.0
465,CH_CCGT,2030,8,1,2,true,-0.0
466,CH_CCGT,2030,8,3,4,true,-0.0
467,CH_CCGT,2030,8,5,6,true,-0.0
468,CH_CCGT,2030,8,7,8,true,-0.0
469,CH_CCGT,2030,8,9,10,true,0.0
470,CH_CCGT,2030,8,11,12,true,-0.0
471,CH_CCGT,2030,8,13,14,true,-0.0
472,CH_CCGT,2030,8,15,16,true,-0.0
473,CH_CCGT,2030,8,17,18,true,-0.0
474,CH_CCGT,2030,8,19,20,true,-0.0
475,CH_CCGT,2030,8,21,22,true,-0.0
476,CH_CCGT,2030,8,23,24,true,-0.0
477,CH_CCGT,2030,9,1,2,true,-0.0
478,CH_CCGT,2030,9,3,4,true,-0.0
479,CH_CCGT,2030,9,5,6,true,0.0
480,CH_CCGT,2030,9,7,8,true,-0.0
481,CH_CCGT,2030,9,9,10,true,0.0
482,CH_CCGT,2030,9,11,12,true,0.0
483,CH_CCGT,2030,9,13,14,true,0.0
484,CH_CCGT,2030,9,15,16,true,0.0
485,CH_CCGT,2030,9,17,18,true,-0.0
486,CH_CCGT,2030,9,19,20,true,-0.0
487,CH_CCGT,2030,9,21,22,true,1.0
488,CH_CCGT,2030,9,23,24,true,-0.0
489,CH_CCGT,2030,10,1,2,true,1.0
490,CH_CCGT,2030,10,3,4,true,1.0
491,CH_CCGT,2030,10,5,6,true,1.0
492,CH_CCGT,2030,10,7,8,true,1.0
493,CH_CCGT,2030,10,9,10,true,1.0
494,CH_CCGT,2030,10,11,12,true,1.0
495,CH_CCGT,2030,10,13,14,true,-0.0
496,CH_CCGT,2030,10,15,16,true,-0.0
497,CH_CCGT,2030,10,17,18,true,0.0
498,CH_CCGT,2030,10,19,20,true,-0.0
499,CH_CCGT,2030,10,21,22,true,1.0
500,CH_CCGT,2030,10,23,24,true,1.0
501,CH_Coal,2030,1,1,3,true,0.0
502,CH_Coal,2030,1,4,6,true,0.0
503,CH_Coal,2030,1,7,9,true,0.0
504,CH_Coal,2030,1,10,12,true,0.0
505,CH_Coal,2030,1,13,15,true,0.0
506,CH_Coal,2030,1,16,18,true,0.0
507,CH_Coal,2030,1,19,21,true,0.0
508,CH_Coal,2030,1,22,24,true,0.0
509,CH_Coal,2030,2,1,3,true,0.0
510,CH_Coal,2030,2,4,6,true,0.0
511,CH_Coal,2030,2,7,9,true,0.0
512,CH_Coal,2030,2,10,12,true,0.0
513,CH_Coal,2030,2,13,15,true,0.0
514,CH_Coal,2030,2,16,18,true,0.0
515,CH_Coal,2030,2,19,21,true,0.0
516,CH_Coal,2030,2,22,24,true,0.0
517,CH_Coal,2030,3,1,3,true,0.0
518,CH_Coal,2030,3,4,6,true,0.0
519,CH_Coal,2030,3,7,9,true,0.0
520,CH_Coal,2030,3,10,12,true,0.0
521,CH_Coal,2030,3,13,15,true,0.0
522,CH_Coal,2030,3,16,18,true,0.0
523,CH_Coal,2030,3,19,21,true,0.0
524,CH_Coal,2030,3,22,24,true,0.0
525,CH_Coal,2030,4,1,3,true,0.0
526,CH_Coal,2030,4,4,6,true,0.0
527,CH_Coal,2030,4,7,9,true,0.0
528,CH_Coal,2030,4,10,12,true,0.0
529,CH_Coal,2030,4,13,15,true,0.0
530,CH_Coal,2030,4,16,18,true,0.0
531,CH_Coal,2030,4,19,21,true,0.0
532,CH_Coal,2030,4,22,24,true,0.0
533,CH_Coal,2030,5,1,3,true,0.0
534,CH_Coal,2030,5,4,6,true,0.0
535,CH_Coal,2030,5,7,9,true,0.0
536,CH_Coal,2030,5,10,12,true,0.0
537,CH_Coal,2030,5,13,15,true,0.0
538,CH_Coal,2030,5,16,18,true,0.0
539,CH_Coal,2030,5,19,21,true,0.0
540,CH_Coal,2030,5,22,24,true,0.0
541,CH_Coal,2030,6,1,3,true,0.0
542,CH_Coal,2030,6,4,6,true,0.0
543,CH_Coal,2030,6,7,9,true,0.0
544,CH_Coal,2030,6,10,12,true,0.0
545,CH_Coal,2030,6,13,15,true,0.0
546,CH_Coal,2030,6,16,18,true,0.0
547,CH_Coal,2030,6,19,21,true,0.0
548,CH_Coal,2030,6,22,24,true,0.0
549,CH_Coal,2030,7,1,3,true,0.0
550,CH_Coal,2030,7,4,6,true,0.0
551,CH_Coal,2030,7,7,9,true,0.0
552,CH_Coal,2030,7,10,12,true,0.0
553,CH_Coal,2030,7,13,15,true,0.0
554,CH_Coal,2030,7,16,18,true,0.0
555,CH_Coal,2030,7,19,21,true,0.0
556,CH_Coal,2030,7,22,24,true,0.0
557,CH_Coal,2030,8,1,3,true,0.0
558,CH_Coal,2030,8,4,6,true,0.0
559,CH_Coal,2030,8,7,9,true,0.0
560,CH_Coal,2030,8,10,12,true,0.0
561,CH_Coal,2030,8,13,15,true,0.0
562,CH_Coal,2030,8,16,18,true,0.0
563,CH_Coal,2030,8,19,21,true,0.0
564,CH_Coal,2030,8,22,24,true,0.0
565,CH_Coal,2030,9,1,3,true,-0.0
566,CH_Coal,2030,9,4,6,true,-0.0
567,CH_Coal,2030,9,7,9,true,-0.0
568,CH_Coal,2030,9,10,12,true,-0.0
569,CH_Coal,2030,9,13,15,true,-0.0
570,CH_Coal,2030,9,16,18,true,-0.0
571,CH_Coal,2030,9,19,21,true,-0.0
572,CH_Coal,2030,9,22,24,true,-0.0
573,CH_Coal,2030,10,1,3,true,-0.0
574,CH_Coal,2030,10,4,6,true,-0.0
575,CH_Coal,2030,10,7,9,true,-0.0
576,CH_Coal,2030,10,10,12,true,-0.0
577,CH_Coal,2030,10,13,15,true,-0.0
578,CH_Coal,2030,10,16,18,true,-0.0
579,CH_Coal,2030,10,19,21,true,-0.0
580,CH_Coal,2030,10,22,24,true,-0.0
581,CH_Nuclear,2030,1,1,4,true,2.0
582,CH_Nuclear,2030,1,5,8,true,2.0
583,CH_Nuclear,2030,1,9,12,true,2.0
584,CH_Nuclear,2030,1,13,16,true,2.0
585,CH_Nuclear,2030,1,17,20,true,2.0
586,CH_Nuclear,2030,1,21,24,true,2.0
587,CH_Nuclear,2030,2,1,4,true,1.0
588,CH_Nuclear,2030,2,5,8,true,1.0
589,CH_Nuclear,2030,2,9,12,true,1.0
590,CH_Nuclear,2030,2,13,16,true,1.0
591,CH_Nuclear,2030,2,17,20,true,1.0
592,CH_Nuclear,2030,2,21,24,true,1.0
593,CH_Nuclear,2030,3,1,4,true,2.0
594,CH_Nuclear,2030,3,5,8,true,2.0
595,CH_Nuclear,2030,3,9,12,true,2.0
596,CH_Nuclear,2030,3,13,16,true,2.0
597,CH_Nuclear,2030,3,17,20,true,2.0
598,CH_Nuclear,2030,3,21,24,true,2.0
599,CH_Nuclear,2030,4,1,4,true,2.0
600,CH_Nuclear,2030,4,5,8,true,2.0
601,CH_Nuclear,2030,4,9,12,true,2.0
602,CH_Nuclear,2030,4,13,16,true,2.0
603,CH_Nuclear,2030,4,17,20,true,2.0
604,CH_Nuclear,2030,4,21,24,true,1.0
605,CH_Nuclear,2030,5,1,4,true,1.0
606,CH_Nuclear,2030,5,5,8,true,1.0
607,CH_Nuclear,2030,5,9,12,true,1.0
608,CH_Nuclear,2030,5,13,16,true,1.0
609,CH_Nuclear,2030,5,17,20,true,1.0
610,CH_Nuclear,2030,5,21,24,true,1.0
611,CH_Nuclear,2030,6,1,4,true,2.0
612,CH_Nuclear,2030,6,5,8,true,2.0
613,CH_Nuclear,2030,6,9,12,true,1.0
614,CH_Nuclear,2030,6,13,16,true,1.0
615,CH_Nuclear,2030,6,17,20,true,1.0
616,CH_Nuclear,2030,6,21,24,true,1.0
617,CH_Nuclear,2030,7,1,4,true,2.0
618,CH_Nuclear,2030,7,5,8,true,2.0
619,CH_Nuclear,2030,7,9,12,true,2.0
620,CH_Nuclear,2030,7,13,16,true,2.0
621,CH_Nuclear,2030,7,17,20,true,2.0
622,CH_Nuclear,2030,7,21,24,true,2.0
623,CH_Nuclear,2030,8,1,4,true,1.0
624,CH_Nuclear,2030,8,5,8,true,1.0
625,CH_Nuclear,2030,8,9,12,true,1.0
626,CH_Nuclear,2030,8,13,16,true,1.0
627,CH_Nuclear,2030,8,17,20,true,1.0
628,CH_Nuclear,2030,8,21,24,true,1.0
629,CH_Nuclear,2030,9,1,4,true,1.0
630,CH_Nuclear,2030,9,5,8,true,1.0
631,CH_Nuclear,2030,9,9,12,true,1.0
632,CH_Nuclear,2030,9,13,16,true,1.0
633,CH_Nuclear,2030,9,17,20,true,1.0
634,CH_Nuclear,2030,9,21,24,true,1.0
635,CH_Nuclear,2030,10,1,4,true,2.0
636,CH_Nuclear,2030,10,5,8,true,2.0
637,CH_Nuclear,2030,10,9,12,true,2.0
638,CH_Nuclear,2030,10,13,16,true,2.0
639,CH_Nuclear,2030,10,17,20,true,2.0
640,CH_Nuclear,2030,10,21,24,true,2.0
641,CH_OCGT,2030,1,1,2,true,0.0
642,CH_OCGT,2030,1,3,4,true,0.0
643,CH_OCGT,2030,1,5,6,true,0.0
644,CH_OCGT,2030,1,7,8,true,0.0
645,CH_OCGT,2030,1,9,10,true,0.0
646,CH_OCGT,2030,1,11,12,true,0.0
647,CH_OCGT,2030,1,13,14,true,0.0
648,CH_OCGT,2030,1,15,16,true,0.0
649,CH_OCGT,2030,1,17,18,true,0.0
650,CH_OCGT,2030,1,19,20,true,0.0
651,CH_OCGT,2030,1,21,22,true,0.0
652,CH_OCGT,2030,1,23,24,true,0.0
653,CH_OCGT,2030,2,1,2,true,0.0
654,CH_OCGT,2030,2,3,4,true,0.0
655,CH_OCGT,2030,2,5,6,true,0.0
656,CH_OCGT,2030,2,7,8,true,0.0
657,CH_OCGT,2030,2,9,10,true,0.0
658,CH_OCGT,2030,2,11,12,true,0.0
659,CH_OCGT,2030,2,13,14,true,0.0
660,CH_OCGT,2030,2,15,16,true,0.0
661,CH_OCGT,2030,2,17,18,true,0.0
662,CH_OCGT,2030,2,19,20,true,0.0
663,CH_OCGT,2030,2,21,22,true,0.0
664,CH_OCGT,2030,2,23,24,true,0.0
665,CH_OCGT,2030,3,1,2,true,0.0
666,CH_OCGT,2030,3,3,4,true,0.0
667,CH_OCGT,2030,3,5,6,true,0.0
668,CH_OCGT,2030,3,7,8,true,0.0
669,CH_OCGT,2030,3,9,10,true,0.0
670,CH_OCGT,2030,3,11,12,true,0.0
671,CH_OCGT,2030,3,13,14,true,0.0
672,CH_OCGT,2030,3,15,16,true,0.0
673,CH_OCGT,2030,3,17,18,true,0.0
674,CH_OCGT,2030,3,19,20,true,0.0
675,CH_OCGT,2030,3,21,22,true,0.0
676,CH_OCGT,2030,3,23,24,true,0.0
677,CH_OCGT,2030,4,1,2,true,0.0
678,CH_OCGT,2030,4,3,4,true,0.0
679,CH_OCGT,2030,4,5,6,true,0.0
680,CH_OCGT,2030,4,7,8,true,0.0
681,CH_OCGT,2030,4,9,10,true,0.0
682,CH_OCGT,2030,4,11,12,true,0.0
683,CH_OCGT,2030,4,13,14,true,0.0
684,CH_OCGT,2030,4,15,16,true,0.0
685,CH_OCGT,2030,4,17,18,true,0.0
686,CH_OCGT,2030,4,19,20,true,0.0
687,CH_OCGT,2030,4,21,22,true,0.0
688,CH_OCGT,2030,4,23,24,true,0.0
689,CH_OCGT,2030,5,1,2,true,0.0
690,CH_OCGT,2030,5,3,4,true,0.0
691,CH_OCGT,2030,5,5,6,true,0.0
692,CH_OCGT,2030,5,7,8,true,0.0
693,CH_OCGT,2030,5,9,10,true,0.0
694,CH_OCGT,2030,5,11,12,true,0.0
695,CH_OCGT,2030,5,13,14,true,0.0
696,CH_OCGT,2030,5,15,16,true,0.0
697,CH_OCGT,2030,5,17,18,true,0.0
698,CH_OCGT,2030,5,19,20,true,0.0
699,CH_OCGT,2030,5,21,22,true,0.0
700,CH_OCGT,2030,5,23,24,true,0.0
701,CH_OCGT,2030,6,1,2,true,-0.0
702,CH_OCGT,2030,6,3,4,true,-0.0
703,CH_OCGT,2030,6,5,6,true,-0.0
704,CH_OCGT,2030,6,7,8,true,-0.0
705,CH_OCGT,2030,6,9,10,true,-0.0
706,CH_OCGT,2030,6,11,12,true,-0.0
707,CH_OCGT,2030,6,13,14,true,-0.0
708,CH_OCGT,2030,6,15,16,true,-0.0
709,CH_OCGT,2030,6,17,18,true,-0.0
710,CH_OCGT,2030,6,19,20,true,-0.0
711,CH_OCGT,2030,6,21,22,true,-0.0
712,CH_OCGT,2030,6,23,24,true,-0.0
713,CH_OCGT,2030,7,1,2,true,-0.0
714,CH_OCGT,2030,7,3,4,true,-0.0
715,CH_OCGT,2030,7,5,6,true,-0.0
716,CH_OCGT,2030,7,7,8,true,-0.0
717,CH_OCGT,2030,7,9,10,true,-0.0
718,CH_OCGT,2030,7,11,12,true,-0.0
719,CH_OCGT,2030,7,13,14,true,-0.0
720,CH_OCGT,2030,7,15,16,true,-0.0
721,CH_OCGT,2030,7,17,18,true,-0.0
722,CH_OCGT,2030,7,19,20,true,-0.0
723,CH_OCGT,2030,7,21,22,true,-0.0
724,CH_OCGT,2030,7,23,24,true,-0.0
725,CH_OCGT,2030,8,1,2,true,-0.0
726,CH_OCGT,2030,8,3,4,true,-0.0
727,CH_OCGT,2030,8,5,6,true,-0.0
728,CH_OCGT,2030,8,7,8,true,-0.0
729,CH_OCGT,2030,8,9,10,true,-0.0
730,CH_OCGT,2030,8,11,12,true,-0.0
731,CH_OCGT,2030,8,13,14,true,-0.0
732,CH_OCGT,2030,8,15,16,true,-0.0
733,CH_OCGT,2030,8,17,18,true,-0.0
734,CH_OCGT,2030,8,19,20,true,-0.0
735,CH_OCGT,2030,8,21,22,true,-0.0
736,CH_OCGT,2030,8,23,24,true,-0.0
737,CH_OCGT,2030,9,1,2,true,-0.0
738,CH_OCGT,2030,9,3,4,true,-0.0
739,CH_OCGT,2030,9,5,6,true,-0.0
740,CH_OCGT,2030,9,7,8,true,-0.0
741,CH_OCGT,2030,9,9,10,true,-0.0
742,CH_OCGT,2030,9,11,12,true,-0.0
743,CH_OCGT,2030,9,13,14,true,-0.0
744,CH_OCGT,2030,9,15,16,true,-0.0
745,CH_OCGT,2030,9,17,18,true,-0.0
746,CH_OCGT,2030,9,19,20,true,-0.0
747,CH_OCGT,2030,9,21,22,true,-0.0
748,CH_OCGT,2030,9,23,24,true,-0.0
749,CH_OCGT,2030,10,1,2,true,-0.0
750,CH_OCGT,2030,10,3,4,true,-0.0
751,CH_OCGT,2030,10,5,6,true,-0.0
752,CH_OCGT,2030,10,7,8,true,-0.0
753,CH_OCGT,2030,10,9,10,true,-0.0
754,CH_OCGT,2030,10,11,12,true,-0.0
755,CH_OCGT,2030,10,13,14,true,-0.0
756,CH_OCGT,2030,10,15,16,true,-0.0
757,CH_OCGT,2030,10,17,18,true,-0.0
758,CH_OCGT,2030,10,19,20,true,-0.0
759,CH_OCGT,2030,10,21,22,true,-0.0
760,CH_OCGT,2030,10,23,24,true,-0.0
761,DE_CCGT,2030,1,1,2,true,-0.0
762,DE_CCGT,2030,1,3,4,true,-0.0
763,DE_CCGT,2030,1,5,6,true,-0.0
764,DE_CCGT,2030,1,7,8,true,-0.0
765,DE_CCGT,2030,1,9,10,true,-0.0
766,DE_CCGT,2030,1,11,12,true,-0.0
767,DE_CCGT,2030,1,13,14,true,-0.0
768,DE_CCGT,2030,1,15,16,true,-0.0
769,DE_CCGT,2030,1,17,18,true,-0.0
770,DE_CCGT,2030,1,19,20,true,-0.0
771,DE_CCGT,2030,1,21,22,true,-0.0
772,DE_CCGT,2030,1,23,24,true,-0.0
773,DE_CCGT,2030,2,1,2,true,-0.0
774,DE_CCGT,2030,2,3,4,true,-0.0
775,DE_CCGT,2030,2,5,6,true,-0.0
776,DE_CCGT,2030,2,7,8,true,-0.0
777,DE_CCGT,2030,2,9,10,true,-0.0
778,DE_CCGT,2030,2,11,12,true,-0.0
779,DE_CCGT,2030,2,13,14,true,-0.0
780,DE_CCGT,2030,2,15,16,true,-0.0
781,DE_CCGT,2030,2,17,18,true,0.0
782,DE_CCGT,2030,2,19,20,true,0.0
783,DE_CCGT,2030,2,21,22,true,0.0
784,DE_CCGT,2030,2,23,24,true,0.0
785,DE_CCGT,2030,3,1,2,true,0.0
786,DE_CCGT,2030,3,3,4,true,0.0
787,DE_CCGT,2030,3,5,6,true,0.0
788,DE_CCGT,2030,3,7,8,true,0.0
789,DE_CCGT,2030,3,9,10,true,0.0
790,DE_CCGT,2030,3,11,12,true,0.0
791,DE_CCGT,2030,3,13,14,true,0.0
792,DE_CCGT,2030,3,15,16,true,0.0
793,DE_CCGT,2030,3,17,18,true,0.0
794,DE_CCGT,2030,3,19,20,true,0.0
795,DE_CCGT,2030,3,21,22,true,0.0
796,DE_CCGT,2030,3,23,24,true,0.0
797,DE_CCGT,2030,4,1,2,true,0.0
798,DE_CCGT,2030,4,3,4,true,0.0
799,DE_CCGT,2030,4,5,6,true,0.0
800,DE_CCGT,2030,4,7,8,true,0.0
801,DE_CCGT,2030,4,9,10,true,0.0
802,DE_CCGT,2030,4,11,12,true,0.0
803,DE_CCGT,2030,4,13,14,true,0.0
804,DE_CCGT,2030,4,15,16,true,0.0
805,DE_CCGT,2030,4,17,18,true,0.0
806,DE_CCGT,2030,4,19,20,true,0.0
807,DE_CCGT,2030,4,21,22,true,0.0
808,DE_CCGT,2030,4,23,24,true,0.0
809,DE_CCGT,2030,5,1,2,true,0.0
810,DE_CCGT,2030,5,3,4,true,0.0
811,DE_CCGT,2030,5,5,6,true,0.0
812,DE_CCGT,2030,5,7,8,true,0.0
813,DE_CCGT,2030,5,9,10,true,0.0
814,DE_CCGT,2030,5,11,12,true,0.0
815,DE_CCGT,2030,5,13,14,true,0.0
816,DE_CCGT,2030,5,15,16,true,0.0
817,DE_CCGT,2030,5,17,18,true,0.0
818,DE_CCGT,2030,5,19,20,true,0.0
819,DE_CCGT,2030,5,21,22,true,0.0
820,DE_CCGT,2030,5,23,24,true,0.0
821,DE_CCGT,2030,6,1,2,true,0.0
822,DE_CCGT,2030,6,3,4,true,0.0
823,DE_CCGT,2030,6,5,6,true,0.0
824,DE_CCGT,2030,6,7,8,true,0.0
825,DE_CCGT,2030,6,9,10,true,0.0
826,DE_CCGT,2030,6,11,12,true,0.0
827,DE_CCGT,2030,6,13,14,true,0.0
828,DE_CCGT,2030,6,15,16,true,0.0
829,DE_CCGT,2030,6,17,18,true,0.0
830,DE_CCGT,2030,6,19,20,true,0.0
831,DE_CCGT,2030,6,21,22,true,0.0
832,DE_CCGT,2030,6,23,24,true,0.0
833,DE_CCGT,2030,7,1,2,true,0.0
834,DE_CCGT,2030,7,3,4,true,0.0
835,DE_CCGT,2030,7,5,6,true,0.0
836,DE_CCGT,2030,7,7,8,true,0.0
837,DE_CCGT,2030,7,9,10,true,0.0
838,DE_CCGT,2030,7,11,12,true,0.0
839,DE_CCGT,2030,7,13,14,true,0.0
840,DE_CCGT,2030,7,15,16,true,0.0
841,DE_CCGT,2030,7,17,18,true,-0.0
842,DE_CCGT,2030,7,19,20,true,-0.0
843,DE_CCGT,2030,7,21,22,true,-0.0
844,DE_CCGT,2030,7,23,24,true,-0.0
845,DE_CCGT,2030,8,1,2,true,-0.0
846,DE_CCGT,2030,8,3,4,true,-0.0
847,DE_CCGT,2030,8,5,6,true,-0.0
848,DE_CCGT,2030,8,7,8,true,-0.0
849,DE_CCGT,2030,8,9,10,true,-0.0
850,DE_CCGT,2030,8,11,12,true,-0.0
851,DE_CCGT,2030,8,13,14,true,-0.0
852,DE_CCGT,2030,8,15,16,true,-0.0
853,DE_CCGT,2030,8,17,18,true,-0.0
854,DE_CCGT,2030,8,19,20,true,-0.0
855,DE_CCGT,2030,8,21,22,true,-0.0
856,DE_CCGT,2030,8,23,24,true,-0.0
857,DE_CCGT,2030,9,1,2,true,-0.0
858,DE_CCGT,2030,9,3,4,true,-0.0
859,DE_CCGT,2030,9,5,6,true,-0.0
860,DE_CCGT,2030,9,7,8,true,-0.0
861,DE_CCGT,2030,9,9,10,true,-0.0
862,DE_CCGT,2030,9,11,12,true,-0.0
863,DE_CCGT,2030,9,13,14,true,-0.0
864,DE_CCGT,2030,9,15,16,true,-0.0
865,DE_CCGT,2030,9,17,18,true,-0.0
866,DE_CCGT,2030,9,19,20,true,-0.0
867,DE_CCGT,2030,9,21,22,true,-0.0
868,DE_CCGT,2030,9,23,24,true,-0.0
869,DE_CCGT,2030,10,1,2,true,-0.0
870,DE_CCGT,2030,10,3,4,true,-0.0
871,DE_CCGT,2030,10,5,6,true,-0.0
872,DE_CCGT,2030,10,7,8,true,-0.0
873,DE_CCGT,2030,10,9,10,true,-0.0
874,DE_CCGT,2030,10,11,12,true,-0.0
875,DE_CCGT,2030,10,13,14,true,-0.0
876,DE_CCGT,2030,10,15,16,true,-0.0
877,DE_CCGT,2030,10,17,18,true,-0.0
878,DE_CCGT,2030,10,19,20,true,-0.0
879,DE_CCGT,2030,10,21,22,true,-0.0
880,DE_CCGT,2030,10,23,24,true,-0.0
881,DE_Coal,2030,1,1,3,true,0.0
882,DE_Coal,2030,1,4,6,true,0.0
883,DE_Coal,2030,1,7,9,true,0.0
884,DE_Coal,2030,1,10,12,true,0.0
885,DE_Coal,2030,1,13,15,true,0.0
886,DE_Coal,2030,1,16,18,true,0.0
887,DE_Coal,2030,1,19,21,true,0.0
888,DE_Coal,2030,1,22,24,true,0.0
889,DE_Coal,2030,2,1,3,true,0.0
890,DE_Coal,2030,2,4,6,true,0.0
891,DE_Coal,2030,2,7,9,true,0.0
892,DE_Coal,2030,2,10,12,true,0.0
893,DE_Coal,2030,2,13,15,true,0.0
894,DE_Coal,2030,2,16,18,true,0.0
895,DE_Coal,2030,2,19,21,true,0.0
896,DE_Coal,2030,2,22,24,true,0.0
897,DE_Coal,2030,3,1,3,true,0.0
898,DE_Coal,2030,3,4,6,true,0.0
899,DE_Coal,2030,3,7,9,true,0.0
900,DE_Coal,2030,3,10,12,true,0.0
901,DE_Coal,2030,3,13,15,true,0.0
902,DE_Coal,2030,3,16,18,true,0.0
903,DE_Coal,2030,3,19,21,true,0.0
904,DE_Coal,2030,3,22,24,true,0.0
905,DE_Coal,2030,4,1,3,true,0.0
906,DE_Coal,2030,4,4,6,true,0.0
907,DE_Coal,2030,4,7,9,true,0.0
908,DE_Coal,2030,4,10,12,true,0.0
909,DE_Coal,2030,4,13,15,true,0.0
910,DE_Coal,2030,4,16,18,true,0.0
911,DE_Coal,2030,4,19,21,true,0.0
912,DE_Coal,2030,4,22,24,true,0.0
913,DE_Coal,2030,5,1,3,true,0.0
914,DE_Coal,2030,5,4,6,true,0.0
915,DE_Coal,2030,5,7,9,true,0.0
916,DE_Coal,2030,5,10,12,true,0.0
917,DE_Coal,2030,5,13,15,true,0.0
918,DE_Coal,2030,5,16,18,true,0.0
919,DE_Coal,2030,5,19,21,true,0.0
920,DE_Coal,2030,5,22,24,true,0.0
921,DE_Coal,2030,6,1,3,true,0.0
922,DE_Coal,2030,6,4,6,true,0.0
923,DE_Coal,2030,6,7,9,true,0.0
924,DE_Coal,2030,6,10,12,true,0.0
925,DE_Coal,2030,6,13,15,true,0.0
926,DE_Coal,2030,6,16,18,true,0.0
927,DE_Coal,2030,6,19,21,true,0.0
928,DE_Coal,2030,6,22,24,true,0.0
929,DE_Coal,2030,7,1,3,true,0.0
930,DE_Coal,2030,7,4,6,true,0.0
931,DE_Coal,2030,7,7,9,true,0.0
932,DE_Coal,2030,7,10,12,true,0.0
933,DE_Coal,2030,7,13,15,true,0.0
934,DE_Coal,2030,7,16,18,true,0.0
935,DE_Coal,2030,7,19,21,true,0.0
936,DE_Coal,2030,7,22,24,true,0.0
937,DE_Coal,2030,8,1,3,true,0.0
938,DE_Coal,2030,8,4,6,true,0.0
939,DE_Coal,2030,8,7,9,true,0.0
940,DE_Coal,2030,8,10,12,true,0.0
941,DE_Coal,2030,8,13,15,true,0.0
942,DE_Coal,2030,8,16,18,true,0.0
943,DE_Coal,2030,8,19,21,true,0.0
944,DE_Coal,2030,8,22,24,true,0.0
945,DE_Coal,2030,9,1,3,true,0.0
946,DE_Coal,2030,9,4,6,true,0.0
947,DE_Coal,2030,9,7,9,true,0.0
948,DE_Coal,2030,9,10,12,true,0.0
949,DE_Coal,2030,9,13,15,true,0.0
950,DE_Coal,2030,9,16,18,true,0.0
951,DE_Coal,2030,9,19,21,true,0.0
952,DE_Coal,2030,9,22,24,true,0.0
953,DE_Coal,2030,10,1,3,true,0.0
954,DE_Coal,2030,10,4,6,true,0.0
955,DE_Coal,2030,10,7,9,true,0.0
956,DE_Coal,2030,10,10,12,true,0.0
957,DE_Coal,2030,10,13,15,true,0.0
958,DE_Coal,2030,10,16,18,true,0.0
959,DE_Coal,2030,10,19,21,true,0.0
960,DE_Coal,2030,10,22,24,true,0.0
961,DE_Nuclear,2030,1,1,4,true,0.0
962,DE_Nuclear,2030,1,5,8,true,0.0
963,DE_Nuclear,2030,1,9,12,true,0.0
964,DE_Nuclear,2030,1,13,16,true,0.0
965,DE_Nuclear,2030,1,17,20,true,0.0
966,DE_Nuclear,2030,1,21,24,true,0.0
967,DE_Nuclear,2030,2,1,4,true,0.0
968,DE_Nuclear,2030,2,5,8,true,0.0
969,DE_Nuclear,2030,2,9,12,true,0.0
970,DE_Nuclear,2030,2,13,16,true,0.0
971,DE_Nuclear,2030,2,17,20,true,0.0
972,DE_Nuclear,2030,2,21,24,true,0.0
973,DE_Nuclear,2030,3,1,4,true,0.0
974,DE_Nuclear,2030,3,5,8,true,0.0
975,DE_Nuclear,2030,3,9,12,true,0.0
976,DE_Nuclear,2030,3,13,16,true,0.0
977,DE_Nuclear,2030,3,17,20,true,0.0
978,DE_Nuclear,2030,3,21,24,true,0.0
979,DE_Nuclear,2030,4,1,4,true,0.0
980,DE_Nuclear,2030,4,5,8,true,0.0
981,DE_Nuclear,2030,4,9,12,true,0.0
982,DE_Nuclear,2030,4,13,16,true,0.0
983,DE_Nuclear,2030,4,17,20,true,0.0
984,DE_Nuclear,2030,4,21,24,true,0.0
985,DE_Nuclear,2030,5,1,4,true,0.0
986,DE_Nuclear,2030,5,5,8,true,0.0
987,DE_Nuclear,2030,5,9,12,true,0.0
988,DE_Nuclear,2030,5,13,16,true,0.0
989,DE_Nuclear,2030,5,17,20,true,0.0
990,DE_Nuclear,2030,5,21,24,true,0.0
991,DE_Nuclear,2030,6,1,4,true,0.0
992,DE_Nuclear,2030,6,5,8,true,0.0
993,DE_Nuclear,2030,6,9,12,true,0.0
994,DE_Nuclear,2030,6,13,16,true,0.0
995,DE_Nuclear,2030,6,17,20,true,0.0
996,DE_Nuclear,2030,6,21,24,true,0.0
997,DE_Nuclear,2030,7,1,4,true,0.0
998,DE_Nuclear,2030,7,5,8,true,0.0
999,DE_Nuclear,2030,7,9,12,true,0.0
1000,DE_Nuclear,2030,7,13,16,true,0.0
1001,DE_Nuclear,2030,7,17,20,true,0.0
1002,DE_Nuclear,2030,7,21,24,true,0.0
1003,DE_Nuclear,2030,8,1,4,true,0.0
1004,DE_Nuclear,2030,8,5,8,true,0.0
1005,DE_Nuclear,2030,8,9,12,true,0.0
1006,DE_Nuclear,2030,8,13,16,true,0.0
1007,DE_Nuclear,2030,8,17,20,true,0.0
1008,DE_Nuclear,2030,8,21,24,true,0.0
1009,DE_Nuclear,2030,9,1,4,true,0.0
1010,DE_Nuclear,2030,9,5,8,true,0.0
1011,DE_Nuclear,2030,9,9,12,true,0.0
1012,DE_Nuclear,2030,9,13,16,true,0.0
1013,DE_Nuclear,2030,9,17,20,true,0.0
1014,DE_Nuclear,2030,9,21,24,true,0.0
1015,DE_Nuclear,2030,10,1,4,true,0.0
1016,DE_Nuclear,2030,10,5,8,true,0.0
1017,DE_Nuclear,2030,10,9,12,true,0.0
1018,DE_Nuclear,2030,10,13,16,true,0.0
1019,DE_Nuclear,2030,10,17,20,true,0.0
1020,DE_Nuclear,2030,10,21,24,true,0.0
1021,DE_OCGT,2030,1,1,2,true,-0.0
1022,DE_OCGT,2030,1,3,4,true,8.0
1023,DE_OCGT,2030,1,5,6,true,80.0
1024,DE_OCGT,2030,1,7,8,true,80.0
1025,DE_OCGT,2030,1,9,10,true,80.0
1026,DE_OCGT,2030,1,11,12,true,-0.0
1027,DE_OCGT,2030,1,13,14,true,-0.0
1028,DE_OCGT,2030,1,15,16,true,-0.0
1029,DE_OCGT,2030,1,17,18,true,5.0
1030,DE_OCGT,2030,1,19,20,true,80.0
1031,DE_OCGT,2030,1,21,22,true,1.0
1032,DE_OCGT,2030,1,23,24,true,-0.0
1033,DE_OCGT,2030,2,1,2,true,0.0
1034,DE_OCGT,2030,2,3,4,true,0.0
1035,DE_OCGT,2030,2,5,6,true,0.0
1036,DE_OCGT,2030,2,7,8,true,0.0
1037,DE_OCGT,2030,2,9,10,true,0.0
1038,DE_OCGT,2030,2,11,12,true,-0.0
1039,DE_OCGT,2030,2,13,14,true,0.0
1040,DE_OCGT,2030,2,15,16,true,0.0
1041,DE_OCGT,2030,2,17,18,true,0.0
1042,DE_OCGT,2030,2,19,20,true,0.0
1043,DE_OCGT,2030,2,21,22,true,-0.0
1044,DE_OCGT,2030,2,23,24,true,-0.0
1045,DE_OCGT,2030,3,1,2,true,0.0
1046,DE_OCGT,2030,3,3,4,true,-0.0
1047,DE_OCGT,2030,3,5,6,true,0.0
1048,DE_OCGT,2030,3,7,8,true,-0.0
1049,DE_OCGT,2030,3,9,10,true,-0.0
1050,DE_OCGT,2030,3,11,12,true,-0.0
1051,DE_OCGT,2030,3,13,14,true,-0.0
1052,DE_OCGT,2030,3,15,16,true,-0.0
1053,DE_OCGT,2030,3,17,18,true,-0.0
1054,DE_OCGT,2030,3,19,20,true,-0.0
1055,DE_OCGT,2030,3,21,22,true,-0.0
1056,DE_OCGT,2030,3,23,24,true,-0.0
1057,DE_OCGT,2030,4,1,2,true,-0.0
1058,DE_OCGT,2030,4,3,4,true,-0.0
1059,DE_OCGT,2030,4,5,6,true,-0.0
1060,DE_OCGT,2030,4,7,8,true,1.0
1061,DE_OCGT,2030,4,9,10,true,-0.0
1062,DE_OCGT,2030,4,11,12,true,-0.0
1063,DE_OCGT,2030,4,13,14,true,-0.0
1064,DE_OCGT,2030,4,15,16,true,-0.0
1065,DE_OCGT,2030,4,17,18,true,-0.0
1066,DE_OCGT,2030,4,19,20,true,-0.0
1067,DE_OCGT,2030,4,21,22,true,-0.0
1068,DE_OCGT,2030,4,23,24,true,-0.0
1069,DE_OCGT,2030,5,1,2,true,-0.0
1070,DE_OCGT,2030,5,3,4,true,-0.0
1071,DE_OCGT,2030,5,5,6,true,-0.0
1072,DE_OCGT,2030,5,7,8,true,-0.0
1073,DE_OCGT,2030,5,9,10,true,-0.0
1074,DE_OCGT,2030,5,11,12,true,-0.0
1075,DE_OCGT,2030,5,13,14,true,-0.0
1076,DE_OCGT,2030,5,15,16,true,-0.0
1077,DE_OCGT,2030,5,17,18,true,-0.0
1078,DE_OCGT,2030,5,19,20,true,-0.0
1079,DE_OCGT,2030,5,21,22,true,-0.0
1080,DE_OCGT,2030,5,23,24,true,-0.0
1081,DE_OCGT,2030,6,1,2,true,-0.0
1082,DE_OCGT,2030,6,3,4,true,-0.0
1083,DE_OCGT,2030,6,5,6,true,8.0
1084,DE_OCGT,2030,6,7,8,true,15.0
1085,DE_OCGT,2030,6,9,10,true,-0.0
1086,DE_OCGT,2030,6,11,12,true,-0.0
1087,DE_OCGT,2030,6,13,14,true,-0.0
1088,DE_OCGT,2030,6,15,16,true,-0.0
1089,DE_OCGT,2030,6,17,18,true,-0.0
1090,DE_OCGT,2030,6,19,20,true,18.0
1091,DE_OCGT,2030,6,21,22,true,11.0
1092,DE_OCGT,2030,6,23,24,true,-0.0
1093,DE_OCGT,2030,7,1,2,true,0.0
1094,DE_OCGT,2030,7,3,4,true,2.0
1095,DE_OCGT,2030,7,5,6,true,80.0
1096,DE_OCGT,2030,7,7,8,true,80.0
1097,DE_OCGT,2030,7,9,10,true,80.0
1098,DE_OCGT,2030,7,11,12,true,80.0
1099,DE_OCGT,2030,7,13,14,true,14.0
1100,DE_OCGT,2030,7,15,16,true,46.0
1101,DE_OCGT,2030,7,17,18,true,80.0
1102,DE_OCGT,2030,7,19,20,true,80.0
1103,DE_OCGT,2030,7,21,22,true,80.0
1104,DE_OCGT,2030,7,23,24,true,16.0
1105,DE_OCGT,2030,8,1,2,true,-0.0
1106,DE_OCGT,2030,8,3,4,true,-0.0
1107,DE_OCGT,2030,8,5,6,true,-0.0
1108,DE_OCGT,2030,8,7,8,true,-0.0
1109,DE_OCGT,2030,8,9,10,true,-0.0
1110,DE_OCGT,2030,8,11,12,true,-0.0
1111,DE_OCGT,2030,8,13,14,true,-0.0
1112,DE_OCGT,2030,8,15,16,true,0.0
1113,DE_OCGT,2030,8,17,18,true,-0.0
1114,DE_OCGT,2030,8,19,20,true,-0.0
1115,DE_OCGT,2030,8,21,22,true,-0.0
1116,DE_OCGT,2030,8,23,24,true,-0.0
1117,DE_OCGT,2030,9,1,2,true,0.0
1118,DE_OCGT,2030,9,3,4,true,-0.0
1119,DE_OCGT,2030,9,5,6,true,-0.0
1120,DE_OCGT,2030,9,7,8,true,-0.0
1121,DE_OCGT,2030,9,9,10,true,0.0
1122,DE_OCGT,2030,9,11,12,true,-0.0
1123,DE_OCGT,2030,9,13,14,true,-0.0
1124,DE_OCGT,2030,9,15,16,true,-0.0
1125,DE_OCGT,2030,9,17,18,true,-0.0
1126,DE_OCGT,2030,9,19,20,true,-0.0
1127,DE_OCGT,2030,9,21,22,true,0.0
1128,DE_OCGT,2030,9,23,24,true,-0.0
1129,DE_OCGT,2030,10,1,2,true,80.0
1130,DE_OCGT,2030,10,3,4,true,80.0
1131,DE_OCGT,2030,10,5,6,true,80.0
1132,DE_OCGT,2030,10,7,8,true,63.0
1133,DE_OCGT,2030,10,9,10,true,53.0
1134,DE_OCGT,2030,10,11,12,true,80.0
1135,DE_OCGT,2030,10,13,14,true,80.0
1136,DE_OCGT,2030,10,15,16,true,80.0
1137,DE_OCGT,2030,10,17,18,true,80.0
1138,DE_OCGT,2030,10,19,20,true,80.0
1139,DE_OCGT,2030,10,21,22,true,80.0
1140,DE_OCGT,2030,10,23,24,true,80.0
1141,FR_CCGT,2030,1,1,2,true,-0.0
1142,FR_CCGT,2030,1,3,4,true,-0.0
1143,FR_CCGT,2030,1,5,6,true,19.0
1144,FR_CCGT,2030,1,7,8,true,19.0
1145,FR_CCGT,2030,1,9,10,true,19.0
1146,FR_CCGT,2030,1,11,12,true,19.0
1147,FR_CCGT,2030,1,13,14,true,6.0
1148,FR_CCGT,2030,1,15,16,true,-0.0
1149,FR_CCGT,2030,1,17,18,true,7.0
1150,FR_CCGT,2030,1,19,20,true,19.0
1151,FR_CCGT,2030,1,21,22,true,19.0
1152,FR_CCGT,2030,1,23,24,true,-0.0
1153,FR_CCGT,2030,2,1,2,true,0.0
1154,FR_CCGT,2030,2,3,4,true,-0.0
1155,FR_CCGT,2030,2,5,6,true,0.0
1156,FR_CCGT,2030,2,7,8,true,-0.0
1157,FR_CCGT,2030,2,9,10,true,-0.0
1158,FR_CCGT,2030,2,11,12,true,0.0
1159,FR_CCGT,2030,2,13,14,true,0.0
1160,FR_CCGT,2030,2,15,16,true,0.0
1161,FR_CCGT,2030,2,17,18,true,0.0
1162,FR_CCGT,2030,2,19,20,true,-0.0
1163,FR_CCGT,2030,2,21,22,true,-0.0
1164,FR_CCGT,2030,2,23,24,true,-0.0
1165,FR_CCGT,2030,3,1,2,true,-0.0
1166,FR_CCGT,2030,3,3,4,true,-0.0
1167,FR_CCGT,2030,3,5,6,true,-0.0
1168,FR_CCGT,2030,3,7,8,true,-0.0
1169,FR_CCGT,2030,3,9,10,true,-0.0
1170,FR_CCGT,2030,3,11,12,true,0.0
1171,FR_CCGT,2030,3,13,14,true,-0.0
1172,FR_CCGT,2030,3,15,16,true,-0.0
1173,FR_CCGT,2030,3,17,18,true,6.0
1174,FR_CCGT,2030,3,19,20,true,-0.0
1175,FR_CCGT,2030,3,21,22,true,7.0
1176,FR_CCGT,2030,3,23,24,true,-0.0
1177,FR_CCGT,2030,4,1,2,true,-0.0
1178,FR_CCGT,2030,4,3,4,true,-0.0
1179,FR_CCGT,2030,4,5,6,true,-0.0
1180,FR_CCGT,2030,4,7,8,true,-0.0
1181,FR_CCGT,2030,4,9,10,true,-0.0
1182,FR_CCGT,2030,4,11,12,true,-0.0
1183,FR_CCGT,2030,4,13,14,true,-0.0
1184,FR_CCGT,2030,4,15,16,true,-0.0
1185,FR_CCGT,2030,4,17,18,true,-0.0
1186,FR_CCGT,2030,4,19,20,true,-0.0
1187,FR_CCGT,2030,4,21,22,true,-0.0
1188,FR_CCGT,2030,4,23,24,true,-0.0
1189,FR_CCGT,2030,5,1,2,true,-0.0
1190,FR_CCGT,2030,5,3,4,true,0.0
1191,FR_CCGT,2030,5,5,6,true,-0.0
1192,FR_CCGT,2030,5,7,8,true,-0.0
1193,FR_CCGT,2030,5,9,10,true,-0.0
1194,FR_CCGT,2030,5,11,12,true,-0.0
1195,FR_CCGT,2030,5,13,14,true,-0.0
1196,FR_CCGT,2030,5,15,16,true,-0.0
1197,FR_CCGT,2030,5,17,18,true,-0.0
1198,FR_CCGT,2030,5,19,20,true,-0.0
1199,FR_CCGT,2030,5,21,22,true,-0.0
1200,FR_CCGT,2030,5,23,24,true,-0.0
1201,FR_CCGT,2030,6,1,2,true,-0.0
1202,FR_CCGT,2030,6,3,4,true,-0.0
1203,FR_CCGT,2030,6,5,6,true,-0.0
1204,FR_CCGT,2030,6,7,8,true,-0.0
1205,FR_CCGT,2030,6,9,10,true,8.0
1206,FR_CCGT,2030,6,11,12,true,-0.0
1207,FR_CCGT,2030,6,13,14,true,-0.0
1208,FR_CCGT,2030,6,15,16,true,-0.0
1209,FR_CCGT,2030,6,17,18,true,-0.0
1210,FR_CCGT,2030,6,19,20,true,-0.0
1211,FR_CCGT,2030,6,21,22,true,7.0
1212,FR_CCGT,2030,6,23,24,true,-0.0
1213,FR_CCGT,2030,7,1,2,true,0.0
1214,FR_CCGT,2030,7,3,4,true,3.0
1215,FR_CCGT,2030,7,5,6,true,19.0
1216,FR_CCGT,2030,7,7,8,true,19.0
1217,FR_CCGT,2030,7,9,10,true,19.0
1218,FR_CCGT,2030,7,11,12,true,19.0
1219,FR_CCGT,2030,7,13,14,true,19.0
1220,FR_CCGT,2030,7,15,16,true,19.0
1221,FR_CCGT,2030,7,17,18,true,19.0
1222,FR_CCGT,2030,7,19,20,true,19.0
1223,FR_CCGT,2030,7,21,22,true,19.0
1224,FR_CCGT,2030,7,23,24,true,19.0
1225,FR_CCGT,2030,8,1,2,true,-0.0
1226,FR_CCGT,2030,8,3,4,true,-0.0
1227,FR_CCGT,2030,8,5,6,true,-0.0
1228,FR_CCGT,2030,8,7,8,true,-0.0
1229,FR_CCGT,2030,8,9,10,true,-0.0
1230,FR_CCGT,2030,8,11,12,true,-0.0
1231,FR_CCGT,2030,8,13,14,true,-0.0
1232,FR_CCGT,2030,8,15,16,true,-0.0
1233,FR_CCGT,2030,8,17,18,true,-0.0
1234,FR_CCGT,2030,8,19,20,true,-0.0
1235,FR_CCGT,2030,8,21,22,true,-0.0
1236,FR_CCGT,2030,8,23,24,true,-0.0
1237,FR_CCGT,2030,9,1,2,true,-0.0
1238,FR_CCGT,2030,9,3,4,true,0.0
1239,FR_CCGT,2030,9,5,6,true,-0.0
1240,FR_CCGT,2030,9,7,8,true,0.0
1241,FR_CCGT,2030,9,9,10,true,-0.0
1242,FR_CCGT,2030,9,11,12,true,-0.0
1243,FR_CCGT,2030,9,13,14,true,-0.0
1244,FR_CCGT,2030,9,15,16,true,0.0
1245,FR_CCGT,2030,9,17,18,true,0.0
1246,FR_CCGT,2030,9,19,20,true,0.0
1247,FR_CCGT,2030,9,21,22,true,7.0
1248,FR_CCGT,2030,9,23,24,true,0.0
1249,FR_CCGT,2030,10,1,2,true,5.0
1250,FR_CCGT,2030,10,3,4,true,0.0
1251,FR_CCGT,2030,10,5,6,true,0.0
1252,FR_CCGT,2030,10,7,8,true,8.0
1253,FR_CCGT,2030,10,9,10,true,4.0
1254,FR_CCGT,2030,10,11,12,true,19.0
1255,FR_CCGT,2030,10,13,14,true,6.0
1256,FR_CCGT,2030,10,15,16,true,-0.0
1257,FR_CCGT,2030,10,17,18,true,5.0
1258,FR_CCGT,2030,10,19,20,true,0.0
1259,FR_CCGT,2030,10,21,22,true,15.0
1260,FR_CCGT,2030,10,23,24,true,-0.0
1261,FR_Coal,2030,1,1,3,true,11.0
1262,FR_Coal,2030,1,4,6,true,11.0
1263,FR_Coal,2030,1,7,9,true,11.0
1264,FR_Coal,2030,1,10,12,true,11.0
1265,FR_Coal,2030,1,13,15,true,11.0
1266,FR_Coal,2030,1,16,18,true,11.0
1267,FR_Coal,2030,1,19,21,true,11.0
1268,FR_Coal,2030,1,22,24,true,11.0
1269,FR_Coal,2030,2,1,3,true,-0.0
1270,FR_Coal,2030,2,4,6,true,-0.0
1271,FR_Coal,2030,2,7,9,true,-0.0
1272,FR_Coal,2030,2,10,12,true,-0.0
1273,FR_Coal,2030,2,13,15,true,-0.0
1274,FR_Coal,2030,2,16,18,true,-0.0
1275,FR_Coal,2030,2,19,21,true,-0.0
1276,FR_Coal,2030,2,22,24,true,-0.0
1277,FR_Coal,2030,3,1,3,true,1.0
1278,FR_Coal,2030,3,4,6,true,1.0
1279,FR_Coal,2030,3,7,9,true,1.0
1280,FR_Coal,2030,3,10,12,true,1.0
1281,FR_Coal,2030,3,13,15,true,1.0
1282,FR_Coal,2030,3,16,18,true,1.0
1283,FR_Coal,2030,3,19,21,true,1.0
1284,FR_Coal,2030,3,22,24,true,1.0
1285,FR_Coal,2030,4,1,3,true,0.0
1286,FR_Coal,2030,4,4,6,true,0.0
1287,FR_Coal,2030,4,7,9,true,-0.0
1288,FR_Coal,2030,4,10,12,true,-0.0
1289,FR_Coal,2030,4,13,15,true,-0.0
1290,FR_Coal,2030,4,16,18,true,-0.0
1291,FR_Coal,2030,4,19,21,true,-0.0
1292,FR_Coal,2030,4,22,24,true,0.0
1293,FR_Coal,2030,5,1,3,true,-0.0
1294,FR_Coal,2030,5,4,6,true,-0.0
1295,FR_Coal,2030,5,7,9,true,-0.0
1296,FR_Coal,2030,5,10,12,true,-0.0
1297,FR_Coal,2030,5,13,15,true,-0.0
1298,FR_Coal,2030,5,16,18,true,-0.0
1299,FR_Coal,2030,5,19,21,true,-0.0
1300,FR_Coal,2030,5,22,24,true,-0.0
1301,FR_Coal,2030,6,1,3,true,-0.0
1302,FR_Coal,2030,6,4,6,true,-0.0
1303,FR_Coal,2030,6,7,9,true,-0.0
1304,FR_Coal,2030,6,10,12,true,-0.0
1305,FR_Coal,2030,6,13,15,true,-0.0
1306,FR_Coal,2030,6,16,18,true,-0.0
1307,FR_Coal,2030,6,19,21,true,-0.0
1308,FR_Coal,2030,6,22,24,true,-0.0
1309,FR_Coal,2030,7,1,3,true,11.0
1310,FR_Coal,2030,7,4,6,true,11.0
1311,FR_Coal,2030,7,7,9,true,11.0
1312,FR_Coal,2030,7,10,12,true,11.0
1313,FR_Coal,2030,7,13,15,true,11.0
1314,FR_Coal,2030,7,16,18,true,11.0
1315,FR_Coal,2030,7,19,21,true,11.0
1316,FR_Coal,2030,7,22,24,true,11.0
1317,FR_Coal,2030,8,1,3,true,-0.0
1318,FR_Coal,2030,8,4,6,true,-0.0
1319,FR_Coal,2030,8,7,9,true,-0.0
1320,FR_Coal,2030,8,10,12,true,-0.0
1321,FR_Coal,2030,8,13,15,true,-0.0
1322,FR_Coal,2030,8,16,18,true,-0.0
1323,FR_Coal,2030,8,19,21,true,-0.0
1324,FR_Coal,2030,8,22,24,true,-0.0
1325,FR_Coal,2030,9,1,3,true,0.0
1326,FR_Coal,2030,9,4,6,true,0.0
1327,FR_Coal,2030,9,7,9,true,0.0
1328,FR_Coal,2030,9,10,12,true,0.0
1329,FR_Coal,2030,9,13,15,true,1.0
1330,FR_Coal,2030,9,16,18,true,2.0
1331,FR_Coal,2030,9,19,21,true,3.0
1332,FR_Coal,2030,9,22,24,true,4.0
1333,FR_Coal,2030,10,1,3,true,11.0
1334,FR_Coal,2030,10,4,6,true,11.0
1335,FR_Coal,2030,10,7,9,true,11.0
1336,FR_Coal,2030,10,10,12,true,11.0
1337,FR_Coal,2030,10,13,15,true,11.0
1338,FR_Coal,2030,10,16,18,true,11.0
1339,FR_Coal,2030,10,19,21,true,11.0
1340,FR_Coal,2030,10,22,24,true,11.0
1341,FR_Nuclear,2030,1,1,4,true,0.0
1342,FR_Nuclear,2030,1,5,8,true,0.0
1343,FR_Nuclear,2030,1,9,12,true,0.0
1344,FR_Nuclear,2030,1,13,16,true,0.0
1345,FR_Nuclear,2030,1,17,20,true,0.0
1346,FR_Nuclear,2030,1,21,24,true,0.0
1347,FR_Nuclear,2030,2,1,4,true,0.0
1348,FR_Nuclear,2030,2,5,8,true,0.0
1349,FR_Nuclear,2030,2,9,12,true,0.0
1350,FR_Nuclear,2030,2,13,16,true,0.0
1351,FR_Nuclear,2030,2,17,20,true,0.0
1352,FR_Nuclear,2030,2,21,24,true,0.0
1353,FR_Nuclear,2030,3,1,4,true,0.0
1354,FR_Nuclear,2030,3,5,8,true,0.0
1355,FR_Nuclear,2030,3,9,12,true,0.0
1356,FR_Nuclear,2030,3,13,16,true,0.0
1357,FR_Nuclear,2030,3,17,20,true,0.0
1358,FR_Nuclear,2030,3,21,24,true,0.0
1359,FR_Nuclear,2030,4,1,4,true,0.0
1360,FR_Nuclear,2030,4,5,8,true,0.0
1361,FR_Nuclear,2030,4,9,12,true,0.0
1362,FR_Nuclear,2030,4,13,16,true,0.0
1363,FR_Nuclear,2030,4,17,20,true,0.0
1364,FR_Nuclear,2030,4,21,24,true,0.0
1365,FR_Nuclear,2030,5,1,4,true,0.0
1366,FR_Nuclear,2030,5,5,8,true,0.0
1367,FR_Nuclear,2030,5,9,12,true,0.0
1368,FR_Nuclear,2030,5,13,16,true,0.0
1369,FR_Nuclear,2030,5,17,20,true,0.0
1370,FR_Nuclear,2030,5,21,24,true,0.0
1371,FR_Nuclear,2030,6,1,4,true,0.0
1372,FR_Nuclear,2030,6,5,8,true,0.0
1373,FR_Nuclear,2030,6,9,12,true,0.0
1374,FR_Nuclear,2030,6,13,16,true,0.0
1375,FR_Nuclear,2030,6,17,20,true,0.0
1376,FR_Nuclear,2030,6,21,24,true,0.0
1377,FR_Nuclear,2030,7,1,4,true,0.0
1378,FR_Nuclear,2030,7,5,8,true,0.0
1379,FR_Nuclear,2030,7,9,12,true,0.0
1380,FR_Nuclear,2030,7,13,16,true,0.0
1381,FR_Nuclear,2030,7,17,20,true,0.0
1382,FR_Nuclear,2030,7,21,24,true,0.0
1383,FR_Nuclear,2030,8,1,4,true,0.0
1384,FR_Nuclear,2030,8,5,8,true,0.0
1385,FR_Nuclear,2030,8,9,12,true,0.0
1386,FR_Nuclear,2030,8,13,16,true,0.0
1387,FR_Nuclear,2030,8,17,20,true,0.0
1388,FR_Nuclear,2030,8,21,24,true,0.0
1389,FR_Nuclear,2030,9,1,4,true,0.0
1390,FR_Nuclear,2030,9,5,8,true,0.0
1391,FR_Nuclear,2030,9,9,12,true,0.0
1392,FR_Nuclear,2030,9,13,16,true,0.0
1393,FR_Nuclear,2030,9,17,20,true,0.0
1394,FR_Nuclear,2030,9,21,24,true,0.0
1395,FR_Nuclear,2030,10,1,4,true,0.0
1396,FR_Nuclear,2030,10,5,8,true,0.0
1397,FR_Nuclear,2030,10,9,12,true,0.0
1398,FR_Nuclear,2030,10,13,16,true,0.0
1399,FR_Nuclear,2030,10,17,20,true,0.0
1400,FR_Nuclear,2030,10,21,24,true,0.0
1401,FR_OCGT,2030,1,1,2,true,-0.0
1402,FR_OCGT,2030,1,3,4,true,-0.0
1403,FR_OCGT,2030,1,5,6,true,-0.0
1404,FR_OCGT,2030,1,7,8,true,-0.0
1405,FR_OCGT,2030,1,9,10,true,-0.0
1406,FR_OCGT,2030,1,11,12,true,-0.0
1407,FR_OCGT,2030,1,13,14,true,-0.0
1408,FR_OCGT,2030,1,15,16,true,-0.0
1409,FR_OCGT,2030,1,17,18,true,-0.0
1410,FR_OCGT,2030,1,19,20,true,-0.0
1411,FR_OCGT,2030,1,21,22,true,-0.0
1412,FR_OCGT,2030,1,23,24,true,-0.0
1413,FR_OCGT,2030,2,1,2,true,-0.0
1414,FR_OCGT,2030,2,3,4,true,-0.0
1415,FR_OCGT,2030,2,5,6,true,-0.0
1416,FR_OCGT,2030,2,7,8,true,-0.0
1417,FR_OCGT,2030,2,9,10,true,-0.0
1418,FR_OCGT,2030,2,11,12,true,-0.0
1419,FR_OCGT,2030,2,13,14,true,-0.0
1420,FR_OCGT,2030,2,15,16,true,-0.0
1421,FR_OCGT,2030,2,17,18,true,-0.0
1422,FR_OCGT,2030,2,19,20,true,-0.0
1423,FR_OCGT,2030,2,21,22,true,-0.0
1424,FR_OCGT,2030,2,23,24,true,-0.0
1425,FR_OCGT,2030,3,1,2,true,-0.0
1426,FR_OCGT,2030,3,3,4,true,-0.0
1427,FR_OCGT,2030,3,5,6,true,-0.0
1428,FR_OCGT,2030,3,7,8,true,-0.0
1429,FR_OCGT,2030,3,9,10,true,-0.0
1430,FR_OCGT,2030,3,11,12,true,-0.0
1431,FR_OCGT,2030,3,13,14,true,-0.0
1432,FR_OCGT,2030,3,15,16,true,-0.0
1433,FR_OCGT,2030,3,17,18,true,-0.0
1434,FR_OCGT,2030,3,19,20,true,-0.0
1435,FR_OCGT,2030,3,21,22,true,-0.0
1436,FR_OCGT,2030,3,23,24,true,-0.0
1437,FR_OCGT,2030,4,1,2,true,-0.0
1438,FR_OCGT,2030,4,3,4,true,-0.0
1439,FR_OCGT,2030,4,5,6,true,-0.0
1440,FR_OCGT,2030,4,7,8,true,-0.0
1441,FR_OCGT,2030,4,9,10,true,-0.0
1442,FR_OCGT,2030,4,11,12,true,-0.0
1443,FR_OCGT,2030,4,13,14,true,-0.0
1444,FR_OCGT,2030,4,15,16,true,-0.0
1445,FR_OCGT,2030,4,17,18,true,-0.0
1446,FR_OCGT,2030,4,19,20,true,-0.0
1447,FR_OCGT,2030,4,21,22,true,-0.0
1448,FR_OCGT,2030,4,23,24,true,-0.0
1449,FR_OCGT,2030,5,1,2,true,-0.0
1450,FR_OCGT,2030,5,3,4,true,-0.0
1451,FR_OCGT,2030,5,5,6,true,-0.0
1452,FR_OCGT,2030,5,7,8,true,-0.0
1453,FR_OCGT,2030,5,9,10,true,-0.0
1454,FR_OCGT,2030,5,11,12,true,-0.0
1455,FR_OCGT,2030,5,13,14,true,-0.0
1456,FR_OCGT,2030,5,15,16,true,-0.0
1457,FR_OCGT,2030,5,17,18,true,-0.0
1458,FR_OCGT,2030,5,19,20,true,-0.0
1459,FR_OCGT,2030,5,21,22,true,-0.0
1460,FR_OCGT,2030,5,23,24,true,-0.0
1461,FR_OCGT,2030,6,1,2,true,-0.0
1462,FR_OCGT,2030,6,3,4,true,-0.0
1463,FR_OCGT,2030,6,5,6,true,-0.0
1464,FR_OCGT,2030,6,7,8,true,-0.0
1465,FR_OCGT,2030,6,9,10,true,-0.0
1466,FR_OCGT,2030,6,11,12,true,-0.0
1467,FR_OCGT,2030,6,13,14,true,-0.0
1468,FR_OCGT,2030,6,15,16,true,-0.0
1469,FR_OCGT,2030,6,17,18,true,-0.0
1470,FR_OCGT,2030,6,19,20,true,-0.0
1471,FR_OCGT,2030,6,21,22,true,-0.0
1472,FR_OCGT,2030,6,23,24,true,-0.0
1473,FR_OCGT,2030,7,1,2,true,-0.0
1474,FR_OCGT,2030,7,3,4,true,-0.0
1475,FR_OCGT,2030,7,5,6,true,-0.0
1476,FR_OCGT,2030,7,7,8,true,-0.0
1477,FR_OCGT,2030,7,9,10,true,-0.0
1478,FR_OCGT,2030,7,11,12,true,-0.0
1479,FR_OCGT,2030,7,13,14,true,-0.0
1480,FR_OCGT,2030,7,15,16,true,-0.0
1481,FR_OCGT,2030,7,17,18,true,-0.0
1482,FR_OCGT,2030,7,19,20,true,-0.0
1483,FR_OCGT,2030,7,21,22,true,-0.0
1484,FR_OCGT,2030,7,23,24,true,-0.0
1485,FR_OCGT,2030,8,1,2,true,-0.0
1486,FR_OCGT,2030,8,3,4,true,-0.0
1487,FR_OCGT,2030,8,5,6,true,-0.0
1488,FR_OCGT,2030,8,7,8,true,-0.0
1489,FR_OCGT,2030,8,9,10,true,-0.0
1490,FR_OCGT,2030,8,11,12,true,-0.0
1491,FR_OCGT,2030,8,13,14,true,-0.0
1492,FR_OCGT,2030,8,15,16,true,-0.0
1493,FR_OCGT,2030,8,17,18,true,-0.0
1494,FR_OCGT,2030,8,19,20,true,-0.0
1495,FR_OCGT,2030,8,21,22,true,-0.0
1496,FR_OCGT,2030,8,23,24,true,-0.0
1497,FR_OCGT,2030,9,1,2,true,-0.0
1498,FR_OCGT,2030,9,3,4,true,-0.0
1499,FR_OCGT,2030,9,5,6,true,-0.0
1500,FR_OCGT,2030,9,7,8,true,-0.0
1501,FR_OCGT,2030,9,9,10,true,-0.0
1502,FR_OCGT,2030,9,11,12,true,-0.0
1503,FR_OCGT,2030,9,13,14,true,-0.0
1504,FR_OCGT,2030,9,15,16,true,-0.0
1505,FR_OCGT,2030,9,17,18,true,-0.0
1506,FR_OCGT,2030,9,19,20,true,-0.0
1507,FR_OCGT,2030,9,21,22,true,-0.0
1508,FR_OCGT,2030,9,23,24,true,-0.0
1509,FR_OCGT,2030,10,1,2,true,-0.0
1510,FR_OCGT,2030,10,3,4,true,-0.0
1511,FR_OCGT,2030,10,5,6,true,-0.0
1512,FR_OCGT,2030,10,7,8,true,-0.0
1513,FR_OCGT,2030,10,9,10,true,-0.0
1514,FR_OCGT,2030,10,11,12,true,-0.0
1515,FR_OCGT,2030,10,13,14,true,-0.0
1516,FR_OCGT,2030,10,15,16,true,-0.0
1517,FR_OCGT,2030,10,17,18,true,-0.0
1518,FR_OCGT,2030,10,19,20,true,-0.0
1519,FR_OCGT,2030,10,21,22,true,-0.0
1520,FR_OCGT,2030,10,23,24,true,-0.0
1521,LU_CCGT,2030,1,1,2,true,-0.0
1522,LU_CCGT,2030,1,3,4,true,-0.0
1523,LU_CCGT,2030,1,5,6,true,-0.0
1524,LU_CCGT,2030,1,7,8,true,-0.0
1525,LU_CCGT,2030,1,9,10,true,1.0
1526,LU_CCGT,2030,1,11,12,true,1.0
1527,LU_CCGT,2030,1,13,14,true,-0.0
1528,LU_CCGT,2030,1,15,16,true,-0.0
1529,LU_CCGT,2030,1,17,18,true,1.0
1530,LU_CCGT,2030,1,19,20,true,1.0
1531,LU_CCGT,2030,1,21,22,true,1.0
1532,LU_CCGT,2030,1,23,24,true,-0.0
1533,LU_CCGT,2030,2,1,2,true,0.0
1534,LU_CCGT,2030,2,3,4,true,0.0
1535,LU_CCGT,2030,2,5,6,true,0.0
1536,LU_CCGT,2030,2,7,8,true,0.0
1537,LU_CCGT,2030,2,9,10,true,0.0
1538,LU_CCGT,2030,2,11,12,true,0.0
1539,LU_CCGT,2030,2,13,14,true,0.0
1540,LU_CCGT,2030,2,15,16,true,0.0
1541,LU_CCGT,2030,2,17,18,true,0.0
1542,LU_CCGT,2030,2,19,20,true,0.0
1543,LU_CCGT,2030,2,21,22,true,0.0
1544,LU_CCGT,2030,2,23,24,true,0.0
1545,LU_CCGT,2030,3,1,2,true,-0.0
1546,LU_CCGT,2030,3,3,4,true,-0.0
1547,LU_CCGT,2030,3,5,6,true,-0.0
1548,LU_CCGT,2030,3,7,8,true,-0.0
1549,LU_CCGT,2030,3,9,10,true,-0.0
1550,LU_CCGT,2030,3,11,12,true,-0.0
1551,LU_CCGT,2030,3,13,14,true,-0.0
1552,LU_CCGT,2030,3,15,16,true,-0.0
1553,LU_CCGT,2030,3,17,18,true,-0.0
1554,LU_CCGT,2030,3,19,20,true,-0.0
1555,LU_CCGT,2030,3,21,22,true,0.0
1556,LU_CCGT,2030,3,23,24,true,-0.0
1557,LU_CCGT,2030,4,1,2,true,-0.0
1558,LU_CCGT,2030,4,3,4,true,-0.0
1559,LU_CCGT,2030,4,5,6,true,-0.0
1560,LU_CCGT,2030,4,7,8,true,-0.0
1561,LU_CCGT,2030,4,9,10,true,-0.0
1562,LU_CCGT,2030,4,11,12,true,-0.0
1563,LU_CCGT,2030,4,13,14,true,-0.0
1564,LU_CCGT,2030,4,15,16,true,-0.0
1565,LU_CCGT,2030,4,17,18,true,-0.0
1566,LU_CCGT,2030,4,19,20,true,-0.0
1567,LU_CCGT,2030,4,21,22,true,-0.0
1568,LU_CCGT,2030,4,23,24,true,-0.0
1569,LU_CCGT,2030,5,1,2,true,-0.0
1570,LU_CCGT,2030,5,3,4,true,-0.0
1571,LU_CCGT,2030,5,5,6,true,-0.0
1572,LU_CCGT,2030,5,7,8,true,-0.0
1573,LU_CCGT,2030,5,9,10,true,-0.0
1574,LU_CCGT,2030,5,11,12,true,-0.0
1575,LU_CCGT,2030,5,13,14,true,-0.0
1576,LU_CCGT,2030,5,15,16,true,-0.0
1577,LU_CCGT,2030,5,17,18,true,-0.0
1578,LU_CCGT,2030,5,19,20,true,-0.0
1579,LU_CCGT,2030,5,21,22,true,-0.0
1580,LU_CCGT,2030,5,23,24,true,-0.0
1581,LU_CCGT,2030,6,1,2,true,-0.0
1582,LU_CCGT,2030,6,3,4,true,-0.0
1583,LU_CCGT,2030,6,5,6,true,1.0
1584,LU_CCGT,2030,6,7,8,true,0.0
1585,LU_CCGT,2030,6,9,10,true,-0.0
1586,LU_CCGT,2030,6,11,12,true,-0.0
1587,LU_CCGT,2030,6,13,14,true,-0.0
1588,LU_CCGT,2030,6,15,16,true,-0.0
1589,LU_CCGT,2030,6,17,18,true,-0.0
1590,LU_CCGT,2030,6,19,20,true,-0.0
1591,LU_CCGT,2030,6,21,22,true,-0.0
1592,LU_CCGT,2030,6,23,24,true,-0.0
1593,LU_CCGT,2030,7,1,2,true,1.0
1594,LU_CCGT,2030,7,3,4,true,-0.0
1595,LU_CCGT,2030,7,5,6,true,1.0
1596,LU_CCGT,2030,7,7,8,true,1.0
1597,LU_CCGT,2030,7,9,10,true,1.0
1598,LU_CCGT,2030,7,11,12,true,1.0
1599,LU_CCGT,2030,7,13,14,true,1.0
1600,LU_CCGT,2030,7,15,16,true,1.0
1601,LU_CCGT,2030,7,17,18,true,1.0
1602,LU_CCGT,2030,7,19,20,true,1.0
1603,LU_CCGT,2030,7,21,22,true,1.0
1604,LU_CCGT,2030,7,23,24,true,1.0
1605,LU_CCGT,2030,8,1,2,true,-0.0
1606,LU_CCGT,2030,8,3,4,true,-0.0
1607,LU_CCGT,2030,8,5,6,true,-0.0
1608,LU_CCGT,2030,8,7,8,true,-0.0
1609,LU_CCGT,2030,8,9,10,true,-0.0
1610,LU_CCGT,2030,8,11,12,true,-0.0
1611,LU_CCGT,2030,8,13,14,true,-0.0
1612,LU_CCGT,2030,8,15,16,true,-0.0
1613,LU_CCGT,2030,8,17,18,true,-0.0
1614,LU_CCGT,2030,8,19,20,true,-0.0
1615,LU_CCGT,2030,8,21,22,true,-0.0
1616,LU_CCGT,2030,8,23,24,true,-0.0
1617,LU_CCGT,2030,9,1,2,true,0.0
1618,LU_CCGT,2030,9,3,4,true,0.0
1619,LU_CCGT,2030,9,5,6,true,0.0
1620,LU_CCGT,2030,9,7,8,true,0.0
1621,LU_CCGT,2030,9,9,10,true,0.0
1622,LU_CCGT,2030,9,11,12,true,0.0
1623,LU_CCGT,2030,9,13,14,true,0.0
1624,LU_CCGT,2030,9,15,16,true,0.0
1625,LU_CCGT,2030,9,17,18,true,-0.0
1626,LU_CCGT,2030,9,19,20,true,-0.0
1627,LU_CCGT,2030,9,21,22,true,0.0
1628,LU_CCGT,2030,9,23,24,true,0.0
1629,LU_CCGT,2030,10,1,2,true,-0.0
1630,LU_CCGT,2030,10,3,4,true,0.0
1631,LU_CCGT,2030,10,5,6,true,0.0
1632,LU_CCGT,2030,10,7,8,true,1.0
1633,LU_CCGT,2030,10,9,10,true,1.0
1634,LU_CCGT,2030,10,11,12,true,1.0
1635,LU_CCGT,2030,10,13,14,true,1.0
1636,LU_CCGT,2030,10,15,16,true,1.0
1637,LU_CCGT,2030,10,17,18,true,1.0
1638,LU_CCGT,2030,10,19,20,true,1.0
1639,LU_CCGT,2030,10,21,22,true,-0.0
1640,LU_CCGT,2030,10,23,24,true,0.0
1641,LU_Coal,2030,1,1,3,true,2.0
1642,LU_Coal,2030,1,4,6,true,2.0
1643,LU_Coal,2030,1,7,9,true,2.0
1644,LU_Coal,2030,1,10,12,true,2.0
1645,LU_Coal,2030,1,13,15,true,2.0
1646,LU_Coal,2030,1,16,18,true,2.0
1647,LU_Coal,2030,1,19,21,true,2.0
1648,LU_Coal,2030,1,22,24,true,2.0
1649,LU_Coal,2030,2,1,3,true,-0.0
1650,LU_Coal,2030,2,4,6,true,-0.0
1651,LU_Coal,2030,2,7,9,true,-0.0
1652,LU_Coal,2030,2,10,12,true,-0.0
1653,LU_Coal,2030,2,13,15,true,-0.0
1654,LU_Coal,2030,2,16,18,true,-0.0
1655,LU_Coal,2030,2,19,21,true,-0.0
1656,LU_Coal,2030,2,22,24,true,-0.0
1657,LU_Coal,2030,3,1,3,true,-0.0
1658,LU_Coal,2030,3,4,6,true,-0.0
1659,LU_Coal,2030,3,7,9,true,-0.0
1660,LU_Coal,2030,3,10,12,true,-0.0
1661,LU_Coal,2030,3,13,15,true,-0.0
1662,LU_Coal,2030,3,16,18,true,-0.0
1663,LU_Coal,2030,3,19,21,true,-0.0
1664,LU_Coal,2030,3,22,24,true,-0.0
1665,LU_Coal,2030,4,1,3,true,-0.0
1666,LU_Coal,2030,4,4,6,true,-0.0
1667,LU_Coal,2030,4,7,9,true,-0.0
1668,LU_Coal,2030,4,10,12,true,-0.0
1669,LU_Coal,2030,4,13,15,true,-0.0
1670,LU_Coal,2030,4,16,18,true,-0.0
1671,LU_Coal,2030,4,19,21,true,-0.0
1672,LU_Coal,2030,4,22,24,true,-0.0
1673,LU_Coal,2030,5,1,3,true,-0.0
1674,LU_Coal,2030,5,4,6,true,-0.0
1675,LU_Coal,2030,5,7,9,true,-0.0
1676,LU_Coal,2030,5,10,12,true,-0.0
1677,LU_Coal,2030,5,13,15,true,-0.0
1678,LU_Coal,2030,5,16,18,true,-0.0
1679,LU_Coal,2030,5,19,21,true,-0.0
1680,LU_Coal,2030,5,22,24,true,-0.0
1681,LU_Coal,2030,6,1,3,true,2.0
1682,LU_Coal,2030,6,4,6,true,2.0
1683,LU_Coal,2030,6,7,9,true,2.0
1684,LU_Coal,2030,6,10,12,true,2.0
1685,LU_Coal,2030,6,13,15,true,1.0
1686,LU_Coal,2030,6,16,18,true,1.0
1687,LU_Coal,2030,6,19,21,true,2.0
1688,LU_Coal,2030,6,22,24,true,2.0
1689,LU_Coal,2030,7,1,3,true,2.0
1690,LU_Coal,2030,7,4,6,true,2.0
1691,LU_Coal,2030,7,7,9,true,2.0
1692,LU_Coal,2030,7,10,12,true,2.0
1693,LU_Coal,2030,7,13,15,true,2.0
1694,LU_Coal,2030,7,16,18,true,2.0
1695,LU_Coal,2030,7,19,21,true,2.0
1696,LU_Coal,2030,7,22,24,true,2.0
1697,LU_Coal,2030,8,1,3,true,-0.0
1698,LU_Coal,2030,8,4,6,true,-0.0
1699,LU_Coal,2030,8,7,9,true,-0.0
1700,LU_Coal,2030,8,10,12,true,-0.0
1701,LU_Coal,2030,8,13,15,true,-0.0
1702,LU_Coal,2030,8,16,18,true,-0.0
1703,LU_Coal,2030,8,19,21,true,-0.0
1704,LU_Coal,2030,8,22,24,true,-0.0
1705,LU_Coal,2030,9,1,3,true,-0.0
1706,LU_Coal,2030,9,4,6,true,-0.0
1707,LU_Coal,2030,9,7,9,true,-0.0
1708,LU_Coal,2030,9,10,12,true,-0.0
1709,LU_Coal,2030,9,13,15,true,-0.0
1710,LU_Coal,2030,9,16,18,true,-0.0
1711,LU_Coal,2030,9,19,21,true,-0.0
1712,LU_Coal,2030,9,22,24,true,-0.0
1713,LU_Coal,2030,10,1,3,true,2.0
1714,LU_Coal,2030,10,4,6,true,2.0
1715,LU_Coal,2030,10,7,9,true,2.0
1716,LU_Coal,2030,10,10,12,true,2.0
1717,LU_Coal,2030,10,13,15,true,2.0
1718,LU_Coal,2030,10,16,18,true,2.0
1719,LU_Coal,2030,10,19,21,true,2.0
1720,LU_Coal,2030,10,22,24,true,2.0
1721,LU_Nuclear,2030,1,1,4,true,0.0
1722,LU_Nuclear,2030,1,5,8,true,0.0
1723,LU_Nuclear,2030,1,9,12,true,0.0
1724,LU_Nuclear,2030,1,13,16,true,0.0
1725,LU_Nuclear,2030,1,17,20,true,0.0
1726,LU_Nuclear,2030,1,21,24,true,0.0
1727,LU_Nuclear,2030,2,1,4,true,0.0
1728,LU_Nuclear,2030,2,5,8,true,0.0
1729,LU_Nuclear,2030,2,9,12,true,0.0
1730,LU_Nuclear,2030,2,13,16,true,0.0
1731,LU_Nuclear,2030,2,17,20,true,0.0
1732,LU_Nuclear,2030,2,21,24,true,0.0
1733,LU_Nuclear,2030,3,1,4,true,0.0
1734,LU_Nuclear,2030,3,5,8,true,0.0
1735,LU_Nuclear,2030,3,9,12,true,0.0
1736,LU_Nuclear,2030,3,13,16,true,0.0
1737,LU_Nuclear,2030,3,17,20,true,0.0
1738,LU_Nuclear,2030,3,21,24,true,0.0
1739,LU_Nuclear,2030,4,1,4,true,0.0
1740,LU_Nuclear,2030,4,5,8,true,0.0
1741,LU_Nuclear,2030,4,9,12,true,0.0
1742,LU_Nuclear,2030,4,13,16,true,0.0
1743,LU_Nuclear,2030,4,17,20,true,0.0
1744,LU_Nuclear,2030,4,21,24,true,0.0
1745,LU_Nuclear,2030,5,1,4,true,0.0
1746,LU_Nuclear,2030,5,5,8,true,0.0
1747,LU_Nuclear,2030,5,9,12,true,0.0
1748,LU_Nuclear,2030,5,13,16,true,0.0
1749,LU_Nuclear,2030,5,17,20,true,0.0
1750,LU_Nuclear,2030,5,21,24,true,0.0
1751,LU_Nuclear,2030,6,1,4,true,0.0
1752,LU_Nuclear,2030,6,5,8,true,0.0
1753,LU_Nuclear,2030,6,9,12,true,0.0
1754,LU_Nuclear,2030,6,13,16,true,0.0
1755,LU_Nuclear,2030,6,17,20,true,0.0
1756,LU_Nuclear,2030,6,21,24,true,0.0
1757,LU_Nuclear,2030,7,1,4,true,0.0
1758,LU_Nuclear,2030,7,5,8,true,0.0
1759,LU_Nuclear,2030,7,9,12,true,0.0
1760,LU_Nuclear,2030,7,13,16,true,0.0
1761,LU_Nuclear,2030,7,17,20,true,0.0
1762,LU_Nuclear,2030,7,21,24,true,0.0
1763,LU_Nuclear,2030,8,1,4,true,0.0
1764,LU_Nuclear,2030,8,5,8,true,0.0
1765,LU_Nuclear,2030,8,9,12,true,0.0
1766,LU_Nuclear,2030,8,13,16,true,0.0
1767,LU_Nuclear,2030,8,17,20,true,0.0
1768,LU_Nuclear,2030,8,21,24,true,0.0
1769,LU_Nuclear,2030,9,1,4,true,0.0
1770,LU_Nuclear,2030,9,5,8,true,0.0
1771,LU_Nuclear,2030,9,9,12,true,0.0
1772,LU_Nuclear,2030,9,13,16,true,0.0
1773,LU_Nuclear,2030,9,17,20,true,0.0
1774,LU_Nuclear,2030,9,21,24,true,0.0
1775,LU_Nuclear,2030,10,1,4,true,0.0
1776,LU_Nuclear,2030,10,5,8,true,0.0
1777,LU_Nuclear,2030,10,9,12,true,0.0
1778,LU_Nuclear,2030,10,13,16,true,0.0
1779,LU_Nuclear,2030,10,17,20,true,0.0
1780,LU_Nuclear,2030,10,21,24,true,0.0
1781,LU_OCGT,2030,1,1,2,true,-0.0
1782,LU_OCGT,2030,1,3,4,true,-0.0
1783,LU_OCGT,2030,1,5,6,true,-0.0
1784,LU_OCGT,2030,1,7,8,true,-0.0
1785,LU_OCGT,2030,1,9,10,true,-0.0
1786,LU_OCGT,2030,1,11,12,true,-0.0
1787,LU_OCGT,2030,1,13,14,true,-0.0
1788,LU_OCGT,2030,1,15,16,true,-0.0
1789,LU_OCGT,2030,1,17,18,true,-0.0
1790,LU_OCGT,2030,1,19,20,true,-0.0
1791,LU_OCGT,2030,1,21,22,true,-0.0
1792,LU_OCGT,2030,1,23,24,true,-0.0
1793,LU_OCGT,2030,2,1,2,true,-0.0
1794,LU_OCGT,2030,2,3,4,true,-0.0
1795,LU_OCGT,2030,2,5,6,true,-0.0
1796,LU_OCGT,2030,2,7,8,true,-0.0
1797,LU_OCGT,2030,2,9,10,true,-0.0
1798,LU_OCGT,2030,2,11,12,true,-0.0
1799,LU_OCGT,2030,2,13,14,true,-0.0
1800,LU_OCGT,2030,2,15,16,true,-0.0
1801,LU_OCGT,2030,2,17,18,true,-0.0
1802,LU_OCGT,2030,2,19,20,true,-0.0
1803,LU_OCGT,2030,2,21,22,true,-0.0
1804,LU_OCGT,2030,2,23,24,true,-0.0
1805,LU_OCGT,2030,3,1,2,true,-0.0
1806,LU_OCGT,2030,3,3,4,true,-0.0
1807,LU_OCGT,2030,3,5,6,true,-0.0
1808,LU_OCGT,2030,3,7,8,true,-0.0
1809,LU_OCGT,2030,3,9,10,true,-0.0
1810,LU_OCGT,2030,3,11,12,true,-0.0
1811,LU_OCGT,2030,3,13,14,true,-0.0
1812,LU_OCGT,2030,3,15,16,true,-0.0
1813,LU_OCGT,2030,3,17,18,true,-0.0
1814,LU_OCGT,2030,3,19,20,true,-0.0
1815,LU_OCGT,2030,3,21,22,true,-0.0
1816,LU_OCGT,2030,3,23,24,true,-0.0
1817,LU_OCGT,2030,4,1,2,true,-0.0
1818,LU_OCGT,2030,4,3,4,true,-0.0
1819,LU_OCGT,2030,4,5,6,true,-0.0
1820,LU_OCGT,2030,4,7,8,true,-0.0
1821,LU_OCGT,2030,4,9,10,true,-0.0
1822,LU_OCGT,2030,4,11,12,true,-0.0
1823,LU_OCGT,2030,4,13,14,true,-0.0
1824,LU_OCGT,2030,4,15,16,true,-0.0
1825,LU_OCGT,2030,4,17,18,true,-0.0
1826,LU_OCGT,2030,4,19,20,true,-0.0
1827,LU_OCGT,2030,4,21,22,true,-0.0
1828,LU_OCGT,2030,4,23,24,true,-0.0
1829,LU_OCGT,2030,5,1,2,true,-0.0
1830,LU_OCGT,2030,5,3,4,true,-0.0
1831,LU_OCGT,2030,5,5,6,true,-0.0
1832,LU_OCGT,2030,5,7,8,true,-0.0
1833,LU_OCGT,2030,5,9,10,true,-0.0
1834,LU_OCGT,2030,5,11,12,true,-0.0
1835,LU_OCGT,2030,5,13,14,true,-0.0
1836,LU_OCGT,2030,5,15,16,true,-0.0
1837,LU_OCGT,2030,5,17,18,true,-0.0
1838,LU_OCGT,2030,5,19,20,true,-0.0
1839,LU_OCGT,2030,5,21,22,true,-0.0
1840,LU_OCGT,2030,5,23,24,true,-0.0
1841,LU_OCGT,2030,6,1,2,true,-0.0
1842,LU_OCGT,2030,6,3,4,true,-0.0
1843,LU_OCGT,2030,6,5,6,true,-0.0
1844,LU_OCGT,2030,6,7,8,true,-0.0
1845,LU_OCGT,2030,6,9,10,true,-0.0
1846,LU_OCGT,2030,6,11,12,true,-0.0
1847,LU_OCGT,2030,6,13,14,true,-0.0
1848,LU_OCGT,2030,6,15,16,true,-0.0
1849,LU_OCGT,2030,6,17,18,true,-0.0
1850,LU_OCGT,2030,6,19,20,true,-0.0
1851,LU_OCGT,2030,6,21,22,true,-0.0
1852,LU_OCGT,2030,6,23,24,true,-0.0
1853,LU_OCGT,2030,7,1,2,true,-0.0
1854,LU_OCGT,2030,7,3,4,true,-0.0
1855,LU_OCGT,2030,7,5,6,true,-0.0
1856,LU_OCGT,2030,7,7,8,true,-0.0
1857,LU_OCGT,2030,7,9,10,true,-0.0
1858,LU_OCGT,2030,7,11,12,true,-0.0
1859,LU_OCGT,2030,7,13,14,true,-0.0
1860,LU_OCGT,2030,7,15,16,true,-0.0
1861,LU_OCGT,2030,7,17,18,true,-0.0
1862,LU_OCGT,2030,7,19,20,true,-0.0
1863,LU_OCGT,2030,7,21,22,true,-0.0
1864,LU_OCGT,2030,7,23,24,true,-0.0
1865,LU_OCGT,2030,8,1,2,true,-0.0
1866,LU_OCGT,2030,8,3,4,true,-0.0
1867,LU_OCGT,2030,8,5,6,true,-0.0
1868,LU_OCGT,2030,8,7,8,true,-0.0
1869,LU_OCGT,2030,8,9,10,true,-0.0
1870,LU_OCGT,2030,8,11,12,true,-0.0
1871,LU_OCGT,2030,8,13,14,true,-0.0
1872,LU_OCGT,2030,8,15,16,true,-0.0
1873,LU_OCGT,2030,8,17,18,true,-0.0
1874,LU_OCGT,2030,8,19,20,true,-0.0
1875,LU_OCGT,2030,8,21,22,true,-0.0
1876,LU_OCGT,2030,8,23,24,true,-0.0
1877,LU_OCGT,2030,9,1,2,true,-0.0
1878,LU_OCGT,2030,9,3,4,true,-0.0
1879,LU_OCGT,2030,9,5,6,true,-0.0
1880,LU_OCGT,2030,9,7,8,true,-0.0
1881,LU_OCGT,2030,9,9,10,true,-0.0
1882,LU_OCGT,2030,9,11,12,true,-0.0
1883,LU_OCGT,2030,9,13,14,true,-0.0
1884,LU_OCGT,2030,9,15,16,true,-0.0
1885,LU_OCGT,2030,9,17,18,true,-0.0
1886,LU_OCGT,2030,9,19,20,true,-0.0
1887,LU_OCGT,2030,9,21,22,true,-0.0
1888,LU_OCGT,2030,9,23,24,true,-0.0
1889,LU_OCGT,2030,10,1,2,true,-0.0
1890,LU_OCGT,2030,10,3,4,true,-0.0
1891,LU_OCGT,2030,10,5,6,true,-0.0
1892,LU_OCGT,2030,10,7,8,true,-0.0
1893,LU_OCGT,2030,10,9,10,true,-0.0
1894,LU_OCGT,2030,10,11,12,true,-0.0
1895,LU_OCGT,2030,10,13,14,true,-0.0
1896,LU_OCGT,2030,10,15,16,true,-0.0
1897,LU_OCGT,2030,10,17,18,true,-0.0
1898,LU_OCGT,2030,10,19,20,true,-0.0
1899,LU_OCGT,2030,10,21,22,true,-0.0
1900,LU_OCGT,2030,10,23,24,true,-0.0
1901,NL_CCGT,2030,1,1,2,true,-0.0
1902,NL_CCGT,2030,1,3,4,true,-0.0
1903,NL_CCGT,2030,1,5,6,true,-0.0
1904,NL_CCGT,2030,1,7,8,true,3.0
1905,NL_CCGT,2030,1,9,10,true,12.0
1906,NL_CCGT,2030,1,11,12,true,12.0
1907,NL_CCGT,2030,1,13,14,true,-0.0
1908,NL_CCGT,2030,1,15,16,true,-0.0
1909,NL_CCGT,2030,1,17,18,true,-0.0
1910,NL_CCGT,2030,1,19,20,true,12.0
1911,NL_CCGT,2030,1,21,22,true,-0.0
1912,NL_CCGT,2030,1,23,24,true,-0.0
1913,NL_CCGT,2030,2,1,2,true,-0.0
1914,NL_CCGT,2030,2,3,4,true,-0.0
1915,NL_CCGT,2030,2,5,6,true,-0.0
1916,NL_CCGT,2030,2,7,8,true,-0.0
1917,NL_CCGT,2030,2,9,10,true,0.0
1918,NL_CCGT,2030,2,11,12,true,2.0
1919,NL_CCGT,2030,2,13,14,true,0.0
1920,NL_CCGT,2030,2,15,16,true,0.0
1921,NL_CCGT,2030,2,17,18,true,0.0
1922,NL_CCGT,2030,2,19,20,true,12.0
1923,NL_CCGT,2030,2,21,22,true,0.0
1924,NL_CCGT,2030,2,23,24,true,0.0
1925,NL_CCGT,2030,3,1,2,true,-0.0
1926,NL_CCGT,2030,3,3,4,true,-0.0
1927,NL_CCGT,2030,3,5,6,true,0.0
1928,NL_CCGT,2030,3,7,8,true,-0.0
1929,NL_CCGT,2030,3,9,10,true,-0.0
1930,NL_CCGT,2030,3,11,12,true,-0.0
1931,NL_CCGT,2030,3,13,14,true,-0.0
1932,NL_CCGT,2030,3,15,16,true,-0.0
1933,NL_CCGT,2030,3,17,18,true,-0.0
1934,NL_CCGT,2030,3,19,20,true,-0.0
1935,NL_CCGT,2030,3,21,22,true,-0.0
1936,NL_CCGT,2030,3,23,24,true,-0.0
1937,NL_CCGT,2030,4,1,2,true,0.0
1938,NL_CCGT,2030,4,3,4,true,-0.0
1939,NL_CCGT,2030,4,5,6,true,0.0
1940,NL_CCGT,2030,4,7,8,true,2.0
1941,NL_CCGT,2030,4,9,10,true,-0.0
1942,NL_CCGT,2030,4,11,12,true,-0.0
1943,NL_CCGT,2030,4,13,14,true,-0.0
1944,NL_CCGT,2030,4,15,16,true,-0.0
1945,NL_CCGT,2030,4,17,18,true,5.0
1946,NL_CCGT,2030,4,19,20,true,-0.0
1947,NL_CCGT,2030,4,21,22,true,-0.0
1948,NL_CCGT,2030,4,23,24,true,-0.0
1949,NL_CCGT,2030,5,1,2,true,-0.0
1950,NL_CCGT,2030,5,3,4,true,-0.0
1951,NL_CCGT,2030,5,5,6,true,-0.0
1952,NL_CCGT,2030,5,7,8,true,-0.0
1953,NL_CCGT,2030,5,9,10,true,-0.0
1954,NL_CCGT,2030,5,11,12,true,-0.0
1955,NL_CCGT,2030,5,13,14,true,-0.0
1956,NL_CCGT,2030,5,15,16,true,-0.0
1957,NL_CCGT,2030,5,17,18,true,-0.0
1958,NL_CCGT,2030,5,19,20,true,-0.0
1959,NL_CCGT,2030,5,21,22,true,-0.0
1960,NL_CCGT,2030,5,23,24,true,-0.0
1961,NL_CCGT,2030,6,1,2,true,-0.0
1962,NL_CCGT,2030,6,3,4,true,-0.0
1963,NL_CCGT,2030,6,5,6,true,12.0
1964,NL_CCGT,2030,6,7,8,true,2.0
1965,NL_CCGT,2030,6,9,10,true,5.0
1966,NL_CCGT,2030,6,11,12,true,-0.0
1967,NL_CCGT,2030,6,13,14,true,-0.0
1968,NL_CCGT,2030,6,15,16,true,-0.0
1969,NL_CCGT,2030,6,17,18,true,-0.0
1970,NL_CCGT,2030,6,19,20,true,-0.0
1971,NL_CCGT,2030,6,21,22,true,3.0
1972,NL_CCGT,2030,6,23,24,true,-0.0
1973,NL_CCGT,2030,7,1,2,true,0.0
1974,NL_CCGT,2030,7,3,4,true,0.0
1975,NL_CCGT,2030,7,5,6,true,6.0
1976,NL_CCGT,2030,7,7,8,true,12.0
1977,NL_CCGT,2030,7,9,10,true,12.0
1978,NL_CCGT,2030,7,11,12,true,12.0
1979,NL_CCGT,2030,7,13,14,true,12.0
1980,NL_CCGT,2030,7,15,16,true,12.0
1981,NL_CCGT,2030,7,17,18,true,12.0
1982,NL_CCGT,2030,7,19,20,true,12.0
1983,NL_CCGT,2030,7,21,22,true,5.0
1984,NL_CCGT,2030,7,23,24,true,-0.0
1985,NL_CCGT,2030,8,1,2,true,-0.0
1986,NL_CCGT,2030,8,3,4,true,-0.0
1987,NL_CCGT,2030,8,5,6,true,-0.0
1988,NL_CCGT,2030,8,7,8,true,-0.0
1989,NL_CCGT,2030,8,9,10,true,-0.0
1990,NL_CCGT,2030,8,11,12,true,-0.0
1991,NL_CCGT,2030,8,13,14,true,-0.0
1992,NL_CCGT,2030,8,15,16,true,-0.0
1993,NL_CCGT,2030,8,17,18,true,-0.0
1994,NL_CCGT,2030,8,19,20,true,-0.0
1995,NL_CCGT,2030,8,21,22,true,-0.0
1996,NL_CCGT,2030,8,23,24,true,0.0
1997,NL_CCGT,2030,9,1,2,true,-0.0
1998,NL_CCGT,2030,9,3,4,true,-0.0
1999,NL_CCGT,2030,9,5,6,true,-0.0
2000,NL_CCGT,2030,9,7,8,true,-0.0
2001,NL_CCGT,2030,9,9,10,true,0.0
2002,NL_CCGT,2030,9,11,12,true,0.0
2003,NL_CCGT,2030,9,13,14,true,0.0
2004,NL_CCGT,2030,9,15,16,true,0.0
2005,NL_CCGT,2030,9,17,18,true,-0.0
2006,NL_CCGT,2030,9,19,20,true,0.0
2007,NL_CCGT,2030,9,21,22,true,0.0
2008,NL_CCGT,2030,9,23,24,true,0.0
2009,NL_CCGT,2030,10,1,2,true,3.0
2010,NL_CCGT,2030,10,3,4,true,-0.0
2011,NL_CCGT,2030,10,5,6,true,5.0
2012,NL_CCGT,2030,10,7,8,true,12.0
2013,NL_CCGT,2030,10,9,10,true,12.0
2014,NL_CCGT,2030,10,11,12,true,12.0
2015,NL_CCGT,2030,10,13,14,true,12.0
2016,NL_CCGT,2030,10,15,16,true,12.0
2017,NL_CCGT,2030,10,17,18,true,12.0
2018,NL_CCGT,2030,10,19,20,true,12.0
2019,NL_CCGT,2030,10,21,22,true,2.0
2020,NL_CCGT,2030,10,23,24,true,0.0
2021,NL_Coal,2030,1,1,3,true,7.0
2022,NL_Coal,2030,1,4,6,true,7.0
2023,NL_Coal,2030,1,7,9,true,7.0
2024,NL_Coal,2030,1,10,12,true,7.0
2025,NL_Coal,2030,1,13,15,true,7.0
2026,NL_Coal,2030,1,16,18,true,7.0
2027,NL_Coal,2030,1,19,21,true,7.0
2028,NL_Coal,2030,1,22,24,true,7.0
2029,NL_Coal,2030,2,1,3,true,7.0
2030,NL_Coal,2030,2,4,6,true,7.0
2031,NL_Coal,2030,2,7,9,true,7.0
2032,NL_Coal,2030,2,10,12,true,7.0
2033,NL_Coal,2030,2,13,15,true,7.0
2034,NL_Coal,2030,2,16,18,true,7.0
2035,NL_Coal,2030,2,19,21,true,5.0
2036,NL_Coal,2030,2,22,24,true,5.0
2037,NL_Coal,2030,3,1,3,true,-0.0
2038,NL_Coal,2030,3,4,6,true,-0.0
2039,NL_Coal,2030,3,7,9,true,-0.0
2040,NL_Coal,2030,3,10,12,true,-0.0
2041,NL_Coal,2030,3,13,15,true,-0.0
2042,NL_Coal,2030,3,16,18,true,-0.0
2043,NL_Coal,2030,3,19,21,true,-0.0
2044,NL_Coal,2030,3,22,24,true,0.0
2045,NL_Coal,2030,4,1,3,true,2.0
2046,NL_Coal,2030,4,4,6,true,2.0
2047,NL_Coal,2030,4,7,9,true,2.0
2048,NL_Coal,2030,4,10,12,true,2.0
2049,NL_Coal,2030,4,13,15,true,2.0
2050,NL_Coal,2030,4,16,18,true,2.0
2051,NL_Coal,2030,4,19,21,true,1.0
2052,NL_Coal,2030,4,22,24,true,1.0
2053,NL_Coal,2030,5,1,3,true,-0.0
2054,NL_Coal,2030,5,4,6,true,-0.0
2055,NL_Coal,2030,5,7,9,true,-0.0
2056,NL_Coal,2030,5,10,12,true,-0.0
2057,NL_Coal,2030,5,13,15,true,-0.0
2058,NL_Coal,2030,5,16,18,true,-0.0
2059,NL_Coal,2030,5,19,21,true,-0.0
2060,NL_Coal,2030,5,22,24,true,-0.0
2061,NL_Coal,2030,6,1,3,true,7.0
2062,NL_Coal,2030,6,4,6,true,7.0
2063,NL_Coal,2030,6,7,9,true,7.0
2064,NL_Coal,2030,6,10,12,true,7.0
2065,NL_Coal,2030,6,13,15,true,7.0
2066,NL_Coal,2030,6,16,18,true,7.0
2067,NL_Coal,2030,6,19,21,true,7.0
2068,NL_Coal,2030,6,22,24,true,7.0
2069,NL_Coal,2030,7,1,3,true,7.0
2070,NL_Coal,2030,7,4,6,true,7.0
2071,NL_Coal,2030,7,7,9,true,7.0
2072,NL_Coal,2030,7,10,12,true,7.0
2073,NL_Coal,2030,7,13,15,true,7.0
2074,NL_Coal,2030,7,16,18,true,7.0
2075,NL_Coal,2030,7,19,21,true,7.0
2076,NL_Coal,2030,7,22,24,true,7.0
2077,NL_Coal,2030,8,1,3,true,-0.0
2078,NL_Coal,2030,8,4,6,true,-0.0
2079,NL_Coal,2030,8,7,9,true,-0.0
2080,NL_Coal,2030,8,10,12,true,-0.0
2081,NL_Coal,2030,8,13,15,true,-0.0
2082,NL_Coal,2030,8,16,18,true,-0.0
2083,NL_Coal,2030,8,19,21,true,-0.0
2084,NL_Coal,2030,8,22,24,true,-0.0
2085,NL_Coal,2030,9,1,3,true,-0.0
2086,NL_Coal,2030,9,4,6,true,-0.0
2087,NL_Coal,2030,9,7,9,true,-0.0
2088,NL_Coal,2030,9,10,12,true,-0.0
2089,NL_Coal,2030,9,13,15,true,-0.0
2090,NL_Coal,2030,9,16,18,true,-0.0
2091,NL_Coal,2030,9,19,21,true,-0.0
2092,NL_Coal,2030,9,22,24,true,-0.0
2093,NL_Coal,2030,10,1,3,true,7.0
2094,NL_Coal,2030,10,4,6,true,7.0
2095,NL_Coal,2030,10,7,9,true,7.0
2096,NL_Coal,2030,10,10,12,true,7.0
2097,NL_Coal,2030,10,13,15,true,7.0
2098,NL_Coal,2030,10,16,18,true,7.0
2099,NL_Coal,2030,10,19,21,true,7.0
2100,NL_Coal,2030,10,22,24,true,7.0
2101,NL_Nuclear,2030,1,1,4,true,0.0
2102,NL_Nuclear,2030,1,5,8,true,0.0
2103,NL_Nuclear,2030,1,9,12,true,0.0
2104,NL_Nuclear,2030,1,13,16,true,0.0
2105,NL_Nuclear,2030,1,17,20,true,0.0
2106,NL_Nuclear,2030,1,21,24,true,0.0
2107,NL_Nuclear,2030,2,1,4,true,0.0
2108,NL_Nuclear,2030,2,5,8,true,0.0
2109,NL_Nuclear,2030,2,9,12,true,0.0
2110,NL_Nuclear,2030,2,13,16,true,0.0
2111,NL_Nuclear,2030,2,17,20,true,0.0
2112,NL_Nuclear,2030,2,21,24,true,0.0
2113,NL_Nuclear,2030,3,1,4,true,0.0
2114,NL_Nuclear,2030,3,5,8,true,0.0
2115,NL_Nuclear,2030,3,9,12,true,0.0
2116,NL_Nuclear,2030,3,13,16,true,0.0
2117,NL_Nuclear,2030,3,17,20,true,0.0
2118,NL_Nuclear,2030,3,21,24,true,0.0
2119,NL_Nuclear,2030,4,1,4,true,0.0
2120,NL_Nuclear,2030,4,5,8,true,0.0
2121,NL_Nuclear,2030,4,9,12,true,0.0
2122,NL_Nuclear,2030,4,13,16,true,0.0
2123,NL_Nuclear,2030,4,17,20,true,0.0
2124,NL_Nuclear,2030,4,21,24,true,0.0
2125,NL_Nuclear,2030,5,1,4,true,0.0
2126,NL_Nuclear,2030,5,5,8,true,0.0
2127,NL_Nuclear,2030,5,9,12,true,0.0
2128,NL_Nuclear,2030,5,13,16,true,0.0
2129,NL_Nuclear,2030,5,17,20,true,0.0
2130,NL_Nuclear,2030,5,21,24,true,0.0
2131,NL_Nuclear,2030,6,1,4,true,0.0
2132,NL_Nuclear,2030,6,5,8,true,0.0
2133,NL_Nuclear,2030,6,9,12,true,0.0
2134,NL_Nuclear,2030,6,13,16,true,0.0
2135,NL_Nuclear,2030,6,17,20,true,0.0
2136,NL_Nuclear,2030,6,21,24,true,0.0
2137,NL_Nuclear,2030,7,1,4,true,0.0
2138,NL_Nuclear,2030,7,5,8,true,0.0
2139,NL_Nuclear,2030,7,9,12,true,0.0
2140,NL_Nuclear,2030,7,13,16,true,0.0
2141,NL_Nuclear,2030,7,17,20,true,0.0
2142,NL_Nuclear,2030,7,21,24,true,0.0
2143,NL_Nuclear,2030,8,1,4,true,0.0
2144,NL_Nuclear,2030,8,5,8,true,0.0
2145,NL_Nuclear,2030,8,9,12,true,0.0
2146,NL_Nuclear,2030,8,13,16,true,0.0
2147,NL_Nuclear,2030,8,17,20,true,0.0
2148,NL_Nuclear,2030,8,21,24,true,0.0
2149,NL_Nuclear,2030,9,1,4,true,0.0
2150,NL_Nuclear,2030,9,5,8,true,0.0
2151,NL_Nuclear,2030,9,9,12,true,0.0
2152,NL_Nuclear,2030,9,13,16,true,0.0
2153,NL_Nuclear,2030,9,17,20,true,0.0
2154,NL_Nuclear,2030,9,21,24,true,0.0
2155,NL_Nuclear,2030,10,1,4,true,0.0
2156,NL_Nuclear,2030,10,5,8,true,0.0
2157,NL_Nuclear,2030,10,9,12,true,0.0
2158,NL_Nuclear,2030,10,13,16,true,0.0
2159,NL_Nuclear,2030,10,17,20,true,0.0
2160,NL_Nuclear,2030,10,21,24,true,0.0
2161,NL_OCGT,2030,1,1,2,true,-0.0
2162,NL_OCGT,2030,1,3,4,true,-0.0
2163,NL_OCGT,2030,1,5,6,true,-0.0
2164,NL_OCGT,2030,1,7,8,true,-0.0
2165,NL_OCGT,2030,1,9,10,true,-0.0
2166,NL_OCGT,2030,1,11,12,true,-0.0
2167,NL_OCGT,2030,1,13,14,true,-0.0
2168,NL_OCGT,2030,1,15,16,true,-0.0
2169,NL_OCGT,2030,1,17,18,true,-0.0
2170,NL_OCGT,2030,1,19,20,true,-0.0
2171,NL_OCGT,2030,1,21,22,true,-0.0
2172,NL_OCGT,2030,1,23,24,true,-0.0
2173,NL_OCGT,2030,2,1,2,true,-0.0
2174,NL_OCGT,2030,2,3,4,true,-0.0
2175,NL_OCGT,2030,2,5,6,true,-0.0
2176,NL_OCGT,2030,2,7,8,true,-0.0
2177,NL_OCGT,2030,2,9,10,true,-0.0
2178,NL_OCGT,2030,2,11,12,true,-0.0
2179,NL_OCGT,2030,2,13,14,true,-0.0
2180,NL_OCGT,2030,2,15,16,true,-0.0
2181,NL_OCGT,2030,2,17,18,true,-0.0
2182,NL_OCGT,2030,2,19,20,true,-0.0
2183,NL_OCGT,2030,2,21,22,true,-0.0
2184,NL_OCGT,2030,2,23,24,true,-0.0
2185,NL_OCGT,2030,3,1,2,true,-0.0
2186,NL_OCGT,2030,3,3,4,true,-0.0
2187,NL_OCGT,2030,3,5,6,true,-0.0
2188,NL_OCGT,2030,3,7,8,true,-0.0
2189,NL_OCGT,2030,3,9,10,true,-0.0
2190,NL_OCGT,2030,3,11,12,true,-0.0
2191,NL_OCGT,2030,3,13,14,true,-0.0
2192,NL_OCGT,2030,3,15,16,true,-0.0
2193,NL_OCGT,2030,3,17,18,true,-0.0
2194,NL_OCGT,2030,3,19,20,true,-0.0
2195,NL_OCGT,2030,3,21,22,true,-0.0
2196,NL_OCGT,2030,3,23,24,true,-0.0
2197,NL_OCGT,2030,4,1,2,true,-0.0
2198,NL_OCGT,2030,4,3,4,true,-0.0
2199,NL_OCGT,2030,4,5,6,true,-0.0
2200,NL_OCGT,2030,4,7,8,true,-0.0
2201,NL_OCGT,2030,4,9,10,true,-0.0
2202,NL_OCGT,2030,4,11,12,true,-0.0
2203,NL_OCGT,2030,4,13,14,true,-0.0
2204,NL_OCGT,2030,4,15,16,true,-0.0
2205,NL_OCGT,2030,4,17,18,true,-0.0
2206,NL_OCGT,2030,4,19,20,true,-0.0
2207,NL_OCGT,2030,4,21,22,true,-0.0
2208,NL_OCGT,2030,4,23,24,true,-0.0
2209,NL_OCGT,2030,5,1,2,true,-0.0
2210,NL_OCGT,2030,5,3,4,true,-0.0
2211,NL_OCGT,2030,5,5,6,true,-0.0
2212,NL_OCGT,2030,5,7,8,true,-0.0
2213,NL_OCGT,2030,5,9,10,true,-0.0
2214,NL_OCGT,2030,5,11,12,true,-0.0
2215,NL_OCGT,2030,5,13,14,true,-0.0
2216,NL_OCGT,2030,5,15,16,true,-0.0
2217,NL_OCGT,2030,5,17,18,true,-0.0
2218,NL_OCGT,2030,5,19,20,true,-0.0
2219,NL_OCGT,2030,5,21,22,true,-0.0
2220,NL_OCGT,2030,5,23,24,true,-0.0
2221,NL_OCGT,2030,6,1,2,true,-0.0
2222,NL_OCGT,2030,6,3,4,true,-0.0
2223,NL_OCGT,2030,6,5,6,true,-0.0
2224,NL_OCGT,2030,6,7,8,true,-0.0
2225,NL_OCGT,2030,6,9,10,true,-0.0
2226,NL_OCGT,2030,6,11,12,true,-0.0
2227,NL_OCGT,2030,6,13,14,true,-0.0
2228,NL_OCGT,2030,6,15,16,true,-0.0
2229,NL_OCGT,2030,6,17,18,true,-0.0
2230,NL_OCGT,2030,6,19,20,true,-0.0
2231,NL_OCGT,2030,6,21,22,true,-0.0
2232,NL_OCGT,2030,6,23,24,true,-0.0
2233,NL_OCGT,2030,7,1,2,true,-0.0
2234,NL_OCGT,2030,7,3,4,true,-0.0
2235,NL_OCGT,2030,7,5,6,true,-0.0
2236,NL_OCGT,2030,7,7,8,true,-0.0
2237,NL_OCGT,2030,7,9,10,true,-0.0
2238,NL_OCGT,2030,7,11,12,true,-0.0
2239,NL_OCGT,2030,7,13,14,true,-0.0
2240,NL_OCGT,2030,7,15,16,true,-0.0
2241,NL_OCGT,2030,7,17,18,true,-0.0
2242,NL_OCGT,2030,7,19,20,true,-0.0
2243,NL_OCGT,2030,7,21,22,true,-0.0
2244,NL_OCGT,2030,7,23,24,true,-0.0
2245,NL_OCGT,2030,8,1,2,true,-0.0
2246,NL_OCGT,2030,8,3,4,true,-0.0
2247,NL_OCGT,2030,8,5,6,true,-0.0
2248,NL_OCGT,2030,8,7,8,true,-0.0
2249,NL_OCGT,2030,8,9,10,true,-0.0
2250,NL_OCGT,2030,8,11,12,true,-0.0
2251,NL_OCGT,2030,8,13,14,true,-0.0
2252,NL_OCGT,2030,8,15,16,true,-0.0
2253,NL_OCGT,2030,8,17,18,true,-0.0
2254,NL_OCGT,2030,8,19,20,true,-0.0
2255,NL_OCGT,2030,8,21,22,true,-0.0
2256,NL_OCGT,2030,8,23,24,true,-0.0
2257,NL_OCGT,2030,9,1,2,true,-0.0
2258,NL_OCGT,2030,9,3,4,true,-0.0
2259,NL_OCGT,2030,9,5,6,true,-0.0
2260,NL_OCGT,2030,9,7,8,true,-0.0
2261,NL_OCGT,2030,9,9,10,true,-0.0
2262,NL_OCGT,2030,9,11,12,true,-0.0
2263,NL_OCGT,2030,9,13,14,true,-0.0
2264,NL_OCGT,2030,9,15,16,true,-0.0
2265,NL_OCGT,2030,9,17,18,true,-0.0
2266,NL_OCGT,2030,9,19,20,true,-0.0
2267,NL_OCGT,2030,9,21,22,true,-0.0
2268,NL_OCGT,2030,9,23,24,true,-0.0
2269,NL_OCGT,2030,10,1,2,true,-0.0
2270,NL_OCGT,2030,10,3,4,true,-0.0
2271,NL_OCGT,2030,10,5,6,true,-0.0
2272,NL_OCGT,2030,10,7,8,true,-0.0
2273,NL_OCGT,2030,10,9,10,true,-0.0
2274,NL_OCGT,2030,10,11,12,true,-0.0
2275,NL_OCGT,2030,10,13,14,true,-0.0
2276,NL_OCGT,2030,10,15,16,true,-0.0
2277,NL_OCGT,2030,10,17,18,true,-0.0
2278,NL_OCGT,2030,10,19,20,true,-0.0
2279,NL_OCGT,2030,10,21,22,true,-0.0
2280,NL_OCGT,2030,10,23,24,true,-0.0
2281,UK_CCGT,2030,1,1,2,true,-0.0
2282,UK_CCGT,2030,1,3,4,true,-0.0
2283,UK_CCGT,2030,1,5,6,true,0.0
2284,UK_CCGT,2030,1,7,8,true,-0.0
2285,UK_CCGT,2030,1,9,10,true,20.0
2286,UK_CCGT,2030,1,11,12,true,20.0
2287,UK_CCGT,2030,1,13,14,true,-0.0
2288,UK_CCGT,2030,1,15,16,true,-0.0
2289,UK_CCGT,2030,1,17,18,true,-0.0
2290,UK_CCGT,2030,1,19,20,true,-0.0
2291,UK_CCGT,2030,1,21,22,true,-0.0
2292,UK_CCGT,2030,1,23,24,true,-0.0
2293,UK_CCGT,2030,2,1,2,true,-0.0
2294,UK_CCGT,2030,2,3,4,true,-0.0
2295,UK_CCGT,2030,2,5,6,true,-0.0
2296,UK_CCGT,2030,2,7,8,true,-0.0
2297,UK_CCGT,2030,2,9,10,true,-0.0
2298,UK_CCGT,2030,2,11,12,true,14.0
2299,UK_CCGT,2030,2,13,14,true,20.0
2300,UK_CCGT,2030,2,15,16,true,6.0
2301,UK_CCGT,2030,2,17,18,true,20.0
2302,UK_CCGT,2030,2,19,20,true,20.0
2303,UK_CCGT,2030,2,21,22,true,0.0
2304,UK_CCGT,2030,2,23,24,true,-0.0
2305,UK_CCGT,2030,3,1,2,true,0.0
2306,UK_CCGT,2030,3,3,4,true,-0.0
2307,UK_CCGT,2030,3,5,6,true,-0.0
2308,UK_CCGT,2030,3,7,8,true,-0.0
2309,UK_CCGT,2030,3,9,10,true,-0.0
2310,UK_CCGT,2030,3,11,12,true,-0.0
2311,UK_CCGT,2030,3,13,14,true,-0.0
2312,UK_CCGT,2030,3,15,16,true,-0.0
2313,UK_CCGT,2030,3,17,18,true,-0.0
2314,UK_CCGT,2030,3,19,20,true,-0.0
2315,UK_CCGT,2030,3,21,22,true,-0.0
2316,UK_CCGT,2030,3,23,24,true,-0.0
2317,UK_CCGT,2030,4,1,2,true,0.0
2318,UK_CCGT,2030,4,3,4,true,-0.0
2319,UK_CCGT,2030,4,5,6,true,-0.0
2320,UK_CCGT,2030,4,7,8,true,-0.0
2321,UK_CCGT,2030,4,9,10,true,-0.0
2322,UK_CCGT,2030,4,11,12,true,-0.0
2323,UK_CCGT,2030,4,13,14,true,-0.0
2324,UK_CCGT,2030,4,15,16,true,-0.0
2325,UK_CCGT,2030,4,17,18,true,-0.0
2326,UK_CCGT,2030,4,19,20,true,-0.0
2327,UK_CCGT,2030,4,21,22,true,-0.0
2328,UK_CCGT,2030,4,23,24,true,0.0
2329,UK_CCGT,2030,5,1,2,true,0.0
2330,UK_CCGT,2030,5,3,4,true,-0.0
2331,UK_CCGT,2030,5,5,6,true,-0.0
2332,UK_CCGT,2030,5,7,8,true,0.0
2333,UK_CCGT,2030,5,9,10,true,-0.0
2334,UK_CCGT,2030,5,11,12,true,-0.0
2335,UK_CCGT,2030,5,13,14,true,-0.0
2336,UK_CCGT,2030,5,15,16,true,-0.0
2337,UK_CCGT,2030,5,17,18,true,-0.0
2338,UK_CCGT,2030,5,19,20,true,-0.0
2339,UK_CCGT,2030,5,21,22,true,-0.0
2340,UK_CCGT,2030,5,23,24,true,-0.0
2341,UK_CCGT,2030,6,1,2,true,-0.0
2342,UK_CCGT,2030,6,3,4,true,-0.0
2343,UK_CCGT,2030,6,5,6,true,-0.0
2344,UK_CCGT,2030,6,7,8,true,-0.0
2345,UK_CCGT,2030,6,9,10,true,9.0
2346,UK_CCGT,2030,6,11,12,true,-0.0
2347,UK_CCGT,2030,6,13,14,true,-0.0
2348,UK_CCGT,2030,6,15,16,true,-0.0
2349,UK_CCGT,2030,6,17,18,true,0.0
2350,UK_CCGT,2030,6,19,20,true,-0.0
2351,UK_CCGT,2030,6,21,22,true,-0.0
2352,UK_CCGT,2030,6,23,24,true,-0.0
2353,UK_CCGT,2030,7,1,2,true,-0.0
2354,UK_CCGT,2030,7,3,4,true,0.0
2355,UK_CCGT,2030,7,5,6,true,0.0
2356,UK_CCGT,2030,7,7,8,true,13.0
2357,UK_CCGT,2030,7,9,10,true,20.0
2358,UK_CCGT,2030,7,11,12,true,20.0
2359,UK_CCGT,2030,7,13,14,true,20.0
2360,UK_CCGT,2030,7,15,16,true,20.0
2361,UK_CCGT,2030,7,17,18,true,20.0
2362,UK_CCGT,2030,7,19,20,true,20.0
2363,UK_CCGT,2030,7,21,22,true,20.0
2364,UK_CCGT,2030,7,23,24,true,0.0
2365,UK_CCGT,2030,8,1,2,true,-0.0
2366,UK_CCGT,2030,8,3,4,true,-0.0
2367,UK_CCGT,2030,8,5,6,true,0.0
2368,UK_CCGT,2030,8,7,8,true,-0.0
2369,UK_CCGT,2030,8,9,10,true,-0.0
2370,UK_CCGT,2030,8,11,12,true,-0.0
2371,UK_CCGT,2030,8,13,14,true,-0.0
2372,UK_CCGT,2030,8,15,16,true,-0.0
2373,UK_CCGT,2030,8,17,18,true,-0.0
2374,UK_CCGT,2030,8,19,20,true,-0.0
2375,UK_CCGT,2030,8,21,22,true,-0.0
2376,UK_CCGT,2030,8,23,24,true,0.0
2377,UK_CCGT,2030,9,1,2,true,-0.0
2378,UK_CCGT,2030,9,3,4,true,-0.0
2379,UK_CCGT,2030,9,5,6,true,-0.0
2380,UK_CCGT,2030,9,7,8,true,-0.0
2381,UK_CCGT,2030,9,9,10,true,-0.0
2382,UK_CCGT,2030,9,11,12,true,-0.0
2383,UK_CCGT,2030,9,13,14,true,-0.0
2384,UK_CCGT,2030,9,15,16,true,-0.0
2385,UK_CCGT,2030,9,17,18,true,-0.0
2386,UK_CCGT,2030,9,19,20,true,0.0
2387,UK_CCGT,2030,9,21,22,true,0.0
2388,UK_CCGT,2030,9,23,24,true,0.0
2389,UK_CCGT,2030,10,1,2,true,-0.0
2390,UK_CCGT,2030,10,3,4,true,-0.0
2391,UK_CCGT,2030,10,5,6,true,0.0
2392,UK_CCGT,2030,10,7,8,true,0.0
2393,UK_CCGT,2030,10,9,10,true,20.0
2394,UK_CCGT,2030,10,11,12,true,20.0
2395,UK_CCGT,2030,10,13,14,true,20.0
2396,UK_CCGT,2030,10,15,16,true,20.0
2397,UK_CCGT,2030,10,17,18,true,20.0
2398,UK_CCGT,2030,10,19,20,true,20.0
2399,UK_CCGT,2030,10,21,22,true,5.0
2400,UK_CCGT,2030,10,23,24,true,0.0
2401,UK_Coal,2030,1,1,3,true,-0.0
2402,UK_Coal,2030,1,4,6,true,-0.0
2403,UK_Coal,2030,1,7,9,true,-0.0
2404,UK_Coal,2030,1,10,12,true,-0.0
2405,UK_Coal,2030,1,13,15,true,-0.0
2406,UK_Coal,2030,1,16,18,true,-0.0
2407,UK_Coal,2030,1,19,21,true,-0.0
2408,UK_Coal,2030,1,22,24,true,-0.0
2409,UK_Coal,2030,2,1,3,true,-0.0
2410,UK_Coal,2030,2,4,6,true,-0.0
2411,UK_Coal,2030,2,7,9,true,-0.0
2412,UK_Coal,2030,2,10,12,true,-0.0
2413,UK_Coal,2030,2,13,15,true,-0.0
2414,UK_Coal,2030,2,16,18,true,-0.0
2415,UK_Coal,2030,2,19,21,true,-0.0
2416,UK_Coal,2030,2,22,24,true,-0.0
2417,UK_Coal,2030,3,1,3,true,-0.0
2418,UK_Coal,2030,3,4,6,true,-0.0
2419,UK_Coal,2030,3,7,9,true,-0.0
2420,UK_Coal,2030,3,10,12,true,-0.0
2421,UK_Coal,2030,3,13,15,true,-0.0
2422,UK_Coal,2030,3,16,18,true,-0.0
2423,UK_Coal,2030,3,19,21,true,-0.0
2424,UK_Coal,2030,3,22,24,true,-0.0
2425,UK_Coal,2030,4,1,3,true,-0.0
2426,UK_Coal,2030,4,4,6,true,-0.0
2427,UK_Coal,2030,4,7,9,true,-0.0
2428,UK_Coal,2030,4,10,12,true,-0.0
2429,UK_Coal,2030,4,13,15,true,-0.0
2430,UK_Coal,2030,4,16,18,true,-0.0
2431,UK_Coal,2030,4,19,21,true,-0.0
2432,UK_Coal,2030,4,22,24,true,-0.0
2433,UK_Coal,2030,5,1,3,true,-0.0
2434,UK_Coal,2030,5,4,6,true,-0.0
2435,UK_Coal,2030,5,7,9,true,-0.0
2436,UK_Coal,2030,5,10,12,true,-0.0
2437,UK_Coal,2030,5,13,15,true,-0.0
2438,UK_Coal,2030,5,16,18,true,-0.0
2439,UK_Coal,2030,5,19,21,true,-0.0
2440,UK_Coal,2030,5,22,24,true,-0.0
2441,UK_Coal,2030,6,1,3,true,-0.0
2442,UK_Coal,2030,6,4,6,true,-0.0
2443,UK_Coal,2030,6,7,9,true,-0.0
2444,UK_Coal,2030,6,10,12,true,-0.0
2445,UK_Coal,2030,6,13,15,true,-0.0
2446,UK_Coal,2030,6,16,18,true,-0.0
2447,UK_Coal,2030,6,19,21,true,-0.0
2448,UK_Coal,2030,6,22,24,true,-0.0
2449,UK_Coal,2030,7,1,3,true,-0.0
2450,UK_Coal,2030,7,4,6,true,-0.0
2451,UK_Coal,2030,7,7,9,true,-0.0
2452,UK_Coal,2030,7,10,12,true,-0.0
2453,UK_Coal,2030,7,13,15,true,-0.0
2454,UK_Coal,2030,7,16,18,true,-0.0
2455,UK_Coal,2030,7,19,21,true,-0.0
2456,UK_Coal,2030,7,22,24,true,-0.0
2457,UK_Coal,2030,8,1,3,true,-0.0
2458,UK_Coal,2030,8,4,6,true,-0.0
2459,UK_Coal,2030,8,7,9,true,-0.0
2460,UK_Coal,2030,8,10,12,true,-0.0
2461,UK_Coal,2030,8,13,15,true,-0.0
2462,UK_Coal,2030,8,16,18,true,-0.0
2463,UK_Coal,2030,8,19,21,true,-0.0
2464,UK_Coal,2030,8,22,24,true,-0.0
2465,UK_Coal,2030,9,1,3,true,-0.0
2466,UK_Coal,2030,9,4,6,true,-0.0
2467,UK_Coal,2030,9,7,9,true,-0.0
2468,UK_Coal,2030,9,10,12,true,-0.0
2469,UK_Coal,2030,9,13,15,true,-0.0
2470,UK_Coal,2030,9,16,18,true,-0.0
2471,UK_Coal,2030,9,19,21,true,-0.0
2472,UK_Coal,2030,9,22,24,true,-0.0
2473,UK_Coal,2030,10,1,3,true,-0.0
2474,UK_Coal,2030,10,4,6,true,-0.0
2475,UK_Coal,2030,10,7,9,true,-0.0
2476,UK_Coal,2030,10,10,12,true,-0.0
2477,UK_Coal,2030,10,13,15,true,-0.0
2478,UK_Coal,2030,10,16,18,true,-0.0
2479,UK_Coal,2030,10,19,21,true,-0.0
2480,UK_Coal,2030,10,22,24,true,-0.0
2481,UK_Nuclear,2030,1,1,4,true,0.0
2482,UK_Nuclear,2030,1,5,8,true,0.0
2483,UK_Nuclear,2030,1,9,12,true,0.0
2484,UK_Nuclear,2030,1,13,16,true,0.0
2485,UK_Nuclear,2030,1,17,20,true,0.0
2486,UK_Nuclear,2030,1,21,24,true,0.0
2487,UK_Nuclear,2030,2,1,4,true,0.0
2488,UK_Nuclear,2030,2,5,8,true,0.0
2489,UK_Nuclear,2030,2,9,12,true,0.0
2490,UK_Nuclear,2030,2,13,16,true,0.0
2491,UK_Nuclear,2030,2,17,20,true,0.0
2492,UK_Nuclear,2030,2,21,24,true,0.0
2493,UK_Nuclear,2030,3,1,4,true,0.0
2494,UK_Nuclear,2030,3,5,8,true,0.0
2495,UK_Nuclear,2030,3,9,12,true,0.0
2496,UK_Nuclear,2030,3,13,16,true,0.0
2497,UK_Nuclear,2030,3,17,20,true,0.0
2498,UK_Nuclear,2030,3,21,24,true,0.0
2499,UK_Nuclear,2030,4,1,4,true,0.0
2500,UK_Nuclear,2030,4,5,8,true,0.0
2501,UK_Nuclear,2030,4,9,12,true,0.0
2502,UK_Nuclear,2030,4,13,16,true,0.0
2503,UK_Nuclear,2030,4,17,20,true,0.0
2504,UK_Nuclear,2030,4,21,24,true,0.0
2505,UK_Nuclear,2030,5,1,4,true,0.0
2506,UK_Nuclear,2030,5,5,8,true,0.0
2507,UK_Nuclear,2030,5,9,12,true,0.0
2508,UK_Nuclear,2030,5,13,16,true,0.0
2509,UK_Nuclear,2030,5,17,20,true,0.0
2510,UK_Nuclear,2030,5,21,24,true,0.0
2511,UK_Nuclear,2030,6,1,4,true,0.0
2512,UK_Nuclear,2030,6,5,8,true,0.0
2513,UK_Nuclear,2030,6,9,12,true,0.0
2514,UK_Nuclear,2030,6,13,16,true,0.0
2515,UK_Nuclear,2030,6,17,20,true,0.0
2516,UK_Nuclear,2030,6,21,24,true,0.0
2517,UK_Nuclear,2030,7,1,4,true,0.0
2518,UK_Nuclear,2030,7,5,8,true,0.0
2519,UK_Nuclear,2030,7,9,12,true,0.0
2520,UK_Nuclear,2030,7,13,16,true,0.0
2521,UK_Nuclear,2030,7,17,20,true,0.0
2522,UK_Nuclear,2030,7,21,24,true,0.0
2523,UK_Nuclear,2030,8,1,4,true,0.0
2524,UK_Nuclear,2030,8,5,8,true,0.0
2525,UK_Nuclear,2030,8,9,12,true,0.0
2526,UK_Nuclear,2030,8,13,16,true,0.0
2527,UK_Nuclear,2030,8,17,20,true,0.0
2528,UK_Nuclear,2030,8,21,24,true,0.0
2529,UK_Nuclear,2030,9,1,4,true,0.0
2530,UK_Nuclear,2030,9,5,8,true,0.0
2531,UK_Nuclear,2030,9,9,12,true,0.0
2532,UK_Nuclear,2030,9,13,16,true,0.0
2533,UK_Nuclear,2030,9,17,20,true,0.0
2534,UK_Nuclear,2030,9,21,24,true,0.0
2535,UK_Nuclear,2030,10,1,4,true,0.0
2536,UK_Nuclear,2030,10,5,8,true,0.0
2537,UK_Nuclear,2030,10,9,12,true,0.0
2538,UK_Nuclear,2030,10,13,16,true,0.0
2539,UK_Nuclear,2030,10,17,20,true,0.0
2540,UK_Nuclear,2030,10,21,24,true,0.0
2541,UK_OCGT,2030,1,1,2,true,-0.0
2542,UK_OCGT,2030,1,3,4,true,0.0
2543,UK_OCGT,2030,1,5,6,true,-0.0
2544,UK_OCGT,2030,1,7,8,true,-0.0
2545,UK_OCGT,2030,1,9,10,true,-0.0
2546,UK_OCGT,2030,1,11,12,true,-0.0
2547,UK_OCGT,2030,1,13,14,true,-0.0
2548,UK_OCGT,2030,1,15,16,true,-0.0
2549,UK_OCGT,2030,1,17,18,true,-0.0
2550,UK_OCGT,2030,1,19,20,true,-0.0
2551,UK_OCGT,2030,1,21,22,true,-0.0
2552,UK_OCGT,2030,1,23,24,true,0.0
2553,UK_OCGT,2030,2,1,2,true,-0.0
2554,UK_OCGT,2030,2,3,4,true,-0.0
2555,UK_OCGT,2030,2,5,6,true,-0.0
2556,UK_OCGT,2030,2,7,8,true,-0.0
2557,UK_OCGT,2030,2,9,10,true,-0.0
2558,UK_OCGT,2030,2,11,12,true,-0.0
2559,UK_OCGT,2030,2,13,14,true,0.0
2560,UK_OCGT,2030,2,15,16,true,-0.0
2561,UK_OCGT,2030,2,17,18,true,0.0
2562,UK_OCGT,2030,2,19,20,true,-0.0
2563,UK_OCGT,2030,2,21,22,true,0.0
2564,UK_OCGT,2030,2,23,24,true,0.0
2565,UK_OCGT,2030,3,1,2,true,0.0
2566,UK_OCGT,2030,3,3,4,true,-0.0
2567,UK_OCGT,2030,3,5,6,true,-0.0
2568,UK_OCGT,2030,3,7,8,true,-0.0
2569,UK_OCGT,2030,3,9,10,true,-0.0
2570,UK_OCGT,2030,3,11,12,true,-0.0
2571,UK_OCGT,2030,3,13,14,true,0.0
2572,UK_OCGT,2030,3,15,16,true,-0.0
2573,UK_OCGT,2030,3,17,18,true,-0.0
2574,UK_OCGT,2030,3,19,20,true,0.0
2575,UK_OCGT,2030,3,21,22,true,-0.0
2576,UK_OCGT,2030,3,23,24,true,0.0
2577,UK_OCGT,2030,4,1,2,true,0.0
2578,UK_OCGT,2030,4,3,4,true,-0.0
2579,UK_OCGT,2030,4,5,6,true,-0.0
2580,UK_OCGT,2030,4,7,8,true,-0.0
2581,UK_OCGT,2030,4,9,10,true,-0.0
2582,UK_OCGT,2030,4,11,12,true,-0.0
2583,UK_OCGT,2030,4,13,14,true,-0.0
2584,UK_OCGT,2030,4,15,16,true,-0.0
2585,UK_OCGT,2030,4,17,18,true,-0.0
2586,UK_OCGT,2030,4,19,20,true,-0.0
2587,UK_OCGT,2030,4,21,22,true,-0.0
2588,UK_OCGT,2030,4,23,24,true,0.0
2589,UK_OCGT,2030,5,1,2,true,-0.0
2590,UK_OCGT,2030,5,3,4,true,-0.0
2591,UK_OCGT,2030,5,5,6,true,-0.0
2592,UK_OCGT,2030,5,7,8,true,-0.0
2593,UK_OCGT,2030,5,9,10,true,-0.0
2594,UK_OCGT,2030,5,11,12,true,-0.0
2595,UK_OCGT,2030,5,13,14,true,-0.0
2596,UK_OCGT,2030,5,15,16,true,-0.0
2597,UK_OCGT,2030,5,17,18,true,-0.0
2598,UK_OCGT,2030,5,19,20,true,-0.0
2599,UK_OCGT,2030,5,21,22,true,-0.0
2600,UK_OCGT,2030,5,23,24,true,0.0
2601,UK_OCGT,2030,6,1,2,true,-0.0
2602,UK_OCGT,2030,6,3,4,true,-0.0
2603,UK_OCGT,2030,6,5,6,true,0.0
2604,UK_OCGT,2030,6,7,8,true,-0.0
2605,UK_OCGT,2030,6,9,10,true,-0.0
2606,UK_OCGT,2030,6,11,12,true,-0.0
2607,UK_OCGT,2030,6,13,14,true,-0.0
2608,UK_OCGT,2030,6,15,16,true,-0.0
2609,UK_OCGT,2030,6,17,18,true,-0.0
2610,UK_OCGT,2030,6,19,20,true,-0.0
2611,UK_OCGT,2030,6,21,22,true,-0.0
2612,UK_OCGT,2030,6,23,24,true,-0.0
2613,UK_OCGT,2030,7,1,2,true,-0.0
2614,UK_OCGT,2030,7,3,4,true,-0.0
2615,UK_OCGT,2030,7,5,6,true,-0.0
2616,UK_OCGT,2030,7,7,8,true,0.0
2617,UK_OCGT,2030,7,9,10,true,4.0
2618,UK_OCGT,2030,7,11,12,true,8.0
2619,UK_OCGT,2030,7,13,14,true,0.0
2620,UK_OCGT,2030,7,15,16,true,8.0
2621,UK_OCGT,2030,7,17,18,true,8.0
2622,UK_OCGT,2030,7,19,20,true,8.0
2623,UK_OCGT,2030,7,21,22,true,0.0
2624,UK_OCGT,2030,7,23,24,true,-0.0
2625,UK_OCGT,2030,8,1,2,true,-0.0
2626,UK_OCGT,2030,8,3,4,true,-0.0
2627,UK_OCGT,2030,8,5,6,true,-0.0
2628,UK_OCGT,2030,8,7,8,true,-0.0
2629,UK_OCGT,2030,8,9,10,true,-0.0
2630,UK_OCGT,2030,8,11,12,true,-0.0
2631,UK_OCGT,2030,8,13,14,true,-0.0
2632,UK_OCGT,2030,8,15,16,true,-0.0
2633,UK_OCGT,2030,8,17,18,true,-0.0
2634,UK_OCGT,2030,8,19,20,true,-0.0
2635,UK_OCGT,2030,8,21,22,true,-0.0
2636,UK_OCGT,2030,8,23,24,true,-0.0
2637,UK_OCGT,2030,9,1,2,true,-0.0
2638,UK_OCGT,2030,9,3,4,true,-0.0
2639,UK_OCGT,2030,9,5,6,true,-0.0
2640,UK_OCGT,2030,9,7,8,true,-0.0
2641,UK_OCGT,2030,9,9,10,true,-0.0
2642,UK_OCGT,2030,9,11,12,true,-0.0
2643,UK_OCGT,2030,9,13,14,true,0.0
2644,UK_OCGT,2030,9,15,16,true,-0.0
2645,UK_OCGT,2030,9,17,18,true,0.0
2646,UK_OCGT,2030,9,19,20,true,-0.0
2647,UK_OCGT,2030,9,21,22,true,-0.0
2648,UK_OCGT,2030,9,23,24,true,0.0
2649,UK_OCGT,2030,10,1,2,true,0.0
2650,UK_OCGT,2030,10,3,4,true,0.0
2651,UK_OCGT,2030,10,5,6,true,0.0
2652,UK_OCGT,2030,10,7,8,true,0.0
2653,UK_OCGT,2030,10,9,10,true,0.0
2654,UK_OCGT,2030,10,11,12,true,0.0
2655,UK_OCGT,2030,10,13,14,true,0.0
2656,UK_OCGT,2030,10,15,16,true,0.0
2657,UK_OCGT,2030,10,17,18,true,8.0
2658,UK_OCGT,2030,10,19,20,true,0.0
2659,UK_OCGT,2030,10,21,22,true,-0.0
2660,UK_OCGT,2030,10,23,24,true,-0.0
