id,from_asset,to_asset,year,rep_period,time_block_start,time_block_end,var_flow_id,dual_max_transport_flow_limit_simple_method,dual_min_transport_flow_limit_simple_method
1,NL_Balance,UK_Balance,2030,1,1,2,673,0.0,0.8533000000000002
2,NL_Balance,UK_Balance,2030,1,3,4,674,0.0,0.8533000000000002
3,NL_Balance,UK_Balance,2030,1,5,6,675,0.0,3.286
4,NL_Balance,UK_Balance,2030,1,7,8,676,0.0,3.286
5,NL_Balance,UK_Balance,2030,1,9,10,677,0.0,0.0
6,NL_Balance,UK_Balance,2030,1,11,12,678,0.0,0.0
7,NL_Balance,UK_Balance,2030,1,13,14,679,0.0,0.0
8,NL_Balance,UK_Balance,2030,1,15,16,680,0.0,2.841899999999997
9,NL_Balance,UK_Balance,2030,1,17,18,681,0.0,3.286
10,NL_Balance,UK_Balance,2030,1,19,20,682,0.0,0.0
11,NL_Balance,UK_Balance,2030,1,21,22,683,0.0,1.7066000000000001
12,NL_Balance,UK_Balance,2030,1,23,24,684,0.0,0.0
13,NL_Balance,BE_Balance,2030,1,1,2,685,0.0,0.0
14,NL_Balance,BE_Balance,2030,1,3,4,686,0.0,0.0
15,NL_Balance,BE_Balance,2030,1,5,6,687,0.0,0.0
16,NL_Balance,BE_Balance,2030,1,7,8,688,0.0,0.0
17,NL_Balance,BE_Balance,2030,1,9,10,689,0.0,0.0
18,NL_Balance,BE_Balance,2030,1,11,12,690,0.0,0.0
19,NL_Balance,BE_Balance,2030,1,13,14,691,0.0,-0.0
20,NL_Balance,BE_Balance,2030,1,15,16,692,0.0,0.0
21,NL_Balance,BE_Balance,2030,1,17,18,693,0.0,0.0
22,NL_Balance,BE_Balance,2030,1,19,20,694,0.0,-0.0
23,NL_Balance,BE_Balance,2030,1,21,22,695,0.0,0.0
24,NL_Balance,BE_Balance,2030,1,23,24,696,0.0,0.0
25,NL_Balance,DE_Balance,2030,1,1,2,697,0.0,-0.0
26,NL_Balance,DE_Balance,2030,1,3,4,698,0.0,0.0
27,NL_Balance,DE_Balance,2030,1,5,6,699,0.0,-0.0
28,NL_Balance,DE_Balance,2030,1,7,8,700,0.0,0.0
29,NL_Balance,DE_Balance,2030,1,9,10,701,0.0,-0.0
30,NL_Balance,DE_Balance,2030,1,11,12,702,0.0,0.0
31,NL_Balance,DE_Balance,2030,1,13,14,703,0.0,-0.0
32,NL_Balance,DE_Balance,2030,1,15,16,704,0.0,0.0
33,NL_Balance,DE_Balance,2030,1,17,18,705,0.0,-0.0
34,NL_Balance,DE_Balance,2030,1,19,20,706,0.0,-0.0
35,NL_Balance,DE_Balance,2030,1,21,22,707,0.0,0.0
36,NL_Balance,DE_Balance,2030,1,23,24,708,0.0,-0.0
37,BE_Balance,UK_Balance,2030,1,1,2,709,0.0,0.8533000000000002
38,BE_Balance,UK_Balance,2030,1,3,4,710,0.0,0.8533000000000002
39,BE_Balance,UK_Balance,2030,1,5,6,711,0.0,3.286
40,BE_Balance,UK_Balance,2030,1,7,8,712,0.0,3.286
41,BE_Balance,UK_Balance,2030,1,9,10,713,0.0,-0.0
42,BE_Balance,UK_Balance,2030,1,11,12,714,0.0,-0.0
43,BE_Balance,UK_Balance,2030,1,13,14,715,0.0,0.0
44,BE_Balance,UK_Balance,2030,1,15,16,716,0.0,2.841899999999997
45,BE_Balance,UK_Balance,2030,1,17,18,717,0.0,3.286
46,BE_Balance,UK_Balance,2030,1,19,20,718,0.0,-0.0
47,BE_Balance,UK_Balance,2030,1,21,22,719,0.0,1.7066000000000001
48,BE_Balance,UK_Balance,2030,1,23,24,720,0.0,-0.0
49,BE_Balance,LU_Balance,2030,1,1,2,721,0.0,0.0
50,BE_Balance,LU_Balance,2030,1,3,4,722,0.0,0.0
51,BE_Balance,LU_Balance,2030,1,5,6,723,0.0,0.0
52,BE_Balance,LU_Balance,2030,1,7,8,724,0.0,0.0
53,BE_Balance,LU_Balance,2030,1,9,10,725,0.0,0.0
54,BE_Balance,LU_Balance,2030,1,11,12,726,0.0,0.0
55,BE_Balance,LU_Balance,2030,1,13,14,727,0.0,0.0
56,BE_Balance,LU_Balance,2030,1,15,16,728,0.0,0.0
57,BE_Balance,LU_Balance,2030,1,17,18,729,0.0,0.0
58,BE_Balance,LU_Balance,2030,1,19,20,730,0.0,-0.0
59,BE_Balance,LU_Balance,2030,1,21,22,731,0.0,0.0
60,BE_Balance,LU_Balance,2030,1,23,24,732,0.0,0.0
61,BE_Balance,FR_Balance,2030,1,1,2,733,0.0,0.0
62,BE_Balance,FR_Balance,2030,1,3,4,734,0.0,-0.0
63,BE_Balance,FR_Balance,2030,1,5,6,735,0.0,-0.0
64,BE_Balance,FR_Balance,2030,1,7,8,736,0.0,0.0
65,BE_Balance,FR_Balance,2030,1,9,10,737,0.0,0.0
66,BE_Balance,FR_Balance,2030,1,11,12,738,0.0,0.0
67,BE_Balance,FR_Balance,2030,1,13,14,739,0.0,0.0
68,BE_Balance,FR_Balance,2030,1,15,16,740,0.0,0.0
69,BE_Balance,FR_Balance,2030,1,17,18,741,0.0,0.0
70,BE_Balance,FR_Balance,2030,1,19,20,742,0.0,0.0
71,BE_Balance,FR_Balance,2030,1,21,22,743,-3.4873999999999996,0.0
72,BE_Balance,FR_Balance,2030,1,23,24,744,-3.286,0.0
73,BE_Balance,DE_Balance,2030,1,1,2,745,0.0,0.0
74,BE_Balance,DE_Balance,2030,1,3,4,746,0.0,-0.0
75,BE_Balance,DE_Balance,2030,1,5,6,747,0.0,-0.0
76,BE_Balance,DE_Balance,2030,1,7,8,748,0.0,-0.0
77,BE_Balance,DE_Balance,2030,1,9,10,749,0.0,-0.0
78,BE_Balance,DE_Balance,2030,1,11,12,750,0.0,0.0
79,BE_Balance,DE_Balance,2030,1,13,14,751,0.0,0.0
80,BE_Balance,DE_Balance,2030,1,15,16,752,0.0,0.0
81,BE_Balance,DE_Balance,2030,1,17,18,753,0.0,0.0
82,BE_Balance,DE_Balance,2030,1,19,20,754,0.0,-0.0
83,BE_Balance,DE_Balance,2030,1,21,22,755,0.0,-0.0
84,BE_Balance,DE_Balance,2030,1,23,24,756,0.0,-0.0
85,DE_Balance,LU_Balance,2030,1,1,2,757,0.0,0.0
86,DE_Balance,LU_Balance,2030,1,3,4,758,0.0,0.0
87,DE_Balance,LU_Balance,2030,1,5,6,759,0.0,0.0
88,DE_Balance,LU_Balance,2030,1,7,8,760,0.0,0.0
89,DE_Balance,LU_Balance,2030,1,9,10,761,0.0,0.0
90,DE_Balance,LU_Balance,2030,1,11,12,762,0.0,0.0
91,DE_Balance,LU_Balance,2030,1,13,14,763,0.0,-0.0
92,DE_Balance,LU_Balance,2030,1,15,16,764,0.0,-0.0
93,DE_Balance,LU_Balance,2030,1,17,18,765,0.0,0.0
94,DE_Balance,LU_Balance,2030,1,19,20,766,0.0,0.0
95,DE_Balance,LU_Balance,2030,1,21,22,767,0.0,0.0
96,DE_Balance,LU_Balance,2030,1,23,24,768,0.0,0.0
97,DE_Balance,CH_Balance,2030,1,1,2,769,0.0,0.0
98,DE_Balance,CH_Balance,2030,1,3,4,770,0.0,0.0
99,DE_Balance,CH_Balance,2030,1,5,6,771,0.0,0.0
100,DE_Balance,CH_Balance,2030,1,7,8,772,0.0,0.0
101,DE_Balance,CH_Balance,2030,1,9,10,773,0.0,0.0
102,DE_Balance,CH_Balance,2030,1,11,12,774,0.0,3.498
103,DE_Balance,CH_Balance,2030,1,13,14,775,0.0,3.498
104,DE_Balance,CH_Balance,2030,1,15,16,776,0.0,0.9232999999999971
105,DE_Balance,CH_Balance,2030,1,17,18,777,0.0,-0.0
106,DE_Balance,CH_Balance,2030,1,19,20,778,0.0,-0.0
107,DE_Balance,CH_Balance,2030,1,21,22,779,0.0,0.0
108,DE_Balance,CH_Balance,2030,1,23,24,780,0.0,0.0
109,DE_Balance,FR_Balance,2030,1,1,2,781,0.0,-0.0
110,DE_Balance,FR_Balance,2030,1,3,4,782,0.0,-0.0
111,DE_Balance,FR_Balance,2030,1,5,6,783,0.0,0.0
112,DE_Balance,FR_Balance,2030,1,7,8,784,0.0,0.0
113,DE_Balance,FR_Balance,2030,1,9,10,785,0.0,0.0
114,DE_Balance,FR_Balance,2030,1,11,12,786,0.0,0.0
115,DE_Balance,FR_Balance,2030,1,13,14,787,0.0,0.0
116,DE_Balance,FR_Balance,2030,1,15,16,788,0.0,-0.0
117,DE_Balance,FR_Balance,2030,1,17,18,789,0.0,-0.0
118,DE_Balance,FR_Balance,2030,1,19,20,790,0.0,0.0
119,DE_Balance,FR_Balance,2030,1,21,22,791,-3.4873999999999996,0.0
120,DE_Balance,FR_Balance,2030,1,23,24,792,-3.286,0.0
121,FR_Balance,CH_Balance,2030,1,1,2,793,0.0,-0.0
122,FR_Balance,CH_Balance,2030,1,3,4,794,0.0,-0.0
123,FR_Balance,CH_Balance,2030,1,5,6,795,0.0,-0.0
124,FR_Balance,CH_Balance,2030,1,7,8,796,0.0,-0.0
125,FR_Balance,CH_Balance,2030,1,9,10,797,0.0,-0.0
126,FR_Balance,CH_Balance,2030,1,11,12,798,0.0,3.498
127,FR_Balance,CH_Balance,2030,1,13,14,799,0.0,3.498
128,FR_Balance,CH_Balance,2030,1,15,16,800,0.0,0.9232999999999971
129,FR_Balance,CH_Balance,2030,1,17,18,801,0.0,0.0
130,FR_Balance,CH_Balance,2030,1,19,20,802,0.0,-0.0
131,FR_Balance,CH_Balance,2030,1,21,22,803,0.0,3.4873999999999996
132,FR_Balance,CH_Balance,2030,1,23,24,804,0.0,3.286
133,FR_Balance,UK_Balance,2030,1,1,2,805,0.0,0.8533000000000002
134,FR_Balance,UK_Balance,2030,1,3,4,806,0.0,0.8533000000000002
135,FR_Balance,UK_Balance,2030,1,5,6,807,0.0,3.286
136,FR_Balance,UK_Balance,2030,1,7,8,808,0.0,3.286
137,FR_Balance,UK_Balance,2030,1,9,10,809,0.0,-0.0
138,FR_Balance,UK_Balance,2030,1,11,12,810,0.0,-0.0
139,FR_Balance,UK_Balance,2030,1,13,14,811,0.0,-0.0
140,FR_Balance,UK_Balance,2030,1,15,16,812,0.0,2.841899999999997
141,FR_Balance,UK_Balance,2030,1,17,18,813,0.0,3.286
142,FR_Balance,UK_Balance,2030,1,19,20,814,0.0,0.0
143,FR_Balance,UK_Balance,2030,1,21,22,815,0.0,5.194
144,FR_Balance,UK_Balance,2030,1,23,24,816,0.0,3.286
145,FR_Balance,LU_Balance,2030,1,1,2,817,0.0,-0.0
146,FR_Balance,LU_Balance,2030,1,3,4,818,0.0,0.0
147,FR_Balance,LU_Balance,2030,1,5,6,819,0.0,0.0
148,FR_Balance,LU_Balance,2030,1,7,8,820,0.0,-0.0
149,FR_Balance,LU_Balance,2030,1,9,10,821,0.0,-0.0
150,FR_Balance,LU_Balance,2030,1,11,12,822,0.0,-0.0
151,FR_Balance,LU_Balance,2030,1,13,14,823,0.0,-0.0
152,FR_Balance,LU_Balance,2030,1,15,16,824,0.0,0.0
153,FR_Balance,LU_Balance,2030,1,17,18,825,0.0,0.0
154,FR_Balance,LU_Balance,2030,1,19,20,826,0.0,0.0
155,FR_Balance,LU_Balance,2030,1,21,22,827,0.0,3.4873999999999996
156,FR_Balance,LU_Balance,2030,1,23,24,828,0.0,3.286
157,NL_Balance,UK_Balance,2030,2,1,2,1569,0.0,0.0
158,NL_Balance,UK_Balance,2030,2,3,4,1570,0.0,0.0
159,NL_Balance,UK_Balance,2030,2,5,6,1571,0.0,-0.0
160,NL_Balance,UK_Balance,2030,2,7,8,1572,0.0,0.026399999999999868
161,NL_Balance,UK_Balance,2030,2,9,10,1573,0.0,0.0
162,NL_Balance,UK_Balance,2030,2,11,12,1574,0.0,0.0
163,NL_Balance,UK_Balance,2030,2,13,14,1575,0.0,0.0
164,NL_Balance,UK_Balance,2030,2,15,16,1576,-1.5147,0.0
165,NL_Balance,UK_Balance,2030,2,17,18,1577,0.0,0.0
166,NL_Balance,UK_Balance,2030,2,19,20,1578,0.0,0.0
167,NL_Balance,UK_Balance,2030,2,21,22,1579,0.0,0.0
168,NL_Balance,UK_Balance,2030,2,23,24,1580,0.0,0.0
169,BE_Balance,UK_Balance,2030,2,1,2,1581,0.0,-0.0
170,BE_Balance,UK_Balance,2030,2,3,4,1582,0.0,-0.0
171,BE_Balance,UK_Balance,2030,2,5,6,1583,0.0,-0.0
172,BE_Balance,UK_Balance,2030,2,7,8,1584,0.0,1.0362
173,BE_Balance,UK_Balance,2030,2,9,10,1585,0.0,0.0
174,BE_Balance,UK_Balance,2030,2,11,12,1586,-1.0097999999999998,0.0
175,BE_Balance,UK_Balance,2030,2,13,14,1587,-1.5147,0.0
176,BE_Balance,UK_Balance,2030,2,15,16,1588,-1.5147,0.0
177,BE_Balance,UK_Balance,2030,2,17,18,1589,0.0,0.0
178,BE_Balance,UK_Balance,2030,2,19,20,1590,0.0,0.0
179,BE_Balance,UK_Balance,2030,2,21,22,1591,0.0,-0.0
180,BE_Balance,UK_Balance,2030,2,23,24,1592,0.0,-0.0
181,BE_Balance,LU_Balance,2030,2,1,2,1593,0.0,0.0
182,BE_Balance,LU_Balance,2030,2,3,4,1594,0.0,0.0
183,BE_Balance,LU_Balance,2030,2,5,6,1595,0.0,0.0
184,BE_Balance,LU_Balance,2030,2,7,8,1596,0.0,0.0
185,BE_Balance,LU_Balance,2030,2,9,10,1597,0.0,-0.0
186,BE_Balance,LU_Balance,2030,2,11,12,1598,0.0,-0.0
187,BE_Balance,LU_Balance,2030,2,13,14,1599,0.0,0.0
188,BE_Balance,LU_Balance,2030,2,15,16,1600,0.0,-0.0
189,BE_Balance,LU_Balance,2030,2,17,18,1601,0.0,-0.0
190,BE_Balance,LU_Balance,2030,2,19,20,1602,0.0,-0.0
191,BE_Balance,LU_Balance,2030,2,21,22,1603,0.0,0.0
192,BE_Balance,LU_Balance,2030,2,23,24,1604,0.0,0.0
193,BE_Balance,FR_Balance,2030,2,1,2,1605,0.0,-0.0
194,BE_Balance,FR_Balance,2030,2,3,4,1606,0.0,-0.0
195,BE_Balance,FR_Balance,2030,2,5,6,1607,0.0,-0.0
196,BE_Balance,FR_Balance,2030,2,7,8,1608,0.0,1.0362
197,BE_Balance,FR_Balance,2030,2,9,10,1609,0.0,1.0362
198,BE_Balance,FR_Balance,2030,2,11,12,1610,0.0,1.0362
199,BE_Balance,FR_Balance,2030,2,13,14,1611,0.0,0.5313
200,BE_Balance,FR_Balance,2030,2,15,16,1612,0.0,0.5313
201,BE_Balance,FR_Balance,2030,2,17,18,1613,0.0,2.046
202,BE_Balance,FR_Balance,2030,2,19,20,1614,0.0,-0.0
203,BE_Balance,FR_Balance,2030,2,21,22,1615,0.0,0.0
204,BE_Balance,FR_Balance,2030,2,23,24,1616,0.0,0.0
205,BE_Balance,DE_Balance,2030,2,1,2,1617,-1.0362,0.0
206,BE_Balance,DE_Balance,2030,2,3,4,1618,-1.0362,0.0
207,BE_Balance,DE_Balance,2030,2,5,6,1619,-1.0362,0.0
208,BE_Balance,DE_Balance,2030,2,7,8,1620,0.0,0.0
209,BE_Balance,DE_Balance,2030,2,9,10,1621,0.0,0.0
210,BE_Balance,DE_Balance,2030,2,11,12,1622,0.0,0.0
211,BE_Balance,DE_Balance,2030,2,13,14,1623,0.0,0.0
212,BE_Balance,DE_Balance,2030,2,15,16,1624,0.0,0.0
213,BE_Balance,DE_Balance,2030,2,17,18,1625,0.0,0.0
214,BE_Balance,DE_Balance,2030,2,19,20,1626,0.0,-0.0
215,BE_Balance,DE_Balance,2030,2,21,22,1627,0.0,-0.0
216,BE_Balance,DE_Balance,2030,2,23,24,1628,0.0,-0.0
217,DE_Balance,LU_Balance,2030,2,1,2,1629,0.0,1.0362
218,DE_Balance,LU_Balance,2030,2,3,4,1630,0.0,1.0362
219,DE_Balance,LU_Balance,2030,2,5,6,1631,0.0,1.0362
220,DE_Balance,LU_Balance,2030,2,7,8,1632,0.0,0.0
221,DE_Balance,LU_Balance,2030,2,9,10,1633,0.0,0.0
222,DE_Balance,LU_Balance,2030,2,11,12,1634,0.0,0.0
223,DE_Balance,LU_Balance,2030,2,13,14,1635,0.0,-0.0
224,DE_Balance,LU_Balance,2030,2,15,16,1636,0.0,0.0
225,DE_Balance,LU_Balance,2030,2,17,18,1637,0.0,0.0
226,DE_Balance,LU_Balance,2030,2,19,20,1638,0.0,0.0
227,DE_Balance,LU_Balance,2030,2,21,22,1639,0.0,0.0
228,DE_Balance,LU_Balance,2030,2,23,24,1640,0.0,0.0
229,DE_Balance,CH_Balance,2030,2,1,2,1641,0.0,0.0
230,DE_Balance,CH_Balance,2030,2,3,4,1642,0.0,0.0
231,DE_Balance,CH_Balance,2030,2,5,6,1643,0.0,0.0
232,DE_Balance,CH_Balance,2030,2,7,8,1644,0.0,0.0
233,DE_Balance,CH_Balance,2030,2,9,10,1645,0.0,0.0
234,DE_Balance,CH_Balance,2030,2,11,12,1646,0.0,2.220446049250313e-16
235,DE_Balance,CH_Balance,2030,2,13,14,1647,0.0,-0.0
236,DE_Balance,CH_Balance,2030,2,15,16,1648,0.0,0.0
237,DE_Balance,CH_Balance,2030,2,17,18,1649,0.0,0.0
238,DE_Balance,CH_Balance,2030,2,19,20,1650,0.0,0.0
239,DE_Balance,CH_Balance,2030,2,21,22,1651,0.0,0.0
240,DE_Balance,CH_Balance,2030,2,23,24,1652,0.0,0.0
241,FR_Balance,CH_Balance,2030,2,1,2,1653,-1.0362,0.0
242,FR_Balance,CH_Balance,2030,2,3,4,1654,-1.0362,0.0
243,FR_Balance,CH_Balance,2030,2,5,6,1655,-1.0362,0.0
244,FR_Balance,CH_Balance,2030,2,7,8,1656,-1.0362,0.0
245,FR_Balance,CH_Balance,2030,2,9,10,1657,-1.0362,0.0
246,FR_Balance,CH_Balance,2030,2,11,12,1658,-1.0362,0.0
247,FR_Balance,CH_Balance,2030,2,13,14,1659,-0.5313,0.0
248,FR_Balance,CH_Balance,2030,2,15,16,1660,-0.5313,0.0
249,FR_Balance,CH_Balance,2030,2,17,18,1661,-2.046,0.0
250,FR_Balance,CH_Balance,2030,2,19,20,1662,0.0,0.0
251,FR_Balance,CH_Balance,2030,2,21,22,1663,0.0,0.0
252,FR_Balance,CH_Balance,2030,2,23,24,1664,0.0,0.0
253,FR_Balance,LU_Balance,2030,2,1,2,1665,0.0,0.0
254,FR_Balance,LU_Balance,2030,2,3,4,1666,0.0,0.0
255,FR_Balance,LU_Balance,2030,2,5,6,1667,0.0,0.0
256,FR_Balance,LU_Balance,2030,2,7,8,1668,-1.0362,0.0
257,FR_Balance,LU_Balance,2030,2,9,10,1669,-1.0362,0.0
258,FR_Balance,LU_Balance,2030,2,11,12,1670,-1.0362,0.0
259,FR_Balance,LU_Balance,2030,2,13,14,1671,-0.5313,0.0
260,FR_Balance,LU_Balance,2030,2,15,16,1672,-0.5313,0.0
261,FR_Balance,LU_Balance,2030,2,17,18,1673,-2.046,0.0
262,FR_Balance,LU_Balance,2030,2,19,20,1674,0.0,0.0
263,FR_Balance,LU_Balance,2030,2,21,22,1675,0.0,-0.0
264,FR_Balance,LU_Balance,2030,2,23,24,1676,0.0,-0.0
265,NL_Balance,BE_Balance,2030,2,1,2,1749,0.0,0.0
266,NL_Balance,BE_Balance,2030,2,3,4,1750,0.0,0.0
267,NL_Balance,BE_Balance,2030,2,5,6,1751,0.0,0.0
268,NL_Balance,BE_Balance,2030,2,7,8,1752,-1.0098,0.0
269,NL_Balance,BE_Balance,2030,2,9,10,1753,0.0,0.0
270,NL_Balance,BE_Balance,2030,2,11,12,1754,0.0,1.0097999999999998
271,NL_Balance,BE_Balance,2030,2,13,14,1755,0.0,1.5147
272,NL_Balance,BE_Balance,2030,2,15,16,1756,0.0,-0.0
273,NL_Balance,BE_Balance,2030,2,17,18,1757,0.0,0.0
274,NL_Balance,BE_Balance,2030,2,19,20,1758,0.0,0.0
275,NL_Balance,BE_Balance,2030,2,21,22,1759,0.0,0.0
276,NL_Balance,BE_Balance,2030,2,23,24,1760,0.0,-0.0
277,NL_Balance,DE_Balance,2030,2,1,2,1761,-1.0362,0.0
278,NL_Balance,DE_Balance,2030,2,3,4,1762,-1.0362,0.0
279,NL_Balance,DE_Balance,2030,2,5,6,1763,-1.0362,0.0
280,NL_Balance,DE_Balance,2030,2,7,8,1764,-1.0098,0.0
281,NL_Balance,DE_Balance,2030,2,9,10,1765,0.0,0.0
282,NL_Balance,DE_Balance,2030,2,11,12,1766,0.0,1.0097999999999998
283,NL_Balance,DE_Balance,2030,2,13,14,1767,0.0,1.5147
284,NL_Balance,DE_Balance,2030,2,15,16,1768,0.0,0.0
285,NL_Balance,DE_Balance,2030,2,17,18,1769,0.0,0.0
286,NL_Balance,DE_Balance,2030,2,19,20,1770,0.0,-0.0
287,NL_Balance,DE_Balance,2030,2,21,22,1771,0.0,0.0
288,NL_Balance,DE_Balance,2030,2,23,24,1772,0.0,-0.0
289,DE_Balance,FR_Balance,2030,2,1,2,1821,0.0,1.0362
290,DE_Balance,FR_Balance,2030,2,3,4,1822,0.0,1.0362
291,DE_Balance,FR_Balance,2030,2,5,6,1823,0.0,1.0362
292,DE_Balance,FR_Balance,2030,2,7,8,1824,0.0,1.0362
293,DE_Balance,FR_Balance,2030,2,9,10,1825,0.0,1.0362
294,DE_Balance,FR_Balance,2030,2,11,12,1826,0.0,1.0362
295,DE_Balance,FR_Balance,2030,2,13,14,1827,0.0,0.5313
296,DE_Balance,FR_Balance,2030,2,15,16,1828,0.0,0.5313
297,DE_Balance,FR_Balance,2030,2,17,18,1829,0.0,2.046
298,DE_Balance,FR_Balance,2030,2,19,20,1830,0.0,-0.0
299,DE_Balance,FR_Balance,2030,2,21,22,1831,0.0,0.0
300,DE_Balance,FR_Balance,2030,2,23,24,1832,0.0,0.0
301,FR_Balance,UK_Balance,2030,2,1,2,1881,0.0,-0.0
302,FR_Balance,UK_Balance,2030,2,3,4,1882,0.0,0.0
303,FR_Balance,UK_Balance,2030,2,5,6,1883,0.0,-0.0
304,FR_Balance,UK_Balance,2030,2,7,8,1884,0.0,-0.0
305,FR_Balance,UK_Balance,2030,2,9,10,1885,-1.0362,0.0
306,FR_Balance,UK_Balance,2030,2,11,12,1886,-2.046,0.0
307,FR_Balance,UK_Balance,2030,2,13,14,1887,-2.046,0.0
308,FR_Balance,UK_Balance,2030,2,15,16,1888,-2.046,0.0
309,FR_Balance,UK_Balance,2030,2,17,18,1889,-2.046,0.0
310,FR_Balance,UK_Balance,2030,2,19,20,1890,0.0,0.0
311,FR_Balance,UK_Balance,2030,2,21,22,1891,0.0,-0.0
312,FR_Balance,UK_Balance,2030,2,23,24,1892,0.0,-0.0
313,NL_Balance,BE_Balance,2030,3,1,2,2589,0.0,0.0
314,NL_Balance,BE_Balance,2030,3,3,4,2590,0.0,-0.0
315,NL_Balance,BE_Balance,2030,3,5,6,2591,0.0,-0.0
316,NL_Balance,BE_Balance,2030,3,7,8,2592,0.0,-0.0
317,NL_Balance,BE_Balance,2030,3,9,10,2593,0.0,-0.0
318,NL_Balance,BE_Balance,2030,3,11,12,2594,0.0,-0.0
319,NL_Balance,BE_Balance,2030,3,13,14,2595,0.0,-0.0
320,NL_Balance,BE_Balance,2030,3,15,16,2596,0.0,0.0
321,NL_Balance,BE_Balance,2030,3,17,18,2597,-1.1637750000000002,0.0
322,NL_Balance,BE_Balance,2030,3,19,20,2598,0.0,0.0
323,NL_Balance,BE_Balance,2030,3,21,22,2599,0.0,-0.0
324,NL_Balance,BE_Balance,2030,3,23,24,2600,0.0,-0.0
325,NL_Balance,DE_Balance,2030,3,1,2,2601,0.0,-0.0
326,NL_Balance,DE_Balance,2030,3,3,4,2602,0.0,-0.0
327,NL_Balance,DE_Balance,2030,3,5,6,2603,0.0,0.0
328,NL_Balance,DE_Balance,2030,3,7,8,2604,0.0,-0.0
329,NL_Balance,DE_Balance,2030,3,9,10,2605,0.0,0.0
330,NL_Balance,DE_Balance,2030,3,11,12,2606,0.0,0.0
331,NL_Balance,DE_Balance,2030,3,13,14,2607,0.0,0.0
332,NL_Balance,DE_Balance,2030,3,15,16,2608,-0.9337999999999999,0.0
333,NL_Balance,DE_Balance,2030,3,17,18,2609,-1.798,0.0
334,NL_Balance,DE_Balance,2030,3,19,20,2610,-1.798,0.0
335,NL_Balance,DE_Balance,2030,3,21,22,2611,0.0,0.0
336,NL_Balance,DE_Balance,2030,3,23,24,2612,0.0,0.0
337,BE_Balance,LU_Balance,2030,3,1,2,2613,0.0,0.0
338,BE_Balance,LU_Balance,2030,3,3,4,2614,0.0,-0.0
339,BE_Balance,LU_Balance,2030,3,5,6,2615,0.0,0.0
340,BE_Balance,LU_Balance,2030,3,7,8,2616,0.0,0.0
341,BE_Balance,LU_Balance,2030,3,9,10,2617,0.0,-0.0
342,BE_Balance,LU_Balance,2030,3,11,12,2618,0.0,0.0
343,BE_Balance,LU_Balance,2030,3,13,14,2619,0.0,-0.0
344,BE_Balance,LU_Balance,2030,3,15,16,2620,-0.9337999999999999,0.0
345,BE_Balance,LU_Balance,2030,3,17,18,2621,-0.6342249999999998,0.0
346,BE_Balance,LU_Balance,2030,3,19,20,2622,-1.798,0.0
347,BE_Balance,LU_Balance,2030,3,21,22,2623,0.0,0.0
348,BE_Balance,LU_Balance,2030,3,23,24,2624,0.0,0.0
349,BE_Balance,FR_Balance,2030,3,1,2,2625,0.0,-0.0
350,BE_Balance,FR_Balance,2030,3,3,4,2626,0.0,0.0
351,BE_Balance,FR_Balance,2030,3,5,6,2627,0.0,0.0
352,BE_Balance,FR_Balance,2030,3,7,8,2628,0.0,0.0
353,BE_Balance,FR_Balance,2030,3,9,10,2629,0.0,0.0
354,BE_Balance,FR_Balance,2030,3,11,12,2630,0.0,0.0
355,BE_Balance,FR_Balance,2030,3,13,14,2631,0.0,0.0
356,BE_Balance,FR_Balance,2030,3,15,16,2632,-0.9337999999999999,0.0
357,BE_Balance,FR_Balance,2030,3,17,18,2633,-0.6342249999999998,0.0
358,BE_Balance,FR_Balance,2030,3,19,20,2634,0.0,0.0
359,BE_Balance,FR_Balance,2030,3,21,22,2635,-1.798,0.0
360,BE_Balance,FR_Balance,2030,3,23,24,2636,-0.9337999999999999,0.0
361,DE_Balance,FR_Balance,2030,3,1,2,2637,0.0,-0.0
362,DE_Balance,FR_Balance,2030,3,3,4,2638,0.0,0.0
363,DE_Balance,FR_Balance,2030,3,5,6,2639,0.0,0.0
364,DE_Balance,FR_Balance,2030,3,7,8,2640,0.0,0.0
365,DE_Balance,FR_Balance,2030,3,9,10,2641,0.0,0.0
366,DE_Balance,FR_Balance,2030,3,11,12,2642,0.0,0.0
367,DE_Balance,FR_Balance,2030,3,13,14,2643,0.0,0.0
368,DE_Balance,FR_Balance,2030,3,15,16,2644,0.0,-0.0
369,DE_Balance,FR_Balance,2030,3,17,18,2645,0.0,0.0
370,DE_Balance,FR_Balance,2030,3,19,20,2646,0.0,1.798
371,DE_Balance,FR_Balance,2030,3,21,22,2647,-1.798,0.0
372,DE_Balance,FR_Balance,2030,3,23,24,2648,-0.9337999999999999,0.0
373,FR_Balance,CH_Balance,2030,3,1,2,2649,-1.798,0.0
374,FR_Balance,CH_Balance,2030,3,3,4,2650,-1.798,0.0
375,FR_Balance,CH_Balance,2030,3,5,6,2651,-1.798,0.0
376,FR_Balance,CH_Balance,2030,3,7,8,2652,-1.798,0.0
377,FR_Balance,CH_Balance,2030,3,9,10,2653,-1.798,0.0
378,FR_Balance,CH_Balance,2030,3,11,12,2654,0.0,0.0
379,FR_Balance,CH_Balance,2030,3,13,14,2655,0.0,0.0
380,FR_Balance,CH_Balance,2030,3,15,16,2656,0.0,0.0
381,FR_Balance,CH_Balance,2030,3,17,18,2657,0.0,0.0
382,FR_Balance,CH_Balance,2030,3,19,20,2658,-1.798,0.0
383,FR_Balance,CH_Balance,2030,3,21,22,2659,0.0,0.0
384,FR_Balance,CH_Balance,2030,3,23,24,2660,-0.8642000000000003,0.0
385,FR_Balance,UK_Balance,2030,3,1,2,2661,0.0,0.0
386,FR_Balance,UK_Balance,2030,3,3,4,2662,0.0,-0.0
387,FR_Balance,UK_Balance,2030,3,5,6,2663,0.0,-0.0
388,FR_Balance,UK_Balance,2030,3,7,8,2664,0.0,-0.0
389,FR_Balance,UK_Balance,2030,3,9,10,2665,0.0,-0.0
390,FR_Balance,UK_Balance,2030,3,11,12,2666,0.0,-0.0
391,FR_Balance,UK_Balance,2030,3,13,14,2667,0.0,-0.0
392,FR_Balance,UK_Balance,2030,3,15,16,2668,0.0,0.9337999999999999
393,FR_Balance,UK_Balance,2030,3,17,18,2669,0.0,1.798
394,FR_Balance,UK_Balance,2030,3,19,20,2670,0.0,-0.0
395,FR_Balance,UK_Balance,2030,3,21,22,2671,0.0,1.798
396,FR_Balance,UK_Balance,2030,3,23,24,2672,0.0,0.9337999999999999
397,FR_Balance,LU_Balance,2030,3,1,2,2673,0.0,-0.0
398,FR_Balance,LU_Balance,2030,3,3,4,2674,0.0,0.0
399,FR_Balance,LU_Balance,2030,3,5,6,2675,0.0,-0.0
400,FR_Balance,LU_Balance,2030,3,7,8,2676,0.0,-0.0
401,FR_Balance,LU_Balance,2030,3,9,10,2677,0.0,0.0
402,FR_Balance,LU_Balance,2030,3,11,12,2678,0.0,0.0
403,FR_Balance,LU_Balance,2030,3,13,14,2679,0.0,0.0
404,FR_Balance,LU_Balance,2030,3,15,16,2680,0.0,0.0
405,FR_Balance,LU_Balance,2030,3,17,18,2681,0.0,0.0
406,FR_Balance,LU_Balance,2030,3,19,20,2682,-1.798,0.0
407,FR_Balance,LU_Balance,2030,3,21,22,2683,0.0,1.798
408,FR_Balance,LU_Balance,2030,3,23,24,2684,0.0,0.9337999999999999
409,BE_Balance,UK_Balance,2030,3,1,2,2741,0.0,-0.0
410,BE_Balance,UK_Balance,2030,3,3,4,2742,0.0,-0.0
411,BE_Balance,UK_Balance,2030,3,5,6,2743,0.0,-0.0
412,BE_Balance,UK_Balance,2030,3,7,8,2744,0.0,-0.0
413,BE_Balance,UK_Balance,2030,3,9,10,2745,0.0,0.0
414,BE_Balance,UK_Balance,2030,3,11,12,2746,0.0,-0.0
415,BE_Balance,UK_Balance,2030,3,13,14,2747,0.0,-0.0
416,BE_Balance,UK_Balance,2030,3,15,16,2748,0.0,-0.0
417,BE_Balance,UK_Balance,2030,3,17,18,2749,0.0,1.1637750000000002
418,BE_Balance,UK_Balance,2030,3,19,20,2750,0.0,-0.0
419,BE_Balance,UK_Balance,2030,3,21,22,2751,0.0,-0.0
420,BE_Balance,UK_Balance,2030,3,23,24,2752,0.0,-0.0
421,BE_Balance,DE_Balance,2030,3,1,2,2753,0.0,-0.0
422,BE_Balance,DE_Balance,2030,3,3,4,2754,0.0,0.0
423,BE_Balance,DE_Balance,2030,3,5,6,2755,0.0,0.0
424,BE_Balance,DE_Balance,2030,3,7,8,2756,0.0,0.0
425,BE_Balance,DE_Balance,2030,3,9,10,2757,0.0,0.0
426,BE_Balance,DE_Balance,2030,3,11,12,2758,0.0,0.0
427,BE_Balance,DE_Balance,2030,3,13,14,2759,0.0,0.0
428,BE_Balance,DE_Balance,2030,3,15,16,2760,-0.9337999999999999,0.0
429,BE_Balance,DE_Balance,2030,3,17,18,2761,-0.6342249999999998,0.0
430,BE_Balance,DE_Balance,2030,3,19,20,2762,-1.798,0.0
431,BE_Balance,DE_Balance,2030,3,21,22,2763,0.0,0.0
432,BE_Balance,DE_Balance,2030,3,23,24,2764,0.0,0.0
433,DE_Balance,CH_Balance,2030,3,1,2,2765,-1.798,0.0
434,DE_Balance,CH_Balance,2030,3,3,4,2766,-1.798,0.0
435,DE_Balance,CH_Balance,2030,3,5,6,2767,-1.798,0.0
436,DE_Balance,CH_Balance,2030,3,7,8,2768,-1.798,0.0
437,DE_Balance,CH_Balance,2030,3,9,10,2769,-1.798,0.0
438,DE_Balance,CH_Balance,2030,3,11,12,2770,0.0,0.0
439,DE_Balance,CH_Balance,2030,3,13,14,2771,0.0,0.0
440,DE_Balance,CH_Balance,2030,3,15,16,2772,0.0,0.0
441,DE_Balance,CH_Balance,2030,3,17,18,2773,0.0,0.0
442,DE_Balance,CH_Balance,2030,3,19,20,2774,0.0,0.0
443,DE_Balance,CH_Balance,2030,3,21,22,2775,-1.798,0.0
444,DE_Balance,CH_Balance,2030,3,23,24,2776,-1.798,0.0
445,NL_Balance,UK_Balance,2030,3,1,2,2837,0.0,-0.0
446,NL_Balance,UK_Balance,2030,3,3,4,2838,0.0,-0.0
447,NL_Balance,UK_Balance,2030,3,5,6,2839,0.0,-0.0
448,NL_Balance,UK_Balance,2030,3,7,8,2840,0.0,-0.0
449,NL_Balance,UK_Balance,2030,3,9,10,2841,0.0,0.0
450,NL_Balance,UK_Balance,2030,3,11,12,2842,0.0,-0.0
451,NL_Balance,UK_Balance,2030,3,13,14,2843,0.0,-0.0
452,NL_Balance,UK_Balance,2030,3,15,16,2844,0.0,0.0
453,NL_Balance,UK_Balance,2030,3,17,18,2845,0.0,0.0
454,NL_Balance,UK_Balance,2030,3,19,20,2846,0.0,-0.0
455,NL_Balance,UK_Balance,2030,3,21,22,2847,0.0,0.0
456,NL_Balance,UK_Balance,2030,3,23,24,2848,0.0,0.0
457,DE_Balance,LU_Balance,2030,3,1,2,2849,0.0,0.0
458,DE_Balance,LU_Balance,2030,3,3,4,2850,0.0,0.0
459,DE_Balance,LU_Balance,2030,3,5,6,2851,0.0,0.0
460,DE_Balance,LU_Balance,2030,3,7,8,2852,0.0,0.0
461,DE_Balance,LU_Balance,2030,3,9,10,2853,0.0,0.0
462,DE_Balance,LU_Balance,2030,3,11,12,2854,0.0,-0.0
463,DE_Balance,LU_Balance,2030,3,13,14,2855,0.0,0.0
464,DE_Balance,LU_Balance,2030,3,15,16,2856,0.0,0.0
465,DE_Balance,LU_Balance,2030,3,17,18,2857,0.0,0.0
466,DE_Balance,LU_Balance,2030,3,19,20,2858,0.0,0.0
467,DE_Balance,LU_Balance,2030,3,21,22,2859,0.0,0.0
468,DE_Balance,LU_Balance,2030,3,23,24,2860,0.0,0.0
469,NL_Balance,UK_Balance,2030,4,1,2,3497,0.0,-0.0
470,NL_Balance,UK_Balance,2030,4,3,4,3498,0.0,-0.0
471,NL_Balance,UK_Balance,2030,4,5,6,3499,0.0,0.0
472,NL_Balance,UK_Balance,2030,4,7,8,3500,0.0,0.8981500000000001
473,NL_Balance,UK_Balance,2030,4,9,10,3501,0.0,0.89815
474,NL_Balance,UK_Balance,2030,4,11,12,3502,0.0,0.3703000000000001
475,NL_Balance,UK_Balance,2030,4,13,14,3503,0.0,0.3703000000000001
476,NL_Balance,UK_Balance,2030,4,15,16,3504,0.0,-0.0
477,NL_Balance,UK_Balance,2030,4,17,18,3505,0.0,1.426
478,NL_Balance,UK_Balance,2030,4,19,20,3506,0.0,1.426
479,NL_Balance,UK_Balance,2030,4,21,22,3507,0.0,0.0
480,NL_Balance,UK_Balance,2030,4,23,24,3508,0.0,-0.0
481,NL_Balance,BE_Balance,2030,4,1,2,3509,0.0,0.0
482,NL_Balance,BE_Balance,2030,4,3,4,3510,0.0,0.0
483,NL_Balance,BE_Balance,2030,4,5,6,3511,0.0,0.0
484,NL_Balance,BE_Balance,2030,4,7,8,3512,0.0,0.0
485,NL_Balance,BE_Balance,2030,4,9,10,3513,0.0,0.0
486,NL_Balance,BE_Balance,2030,4,11,12,3514,0.0,0.0
487,NL_Balance,BE_Balance,2030,4,13,14,3515,0.0,0.3703000000000001
488,NL_Balance,BE_Balance,2030,4,15,16,3516,0.0,0.0
489,NL_Balance,BE_Balance,2030,4,17,18,3517,0.0,0.0
490,NL_Balance,BE_Balance,2030,4,19,20,3518,0.0,0.0
491,NL_Balance,BE_Balance,2030,4,21,22,3519,-0.7406,0.0
492,NL_Balance,BE_Balance,2030,4,23,24,3520,0.0,0.0
493,NL_Balance,DE_Balance,2030,4,1,2,3521,-0.634225,0.0
494,NL_Balance,DE_Balance,2030,4,3,4,3522,-0.634225,0.0
495,NL_Balance,DE_Balance,2030,4,5,6,3523,-0.8981500000000001,0.0
496,NL_Balance,DE_Balance,2030,4,7,8,3524,0.0,0.0
497,NL_Balance,DE_Balance,2030,4,9,10,3525,0.0,0.0
498,NL_Balance,DE_Balance,2030,4,11,12,3526,0.0,0.0
499,NL_Balance,DE_Balance,2030,4,13,14,3527,0.0,0.0
500,NL_Balance,DE_Balance,2030,4,15,16,3528,-0.3703000000000001,0.0
501,NL_Balance,DE_Balance,2030,4,17,18,3529,0.0,0.0
502,NL_Balance,DE_Balance,2030,4,19,20,3530,0.0,0.0
503,NL_Balance,DE_Balance,2030,4,21,22,3531,-0.7406,0.0
504,NL_Balance,DE_Balance,2030,4,23,24,3532,0.0,0.0
505,BE_Balance,LU_Balance,2030,4,1,2,3533,-0.634225,0.0
506,BE_Balance,LU_Balance,2030,4,3,4,3534,-0.634225,0.0
507,BE_Balance,LU_Balance,2030,4,5,6,3535,-0.634225,0.0
508,BE_Balance,LU_Balance,2030,4,7,8,3536,0.0,0.0
509,BE_Balance,LU_Balance,2030,4,9,10,3537,0.0,0.0
510,BE_Balance,LU_Balance,2030,4,11,12,3538,0.0,0.0
511,BE_Balance,LU_Balance,2030,4,13,14,3539,0.0,0.0
512,BE_Balance,LU_Balance,2030,4,15,16,3540,0.0,0.0
513,BE_Balance,LU_Balance,2030,4,17,18,3541,0.0,0.0
514,BE_Balance,LU_Balance,2030,4,19,20,3542,0.0,0.0
515,BE_Balance,LU_Balance,2030,4,21,22,3543,0.0,0.0
516,BE_Balance,LU_Balance,2030,4,23,24,3544,0.0,0.0
517,BE_Balance,FR_Balance,2030,4,1,2,3545,0.0,0.0
518,BE_Balance,FR_Balance,2030,4,3,4,3546,0.0,-0.0
519,BE_Balance,FR_Balance,2030,4,5,6,3547,0.0,-0.0
520,BE_Balance,FR_Balance,2030,4,7,8,3548,0.0,0.8981500000000001
521,BE_Balance,FR_Balance,2030,4,9,10,3549,0.0,0.89815
522,BE_Balance,FR_Balance,2030,4,11,12,3550,0.0,0.3703000000000001
523,BE_Balance,FR_Balance,2030,4,13,14,3551,0.0,0.0
524,BE_Balance,FR_Balance,2030,4,15,16,3552,0.0,0.0
525,BE_Balance,FR_Balance,2030,4,17,18,3553,0.0,1.426
526,BE_Balance,FR_Balance,2030,4,19,20,3554,0.0,1.426
527,BE_Balance,FR_Balance,2030,4,21,22,3555,0.0,0.0
528,BE_Balance,FR_Balance,2030,4,23,24,3556,-0.7406,0.0
529,BE_Balance,DE_Balance,2030,4,1,2,3557,-0.634225,0.0
530,BE_Balance,DE_Balance,2030,4,3,4,3558,-0.634225,0.0
531,BE_Balance,DE_Balance,2030,4,5,6,3559,-0.8981500000000001,0.0
532,BE_Balance,DE_Balance,2030,4,7,8,3560,0.0,0.0
533,BE_Balance,DE_Balance,2030,4,9,10,3561,0.0,0.0
534,BE_Balance,DE_Balance,2030,4,11,12,3562,0.0,0.0
535,BE_Balance,DE_Balance,2030,4,13,14,3563,-0.3703000000000001,0.0
536,BE_Balance,DE_Balance,2030,4,15,16,3564,-0.3703000000000001,0.0
537,BE_Balance,DE_Balance,2030,4,17,18,3565,0.0,0.0
538,BE_Balance,DE_Balance,2030,4,19,20,3566,0.0,0.0
539,BE_Balance,DE_Balance,2030,4,21,22,3567,0.0,0.0
540,BE_Balance,DE_Balance,2030,4,23,24,3568,0.0,0.0
541,DE_Balance,FR_Balance,2030,4,1,2,3569,0.0,0.634225
542,DE_Balance,FR_Balance,2030,4,3,4,3570,0.0,0.634225
543,DE_Balance,FR_Balance,2030,4,5,6,3571,0.0,0.8981500000000001
544,DE_Balance,FR_Balance,2030,4,7,8,3572,0.0,0.8981500000000001
545,DE_Balance,FR_Balance,2030,4,9,10,3573,0.0,0.89815
546,DE_Balance,FR_Balance,2030,4,11,12,3574,0.0,0.3703000000000001
547,DE_Balance,FR_Balance,2030,4,13,14,3575,0.0,0.3703000000000001
548,DE_Balance,FR_Balance,2030,4,15,16,3576,0.0,0.3703000000000001
549,DE_Balance,FR_Balance,2030,4,17,18,3577,0.0,1.426
550,DE_Balance,FR_Balance,2030,4,19,20,3578,0.0,1.426
551,DE_Balance,FR_Balance,2030,4,21,22,3579,0.0,0.0
552,DE_Balance,FR_Balance,2030,4,23,24,3580,-0.7406,0.0
553,FR_Balance,CH_Balance,2030,4,1,2,3581,-0.89815,0.0
554,FR_Balance,CH_Balance,2030,4,3,4,3582,-0.89815,0.0
555,FR_Balance,CH_Balance,2030,4,5,6,3583,-0.89815,0.0
556,FR_Balance,CH_Balance,2030,4,7,8,3584,-0.89815,0.0
557,FR_Balance,CH_Balance,2030,4,9,10,3585,-0.89815,0.0
558,FR_Balance,CH_Balance,2030,4,11,12,3586,-0.3703000000000001,0.0
559,FR_Balance,CH_Balance,2030,4,13,14,3587,-0.3703000000000001,0.0
560,FR_Balance,CH_Balance,2030,4,15,16,3588,-0.3703000000000001,0.0
561,FR_Balance,CH_Balance,2030,4,17,18,3589,-1.426,0.0
562,FR_Balance,CH_Balance,2030,4,19,20,3590,-1.426,0.0
563,FR_Balance,CH_Balance,2030,4,21,22,3591,-0.6854,0.0
564,FR_Balance,CH_Balance,2030,4,23,24,3592,0.0,0.0
565,FR_Balance,UK_Balance,2030,4,1,2,3593,0.0,-0.0
566,FR_Balance,UK_Balance,2030,4,3,4,3594,0.0,-0.0
567,FR_Balance,UK_Balance,2030,4,5,6,3595,0.0,0.0
568,FR_Balance,UK_Balance,2030,4,7,8,3596,0.0,0.0
569,FR_Balance,UK_Balance,2030,4,9,10,3597,0.0,0.0
570,FR_Balance,UK_Balance,2030,4,11,12,3598,0.0,0.0
571,FR_Balance,UK_Balance,2030,4,13,14,3599,0.0,0.0
572,FR_Balance,UK_Balance,2030,4,15,16,3600,0.0,-0.0
573,FR_Balance,UK_Balance,2030,4,17,18,3601,0.0,0.0
574,FR_Balance,UK_Balance,2030,4,19,20,3602,0.0,0.0
575,FR_Balance,UK_Balance,2030,4,21,22,3603,0.0,0.7406
576,FR_Balance,UK_Balance,2030,4,23,24,3604,0.0,0.7406
577,BE_Balance,UK_Balance,2030,4,1,2,3709,0.0,-0.0
578,BE_Balance,UK_Balance,2030,4,3,4,3710,0.0,-0.0
579,BE_Balance,UK_Balance,2030,4,5,6,3711,0.0,-0.0
580,BE_Balance,UK_Balance,2030,4,7,8,3712,0.0,0.8981500000000001
581,BE_Balance,UK_Balance,2030,4,9,10,3713,0.0,0.89815
582,BE_Balance,UK_Balance,2030,4,11,12,3714,0.0,0.3703000000000001
583,BE_Balance,UK_Balance,2030,4,13,14,3715,0.0,-0.0
584,BE_Balance,UK_Balance,2030,4,15,16,3716,0.0,-0.0
585,BE_Balance,UK_Balance,2030,4,17,18,3717,0.0,1.426
586,BE_Balance,UK_Balance,2030,4,19,20,3718,0.0,1.426
587,BE_Balance,UK_Balance,2030,4,21,22,3719,0.0,0.7406
588,BE_Balance,UK_Balance,2030,4,23,24,3720,0.0,-0.0
589,DE_Balance,LU_Balance,2030,4,1,2,3721,0.0,-0.0
590,DE_Balance,LU_Balance,2030,4,3,4,3722,0.0,0.0
591,DE_Balance,LU_Balance,2030,4,5,6,3723,0.0,0.2639250000000001
592,DE_Balance,LU_Balance,2030,4,7,8,3724,0.0,0.0
593,DE_Balance,LU_Balance,2030,4,9,10,3725,0.0,0.0
594,DE_Balance,LU_Balance,2030,4,11,12,3726,0.0,0.0
595,DE_Balance,LU_Balance,2030,4,13,14,3727,0.0,0.3703000000000001
596,DE_Balance,LU_Balance,2030,4,15,16,3728,0.0,0.3703000000000001
597,DE_Balance,LU_Balance,2030,4,17,18,3729,0.0,0.0
598,DE_Balance,LU_Balance,2030,4,19,20,3730,0.0,0.0
599,DE_Balance,LU_Balance,2030,4,21,22,3731,0.0,0.0
600,DE_Balance,LU_Balance,2030,4,23,24,3732,0.0,0.0
601,FR_Balance,LU_Balance,2030,4,1,2,3733,-0.634225,0.0
602,FR_Balance,LU_Balance,2030,4,3,4,3734,-0.634225,0.0
603,FR_Balance,LU_Balance,2030,4,5,6,3735,-0.634225,0.0
604,FR_Balance,LU_Balance,2030,4,7,8,3736,-0.8981500000000001,0.0
605,FR_Balance,LU_Balance,2030,4,9,10,3737,-0.89815,0.0
606,FR_Balance,LU_Balance,2030,4,11,12,3738,-0.3703000000000001,0.0
607,FR_Balance,LU_Balance,2030,4,13,14,3739,0.0,0.0
608,FR_Balance,LU_Balance,2030,4,15,16,3740,0.0,0.0
609,FR_Balance,LU_Balance,2030,4,17,18,3741,-1.426,0.0
610,FR_Balance,LU_Balance,2030,4,19,20,3742,-1.426,0.0
611,FR_Balance,LU_Balance,2030,4,21,22,3743,0.0,0.0
612,FR_Balance,LU_Balance,2030,4,23,24,3744,0.0,0.7406
613,DE_Balance,CH_Balance,2030,4,1,2,3793,-0.26392499999999997,0.0
614,DE_Balance,CH_Balance,2030,4,3,4,3794,-0.26392499999999997,0.0
615,DE_Balance,CH_Balance,2030,4,5,6,3795,1.1102230246251565e-16,0.0
616,DE_Balance,CH_Balance,2030,4,7,8,3796,1.1102230246251565e-16,0.0
617,DE_Balance,CH_Balance,2030,4,9,10,3797,0.0,0.0
618,DE_Balance,CH_Balance,2030,4,11,12,3798,0.0,0.0
619,DE_Balance,CH_Balance,2030,4,13,14,3799,0.0,-0.0
620,DE_Balance,CH_Balance,2030,4,15,16,3800,0.0,0.0
621,DE_Balance,CH_Balance,2030,4,17,18,3801,0.0,0.0
622,DE_Balance,CH_Balance,2030,4,19,20,3802,0.0,0.0
623,DE_Balance,CH_Balance,2030,4,21,22,3803,-0.6854,0.0
624,DE_Balance,CH_Balance,2030,4,23,24,3804,-0.7406,0.0
625,NL_Balance,UK_Balance,2030,5,1,2,4529,0.0,-0.0
626,NL_Balance,UK_Balance,2030,5,3,4,4530,0.0,-0.0
627,NL_Balance,UK_Balance,2030,5,5,6,4531,0.0,-0.0
628,NL_Balance,UK_Balance,2030,5,7,8,4532,0.0,0.0
629,NL_Balance,UK_Balance,2030,5,9,10,4533,0.0,-0.0
630,NL_Balance,UK_Balance,2030,5,11,12,4534,0.0,-0.0
631,NL_Balance,UK_Balance,2030,5,13,14,4535,0.0,-0.0
632,NL_Balance,UK_Balance,2030,5,15,16,4536,0.0,0.0
633,NL_Balance,UK_Balance,2030,5,17,18,4537,0.0,0.0
634,NL_Balance,UK_Balance,2030,5,19,20,4538,0.0,0.0
635,NL_Balance,UK_Balance,2030,5,21,22,4539,0.0,-0.0
636,NL_Balance,UK_Balance,2030,5,23,24,4540,0.0,-0.0
637,NL_Balance,BE_Balance,2030,5,1,2,4541,0.0,-0.0
638,NL_Balance,BE_Balance,2030,5,3,4,4542,0.0,-0.0
639,NL_Balance,BE_Balance,2030,5,5,6,4543,0.0,0.0
640,NL_Balance,BE_Balance,2030,5,7,8,4544,0.0,0.0
641,NL_Balance,BE_Balance,2030,5,9,10,4545,0.0,-0.0
642,NL_Balance,BE_Balance,2030,5,11,12,4546,0.0,-0.0
643,NL_Balance,BE_Balance,2030,5,13,14,4547,0.0,-0.0
644,NL_Balance,BE_Balance,2030,5,15,16,4548,0.0,-0.0
645,NL_Balance,BE_Balance,2030,5,17,18,4549,0.0,0.0
646,NL_Balance,BE_Balance,2030,5,19,20,4550,0.0,-0.0
647,NL_Balance,BE_Balance,2030,5,21,22,4551,0.0,0.0
648,NL_Balance,BE_Balance,2030,5,23,24,4552,0.0,-0.0
649,BE_Balance,UK_Balance,2030,5,1,2,4553,0.0,-0.0
650,BE_Balance,UK_Balance,2030,5,3,4,4554,0.0,-0.0
651,BE_Balance,UK_Balance,2030,5,5,6,4555,0.0,-0.0
652,BE_Balance,UK_Balance,2030,5,7,8,4556,0.0,0.0
653,BE_Balance,UK_Balance,2030,5,9,10,4557,0.0,-0.0
654,BE_Balance,UK_Balance,2030,5,11,12,4558,0.0,-0.0
655,BE_Balance,UK_Balance,2030,5,13,14,4559,0.0,0.0
656,BE_Balance,UK_Balance,2030,5,15,16,4560,0.0,0.0
657,BE_Balance,UK_Balance,2030,5,17,18,4561,0.0,0.0
658,BE_Balance,UK_Balance,2030,5,19,20,4562,0.0,-0.0
659,BE_Balance,UK_Balance,2030,5,21,22,4563,0.0,0.0
660,BE_Balance,UK_Balance,2030,5,23,24,4564,0.0,0.0
661,BE_Balance,LU_Balance,2030,5,1,2,4565,0.0,0.0
662,BE_Balance,LU_Balance,2030,5,3,4,4566,0.0,0.0
663,BE_Balance,LU_Balance,2030,5,5,6,4567,0.0,-0.0
664,BE_Balance,LU_Balance,2030,5,7,8,4568,0.0,0.0
665,BE_Balance,LU_Balance,2030,5,9,10,4569,0.0,0.0
666,BE_Balance,LU_Balance,2030,5,11,12,4570,0.0,-0.0
667,BE_Balance,LU_Balance,2030,5,13,14,4571,0.0,0.0
668,BE_Balance,LU_Balance,2030,5,15,16,4572,0.0,0.0
669,BE_Balance,LU_Balance,2030,5,17,18,4573,0.0,-0.0
670,BE_Balance,LU_Balance,2030,5,19,20,4574,0.0,0.0
671,BE_Balance,LU_Balance,2030,5,21,22,4575,0.0,-0.0
672,BE_Balance,LU_Balance,2030,5,23,24,4576,0.0,0.0
673,BE_Balance,FR_Balance,2030,5,1,2,4577,0.0,0.0
674,BE_Balance,FR_Balance,2030,5,3,4,4578,0.0,0.0
675,BE_Balance,FR_Balance,2030,5,5,6,4579,0.0,-0.0
676,BE_Balance,FR_Balance,2030,5,7,8,4580,0.0,-0.0
677,BE_Balance,FR_Balance,2030,5,9,10,4581,0.0,0.0
678,BE_Balance,FR_Balance,2030,5,11,12,4582,0.0,-0.0
679,BE_Balance,FR_Balance,2030,5,13,14,4583,0.0,-0.0
680,BE_Balance,FR_Balance,2030,5,15,16,4584,0.0,0.0
681,BE_Balance,FR_Balance,2030,5,17,18,4585,0.0,0.0
682,BE_Balance,FR_Balance,2030,5,19,20,4586,0.0,0.0
683,BE_Balance,FR_Balance,2030,5,21,22,4587,0.0,0.0
684,BE_Balance,FR_Balance,2030,5,23,24,4588,0.0,-0.0
685,BE_Balance,DE_Balance,2030,5,1,2,4589,0.0,-0.0
686,BE_Balance,DE_Balance,2030,5,3,4,4590,0.0,0.0
687,BE_Balance,DE_Balance,2030,5,5,6,4591,0.0,0.0
688,BE_Balance,DE_Balance,2030,5,7,8,4592,0.0,0.0
689,BE_Balance,DE_Balance,2030,5,9,10,4593,0.0,0.0
690,BE_Balance,DE_Balance,2030,5,11,12,4594,0.0,0.0
691,BE_Balance,DE_Balance,2030,5,13,14,4595,0.0,-0.0
692,BE_Balance,DE_Balance,2030,5,15,16,4596,0.0,0.0
693,BE_Balance,DE_Balance,2030,5,17,18,4597,0.0,0.0
694,BE_Balance,DE_Balance,2030,5,19,20,4598,0.0,0.0
695,BE_Balance,DE_Balance,2030,5,21,22,4599,0.0,0.0
696,BE_Balance,DE_Balance,2030,5,23,24,4600,0.0,0.0
697,DE_Balance,LU_Balance,2030,5,1,2,4601,0.0,-0.0
698,DE_Balance,LU_Balance,2030,5,3,4,4602,0.0,0.0
699,DE_Balance,LU_Balance,2030,5,5,6,4603,0.0,0.0
700,DE_Balance,LU_Balance,2030,5,7,8,4604,0.0,-0.0
701,DE_Balance,LU_Balance,2030,5,9,10,4605,0.0,-0.0
702,DE_Balance,LU_Balance,2030,5,11,12,4606,0.0,0.0
703,DE_Balance,LU_Balance,2030,5,13,14,4607,0.0,0.0
704,DE_Balance,LU_Balance,2030,5,15,16,4608,0.0,-0.0
705,DE_Balance,LU_Balance,2030,5,17,18,4609,0.0,0.0
706,DE_Balance,LU_Balance,2030,5,19,20,4610,0.0,0.0
707,DE_Balance,LU_Balance,2030,5,21,22,4611,0.0,0.0
708,DE_Balance,LU_Balance,2030,5,23,24,4612,0.0,-0.0
709,DE_Balance,CH_Balance,2030,5,1,2,4613,-1.6328,0.0
710,DE_Balance,CH_Balance,2030,5,3,4,4614,-1.6328,0.0
711,DE_Balance,CH_Balance,2030,5,5,6,4615,-1.6328000000000003,0.0
712,DE_Balance,CH_Balance,2030,5,7,8,4616,-1.8369000000000002,0.0
713,DE_Balance,CH_Balance,2030,5,9,10,4617,-1.8369000000000002,0.0
714,DE_Balance,CH_Balance,2030,5,11,12,4618,-1.2246000000000001,0.0
715,DE_Balance,CH_Balance,2030,5,13,14,4619,-1.2246000000000001,0.0
716,DE_Balance,CH_Balance,2030,5,15,16,4620,-1.2246000000000001,0.0
717,DE_Balance,CH_Balance,2030,5,17,18,4621,-2.4492,0.0
718,DE_Balance,CH_Balance,2030,5,19,20,4622,-2.4492,0.0
719,DE_Balance,CH_Balance,2030,5,21,22,4623,-2.4492,0.0
720,DE_Balance,CH_Balance,2030,5,23,24,4624,0.0,0.0
721,DE_Balance,FR_Balance,2030,5,1,2,4625,0.0,-0.0
722,DE_Balance,FR_Balance,2030,5,3,4,4626,0.0,0.0
723,DE_Balance,FR_Balance,2030,5,5,6,4627,0.0,0.0
724,DE_Balance,FR_Balance,2030,5,7,8,4628,0.0,-0.0
725,DE_Balance,FR_Balance,2030,5,9,10,4629,0.0,-0.0
726,DE_Balance,FR_Balance,2030,5,11,12,4630,0.0,-0.0
727,DE_Balance,FR_Balance,2030,5,13,14,4631,0.0,0.0
728,DE_Balance,FR_Balance,2030,5,15,16,4632,0.0,-0.0
729,DE_Balance,FR_Balance,2030,5,17,18,4633,0.0,0.0
730,DE_Balance,FR_Balance,2030,5,19,20,4634,0.0,0.0
731,DE_Balance,FR_Balance,2030,5,21,22,4635,0.0,-0.0
732,DE_Balance,FR_Balance,2030,5,23,24,4636,0.0,0.0
733,FR_Balance,CH_Balance,2030,5,1,2,4637,-1.6328,0.0
734,FR_Balance,CH_Balance,2030,5,3,4,4638,-1.6328,0.0
735,FR_Balance,CH_Balance,2030,5,5,6,4639,-1.6328000000000003,0.0
736,FR_Balance,CH_Balance,2030,5,7,8,4640,-1.8369000000000002,0.0
737,FR_Balance,CH_Balance,2030,5,9,10,4641,-1.8369000000000002,0.0
738,FR_Balance,CH_Balance,2030,5,11,12,4642,-1.2246000000000001,0.0
739,FR_Balance,CH_Balance,2030,5,13,14,4643,-1.2246000000000001,0.0
740,FR_Balance,CH_Balance,2030,5,15,16,4644,-1.2246000000000001,0.0
741,FR_Balance,CH_Balance,2030,5,17,18,4645,-2.4492,0.0
742,FR_Balance,CH_Balance,2030,5,19,20,4646,-2.4492,0.0
743,FR_Balance,CH_Balance,2030,5,21,22,4647,-2.4492,0.0
744,FR_Balance,CH_Balance,2030,5,23,24,4648,0.0,0.0
745,FR_Balance,LU_Balance,2030,5,1,2,4649,0.0,0.0
746,FR_Balance,LU_Balance,2030,5,3,4,4650,0.0,-0.0
747,FR_Balance,LU_Balance,2030,5,5,6,4651,0.0,0.0
748,FR_Balance,LU_Balance,2030,5,7,8,4652,0.0,0.0
749,FR_Balance,LU_Balance,2030,5,9,10,4653,0.0,0.0
750,FR_Balance,LU_Balance,2030,5,11,12,4654,0.0,0.0
751,FR_Balance,LU_Balance,2030,5,13,14,4655,0.0,-0.0
752,FR_Balance,LU_Balance,2030,5,15,16,4656,0.0,0.0
753,FR_Balance,LU_Balance,2030,5,17,18,4657,0.0,0.0
754,FR_Balance,LU_Balance,2030,5,19,20,4658,0.0,0.0
755,FR_Balance,LU_Balance,2030,5,21,22,4659,0.0,0.0
756,FR_Balance,LU_Balance,2030,5,23,24,4660,0.0,0.0
757,FR_Balance,UK_Balance,2030,5,1,2,4741,0.0,-0.0
758,FR_Balance,UK_Balance,2030,5,3,4,4742,0.0,-0.0
759,FR_Balance,UK_Balance,2030,5,5,6,4743,0.0,0.0
760,FR_Balance,UK_Balance,2030,5,7,8,4744,0.0,0.0
761,FR_Balance,UK_Balance,2030,5,9,10,4745,0.0,-0.0
762,FR_Balance,UK_Balance,2030,5,11,12,4746,0.0,-0.0
763,FR_Balance,UK_Balance,2030,5,13,14,4747,0.0,-0.0
764,FR_Balance,UK_Balance,2030,5,15,16,4748,0.0,-0.0
765,FR_Balance,UK_Balance,2030,5,17,18,4749,0.0,-0.0
766,FR_Balance,UK_Balance,2030,5,19,20,4750,0.0,-0.0
767,FR_Balance,UK_Balance,2030,5,21,22,4751,0.0,-0.0
768,FR_Balance,UK_Balance,2030,5,23,24,4752,0.0,0.0
769,NL_Balance,DE_Balance,2030,5,1,2,4753,0.0,-0.0
770,NL_Balance,DE_Balance,2030,5,3,4,4754,0.0,0.0
771,NL_Balance,DE_Balance,2030,5,5,6,4755,0.0,0.0
772,NL_Balance,DE_Balance,2030,5,7,8,4756,0.0,0.0
773,NL_Balance,DE_Balance,2030,5,9,10,4757,0.0,0.0
774,NL_Balance,DE_Balance,2030,5,11,12,4758,0.0,0.0
775,NL_Balance,DE_Balance,2030,5,13,14,4759,0.0,-0.0
776,NL_Balance,DE_Balance,2030,5,15,16,4760,0.0,0.0
777,NL_Balance,DE_Balance,2030,5,17,18,4761,0.0,0.0
778,NL_Balance,DE_Balance,2030,5,19,20,4762,0.0,0.0
779,NL_Balance,DE_Balance,2030,5,21,22,4763,0.0,0.0
780,NL_Balance,DE_Balance,2030,5,23,24,4764,0.0,-0.0
781,NL_Balance,BE_Balance,2030,6,1,2,5505,0.0,0.0
782,NL_Balance,BE_Balance,2030,6,3,4,5506,0.0,0.0
783,NL_Balance,BE_Balance,2030,6,5,6,5507,0.0,0.0
784,NL_Balance,BE_Balance,2030,6,7,8,5508,0.0,0.0
785,NL_Balance,BE_Balance,2030,6,9,10,5509,0.0,-0.0
786,NL_Balance,BE_Balance,2030,6,11,12,5510,0.0,-0.0
787,NL_Balance,BE_Balance,2030,6,13,14,5511,0.0,0.4239
788,NL_Balance,BE_Balance,2030,6,15,16,5512,0.0,0.4239
789,NL_Balance,BE_Balance,2030,6,17,18,5513,0.0,-0.0
790,NL_Balance,BE_Balance,2030,6,19,20,5514,0.0,-0.0
791,NL_Balance,BE_Balance,2030,6,21,22,5515,0.0,-0.0
792,NL_Balance,BE_Balance,2030,6,23,24,5516,0.0,0.0
793,NL_Balance,DE_Balance,2030,6,1,2,5517,0.0,0.0
794,NL_Balance,DE_Balance,2030,6,3,4,5518,0.0,-0.0
795,NL_Balance,DE_Balance,2030,6,5,6,5519,0.0,-0.0
796,NL_Balance,DE_Balance,2030,6,7,8,5520,0.0,0.0
797,NL_Balance,DE_Balance,2030,6,9,10,5521,0.0,0.0
798,NL_Balance,DE_Balance,2030,6,11,12,5522,0.0,0.0
799,NL_Balance,DE_Balance,2030,6,13,14,5523,0.0,0.0
800,NL_Balance,DE_Balance,2030,6,15,16,5524,0.0,0.0
801,NL_Balance,DE_Balance,2030,6,17,18,5525,0.0,0.0
802,NL_Balance,DE_Balance,2030,6,19,20,5526,0.0,0.0
803,NL_Balance,DE_Balance,2030,6,21,22,5527,0.0,0.0
804,NL_Balance,DE_Balance,2030,6,23,24,5528,0.0,-0.0
805,BE_Balance,UK_Balance,2030,6,1,2,5529,0.0,0.4239
806,BE_Balance,UK_Balance,2030,6,3,4,5530,0.0,0.4239
807,BE_Balance,UK_Balance,2030,6,5,6,5531,0.0,0.8477999999999999
808,BE_Balance,UK_Balance,2030,6,7,8,5532,0.0,0.8477999999999999
809,BE_Balance,UK_Balance,2030,6,9,10,5533,0.0,0.0
810,BE_Balance,UK_Balance,2030,6,11,12,5534,0.0,0.0
811,BE_Balance,UK_Balance,2030,6,13,14,5535,0.0,0.0
812,BE_Balance,UK_Balance,2030,6,15,16,5536,0.0,-0.0
813,BE_Balance,UK_Balance,2030,6,17,18,5537,0.0,0.8477999999999999
814,BE_Balance,UK_Balance,2030,6,19,20,5538,0.0,0.8477999999999999
815,BE_Balance,UK_Balance,2030,6,21,22,5539,0.0,0.8477999999999999
816,BE_Balance,UK_Balance,2030,6,23,24,5540,0.0,-0.0
817,BE_Balance,LU_Balance,2030,6,1,2,5541,0.0,0.0
818,BE_Balance,LU_Balance,2030,6,3,4,5542,0.0,0.0
819,BE_Balance,LU_Balance,2030,6,5,6,5543,0.0,-0.0
820,BE_Balance,LU_Balance,2030,6,7,8,5544,0.0,0.0
821,BE_Balance,LU_Balance,2030,6,9,10,5545,0.0,0.0
822,BE_Balance,LU_Balance,2030,6,11,12,5546,0.0,0.0
823,BE_Balance,LU_Balance,2030,6,13,14,5547,0.0,-0.0
824,BE_Balance,LU_Balance,2030,6,15,16,5548,0.0,0.0
825,BE_Balance,LU_Balance,2030,6,17,18,5549,0.0,0.0
826,BE_Balance,LU_Balance,2030,6,19,20,5550,0.0,0.0
827,BE_Balance,LU_Balance,2030,6,21,22,5551,0.0,-0.0
828,BE_Balance,LU_Balance,2030,6,23,24,5552,0.0,0.0
829,BE_Balance,FR_Balance,2030,6,1,2,5553,0.0,0.4239
830,BE_Balance,FR_Balance,2030,6,3,4,5554,0.0,0.4239
831,BE_Balance,FR_Balance,2030,6,5,6,5555,0.0,0.8477999999999999
832,BE_Balance,FR_Balance,2030,6,7,8,5556,0.0,-0.0
833,BE_Balance,FR_Balance,2030,6,9,10,5557,0.0,0.0
834,BE_Balance,FR_Balance,2030,6,11,12,5558,0.0,-0.0
835,BE_Balance,FR_Balance,2030,6,13,14,5559,0.0,-0.0
836,BE_Balance,FR_Balance,2030,6,15,16,5560,0.0,-0.0
837,BE_Balance,FR_Balance,2030,6,17,18,5561,0.0,0.8477999999999999
838,BE_Balance,FR_Balance,2030,6,19,20,5562,0.0,0.8477999999999999
839,BE_Balance,FR_Balance,2030,6,21,22,5563,0.0,0.0
840,BE_Balance,FR_Balance,2030,6,23,24,5564,0.0,-0.0
841,BE_Balance,DE_Balance,2030,6,1,2,5565,0.0,-0.0
842,BE_Balance,DE_Balance,2030,6,3,4,5566,0.0,-0.0
843,BE_Balance,DE_Balance,2030,6,5,6,5567,0.0,-0.0
844,BE_Balance,DE_Balance,2030,6,7,8,5568,0.0,-0.0
845,BE_Balance,DE_Balance,2030,6,9,10,5569,0.0,-0.0
846,BE_Balance,DE_Balance,2030,6,11,12,5570,0.0,0.0
847,BE_Balance,DE_Balance,2030,6,13,14,5571,-0.4239,0.0
848,BE_Balance,DE_Balance,2030,6,15,16,5572,-0.4239,0.0
849,BE_Balance,DE_Balance,2030,6,17,18,5573,0.0,0.0
850,BE_Balance,DE_Balance,2030,6,19,20,5574,0.0,-0.0
851,BE_Balance,DE_Balance,2030,6,21,22,5575,0.0,-0.0
852,BE_Balance,DE_Balance,2030,6,23,24,5576,0.0,-0.0
853,DE_Balance,LU_Balance,2030,6,1,2,5577,0.0,-0.0
854,DE_Balance,LU_Balance,2030,6,3,4,5578,0.0,0.0
855,DE_Balance,LU_Balance,2030,6,5,6,5579,0.0,0.0
856,DE_Balance,LU_Balance,2030,6,7,8,5580,0.0,-0.0
857,DE_Balance,LU_Balance,2030,6,9,10,5581,0.0,-0.0
858,DE_Balance,LU_Balance,2030,6,11,12,5582,0.0,-0.0
859,DE_Balance,LU_Balance,2030,6,13,14,5583,0.0,0.4239
860,DE_Balance,LU_Balance,2030,6,15,16,5584,0.0,0.4239
861,DE_Balance,LU_Balance,2030,6,17,18,5585,0.0,-0.0
862,DE_Balance,LU_Balance,2030,6,19,20,5586,0.0,0.0
863,DE_Balance,LU_Balance,2030,6,21,22,5587,0.0,0.0
864,DE_Balance,LU_Balance,2030,6,23,24,5588,0.0,0.0
865,DE_Balance,FR_Balance,2030,6,1,2,5589,0.0,0.4239
866,DE_Balance,FR_Balance,2030,6,3,4,5590,0.0,0.4239
867,DE_Balance,FR_Balance,2030,6,5,6,5591,0.0,0.8477999999999999
868,DE_Balance,FR_Balance,2030,6,7,8,5592,0.0,-0.0
869,DE_Balance,FR_Balance,2030,6,9,10,5593,0.0,0.0
870,DE_Balance,FR_Balance,2030,6,11,12,5594,0.0,-0.0
871,DE_Balance,FR_Balance,2030,6,13,14,5595,0.0,0.4239
872,DE_Balance,FR_Balance,2030,6,15,16,5596,0.0,0.4239
873,DE_Balance,FR_Balance,2030,6,17,18,5597,0.0,0.8477999999999999
874,DE_Balance,FR_Balance,2030,6,19,20,5598,0.0,0.8477999999999999
875,DE_Balance,FR_Balance,2030,6,21,22,5599,0.0,0.0
876,DE_Balance,FR_Balance,2030,6,23,24,5600,0.0,0.0
877,FR_Balance,CH_Balance,2030,6,1,2,5601,-0.4239,0.0
878,FR_Balance,CH_Balance,2030,6,3,4,5602,-0.4239,0.0
879,FR_Balance,CH_Balance,2030,6,5,6,5603,-0.8477999999999999,0.0
880,FR_Balance,CH_Balance,2030,6,7,8,5604,0.0,0.0
881,FR_Balance,CH_Balance,2030,6,9,10,5605,0.0,-0.0
882,FR_Balance,CH_Balance,2030,6,11,12,5606,0.0,0.0
883,FR_Balance,CH_Balance,2030,6,13,14,5607,-0.4239,0.0
884,FR_Balance,CH_Balance,2030,6,15,16,5608,-0.4239,0.0
885,FR_Balance,CH_Balance,2030,6,17,18,5609,-0.8477999999999999,0.0
886,FR_Balance,CH_Balance,2030,6,19,20,5610,-0.8477999999999999,0.0
887,FR_Balance,CH_Balance,2030,6,21,22,5611,0.0,0.0
888,FR_Balance,CH_Balance,2030,6,23,24,5612,0.0,0.0
889,FR_Balance,UK_Balance,2030,6,1,2,5613,0.0,-0.0
890,FR_Balance,UK_Balance,2030,6,3,4,5614,0.0,-0.0
891,FR_Balance,UK_Balance,2030,6,5,6,5615,0.0,-0.0
892,FR_Balance,UK_Balance,2030,6,7,8,5616,0.0,0.8477999999999999
893,FR_Balance,UK_Balance,2030,6,9,10,5617,0.0,0.0
894,FR_Balance,UK_Balance,2030,6,11,12,5618,0.0,0.0
895,FR_Balance,UK_Balance,2030,6,13,14,5619,0.0,0.0
896,FR_Balance,UK_Balance,2030,6,15,16,5620,0.0,-0.0
897,FR_Balance,UK_Balance,2030,6,17,18,5621,0.0,-0.0
898,FR_Balance,UK_Balance,2030,6,19,20,5622,0.0,-0.0
899,FR_Balance,UK_Balance,2030,6,21,22,5623,0.0,0.8477999999999999
900,FR_Balance,UK_Balance,2030,6,23,24,5624,0.0,-0.0
901,FR_Balance,LU_Balance,2030,6,1,2,5625,-0.4239,0.0
902,FR_Balance,LU_Balance,2030,6,3,4,5626,-0.4239,0.0
903,FR_Balance,LU_Balance,2030,6,5,6,5627,-0.8477999999999999,0.0
904,FR_Balance,LU_Balance,2030,6,7,8,5628,0.0,0.0
905,FR_Balance,LU_Balance,2030,6,9,10,5629,0.0,0.0
906,FR_Balance,LU_Balance,2030,6,11,12,5630,0.0,0.0
907,FR_Balance,LU_Balance,2030,6,13,14,5631,0.0,0.0
908,FR_Balance,LU_Balance,2030,6,15,16,5632,0.0,0.0
909,FR_Balance,LU_Balance,2030,6,17,18,5633,-0.8477999999999999,0.0
910,FR_Balance,LU_Balance,2030,6,19,20,5634,-0.8477999999999999,0.0
911,FR_Balance,LU_Balance,2030,6,21,22,5635,0.0,0.0
912,FR_Balance,LU_Balance,2030,6,23,24,5636,0.0,-0.0
913,NL_Balance,UK_Balance,2030,6,1,2,5669,0.0,0.4239
914,NL_Balance,UK_Balance,2030,6,3,4,5670,0.0,0.4239
915,NL_Balance,UK_Balance,2030,6,5,6,5671,0.0,0.8477999999999999
916,NL_Balance,UK_Balance,2030,6,7,8,5672,0.0,0.8477999999999999
917,NL_Balance,UK_Balance,2030,6,9,10,5673,0.0,-0.0
918,NL_Balance,UK_Balance,2030,6,11,12,5674,0.0,0.0
919,NL_Balance,UK_Balance,2030,6,13,14,5675,0.0,0.4239
920,NL_Balance,UK_Balance,2030,6,15,16,5676,0.0,0.4239
921,NL_Balance,UK_Balance,2030,6,17,18,5677,0.0,0.8477999999999999
922,NL_Balance,UK_Balance,2030,6,19,20,5678,0.0,0.8477999999999999
923,NL_Balance,UK_Balance,2030,6,21,22,5679,0.0,0.8477999999999999
924,NL_Balance,UK_Balance,2030,6,23,24,5680,0.0,-0.0
925,DE_Balance,CH_Balance,2030,6,1,2,5693,0.0,0.0
926,DE_Balance,CH_Balance,2030,6,3,4,5694,0.0,0.0
927,DE_Balance,CH_Balance,2030,6,5,6,5695,0.0,-0.0
928,DE_Balance,CH_Balance,2030,6,7,8,5696,0.0,-0.0
929,DE_Balance,CH_Balance,2030,6,9,10,5697,0.0,0.0
930,DE_Balance,CH_Balance,2030,6,11,12,5698,0.0,-0.0
931,DE_Balance,CH_Balance,2030,6,13,14,5699,0.0,0.0
932,DE_Balance,CH_Balance,2030,6,15,16,5700,0.0,0.0
933,DE_Balance,CH_Balance,2030,6,17,18,5701,0.0,0.0
934,DE_Balance,CH_Balance,2030,6,19,20,5702,0.0,-0.0
935,DE_Balance,CH_Balance,2030,6,21,22,5703,0.0,-0.0
936,DE_Balance,CH_Balance,2030,6,23,24,5704,0.0,0.0
937,NL_Balance,UK_Balance,2030,7,1,2,6425,0.0,0.5957
938,NL_Balance,UK_Balance,2030,7,3,4,6426,0.0,0.5957
939,NL_Balance,UK_Balance,2030,7,5,6,6427,0.0,2.294
940,NL_Balance,UK_Balance,2030,7,7,8,6428,0.0,1.3319999999999994
941,NL_Balance,UK_Balance,2030,7,9,10,6429,0.0,0.0
942,NL_Balance,UK_Balance,2030,7,11,12,6430,0.0,0.0
943,NL_Balance,UK_Balance,2030,7,13,14,6431,0.0,0.0
944,NL_Balance,UK_Balance,2030,7,15,16,6432,0.0,0.0
945,NL_Balance,UK_Balance,2030,7,17,18,6433,0.0,0.0
946,NL_Balance,UK_Balance,2030,7,19,20,6434,0.0,0.0
947,NL_Balance,UK_Balance,2030,7,21,22,6435,0.0,0.0
948,NL_Balance,UK_Balance,2030,7,23,24,6436,0.0,2.294
949,NL_Balance,BE_Balance,2030,7,1,2,6437,0.0,0.0
950,NL_Balance,BE_Balance,2030,7,3,4,6438,0.0,-0.0
951,NL_Balance,BE_Balance,2030,7,5,6,6439,0.0,-0.0
952,NL_Balance,BE_Balance,2030,7,7,8,6440,0.0,0.0
953,NL_Balance,BE_Balance,2030,7,9,10,6441,0.0,0.0
954,NL_Balance,BE_Balance,2030,7,11,12,6442,0.0,-0.0
955,NL_Balance,BE_Balance,2030,7,13,14,6443,0.0,-0.0
956,NL_Balance,BE_Balance,2030,7,15,16,6444,0.0,1.266074999999998
957,NL_Balance,BE_Balance,2030,7,17,18,6445,0.0,0.0
958,NL_Balance,BE_Balance,2030,7,19,20,6446,0.0,0.0
959,NL_Balance,BE_Balance,2030,7,21,22,6447,0.0,0.0
960,NL_Balance,BE_Balance,2030,7,23,24,6448,0.0,0.0
961,NL_Balance,DE_Balance,2030,7,1,2,6449,0.0,0.0
962,NL_Balance,DE_Balance,2030,7,3,4,6450,0.0,0.0
963,NL_Balance,DE_Balance,2030,7,5,6,6451,0.0,0.0
964,NL_Balance,DE_Balance,2030,7,7,8,6452,0.0,0.0
965,NL_Balance,DE_Balance,2030,7,9,10,6453,0.0,0.0
966,NL_Balance,DE_Balance,2030,7,11,12,6454,0.0,1.3319999999999994
967,NL_Balance,DE_Balance,2030,7,13,14,6455,0.0,1.3319999999999994
968,NL_Balance,DE_Balance,2030,7,15,16,6456,0.0,1.266074999999998
969,NL_Balance,DE_Balance,2030,7,17,18,6457,0.0,0.0
970,NL_Balance,DE_Balance,2030,7,19,20,6458,0.0,0.0
971,NL_Balance,DE_Balance,2030,7,21,22,6459,0.0,-0.0
972,NL_Balance,DE_Balance,2030,7,23,24,6460,0.0,0.0
973,BE_Balance,FR_Balance,2030,7,1,2,6461,0.0,0.0
974,BE_Balance,FR_Balance,2030,7,3,4,6462,0.0,-0.0
975,BE_Balance,FR_Balance,2030,7,5,6,6463,0.0,-0.0
976,BE_Balance,FR_Balance,2030,7,7,8,6464,0.0,0.0
977,BE_Balance,FR_Balance,2030,7,9,10,6465,0.0,0.0
978,BE_Balance,FR_Balance,2030,7,11,12,6466,0.0,0.0
979,BE_Balance,FR_Balance,2030,7,13,14,6467,0.0,0.0
980,BE_Balance,FR_Balance,2030,7,15,16,6468,0.0,0.0
981,BE_Balance,FR_Balance,2030,7,17,18,6469,0.0,-0.0
982,BE_Balance,FR_Balance,2030,7,19,20,6470,0.0,0.0
983,BE_Balance,FR_Balance,2030,7,21,22,6471,-6.271681411332603,0.0
984,BE_Balance,FR_Balance,2030,7,23,24,6472,-1.3319999999999994,0.0
985,BE_Balance,DE_Balance,2030,7,1,2,6473,0.0,-0.0
986,BE_Balance,DE_Balance,2030,7,3,4,6474,0.0,0.0
987,BE_Balance,DE_Balance,2030,7,5,6,6475,0.0,0.0
988,BE_Balance,DE_Balance,2030,7,7,8,6476,0.0,-0.0
989,BE_Balance,DE_Balance,2030,7,9,10,6477,0.0,-0.0
990,BE_Balance,DE_Balance,2030,7,11,12,6478,0.0,1.3319999999999994
991,BE_Balance,DE_Balance,2030,7,13,14,6479,0.0,1.3319999999999994
992,BE_Balance,DE_Balance,2030,7,15,16,6480,0.0,-0.0
993,BE_Balance,DE_Balance,2030,7,17,18,6481,0.0,0.0
994,BE_Balance,DE_Balance,2030,7,19,20,6482,0.0,-0.0
995,BE_Balance,DE_Balance,2030,7,21,22,6483,0.0,-0.0
996,BE_Balance,DE_Balance,2030,7,23,24,6484,0.0,0.0
997,DE_Balance,LU_Balance,2030,7,1,2,6485,0.0,0.0
998,DE_Balance,LU_Balance,2030,7,3,4,6486,0.0,0.0
999,DE_Balance,LU_Balance,2030,7,5,6,6487,0.0,0.0
1000,DE_Balance,LU_Balance,2030,7,7,8,6488,0.0,0.0
1001,DE_Balance,LU_Balance,2030,7,9,10,6489,0.0,0.0
1002,DE_Balance,LU_Balance,2030,7,11,12,6490,-1.3319999999999994,0.0
1003,DE_Balance,LU_Balance,2030,7,13,14,6491,0.0,0.0
1004,DE_Balance,LU_Balance,2030,7,15,16,6492,0.0,0.0
1005,DE_Balance,LU_Balance,2030,7,17,18,6493,0.0,0.0
1006,DE_Balance,LU_Balance,2030,7,19,20,6494,0.0,0.0
1007,DE_Balance,LU_Balance,2030,7,21,22,6495,0.0,0.0
1008,DE_Balance,LU_Balance,2030,7,23,24,6496,0.0,0.0
1009,DE_Balance,CH_Balance,2030,7,1,2,6497,0.0,0.0
1010,DE_Balance,CH_Balance,2030,7,3,4,6498,0.0,0.0
1011,DE_Balance,CH_Balance,2030,7,5,6,6499,0.0,0.0
1012,DE_Balance,CH_Balance,2030,7,7,8,6500,0.0,0.0
1013,DE_Balance,CH_Balance,2030,7,9,10,6501,0.0,0.0
1014,DE_Balance,CH_Balance,2030,7,11,12,6502,0.0,2.442
1015,DE_Balance,CH_Balance,2030,7,13,14,6503,0.0,2.442
1016,DE_Balance,CH_Balance,2030,7,15,16,6504,0.0,2.442
1017,DE_Balance,CH_Balance,2030,7,17,18,6505,0.0,0.0
1018,DE_Balance,CH_Balance,2030,7,19,20,6506,0.0,0.0
1019,DE_Balance,CH_Balance,2030,7,21,22,6507,-6.271681411332603,0.0
1020,DE_Balance,CH_Balance,2030,7,23,24,6508,-1.3319999999999994,0.0
1021,DE_Balance,FR_Balance,2030,7,1,2,6509,0.0,0.0
1022,DE_Balance,FR_Balance,2030,7,3,4,6510,0.0,0.0
1023,DE_Balance,FR_Balance,2030,7,5,6,6511,0.0,0.0
1024,DE_Balance,FR_Balance,2030,7,7,8,6512,0.0,0.0
1025,DE_Balance,FR_Balance,2030,7,9,10,6513,0.0,0.0
1026,DE_Balance,FR_Balance,2030,7,11,12,6514,-1.3319999999999994,0.0
1027,DE_Balance,FR_Balance,2030,7,13,14,6515,-1.3319999999999994,0.0
1028,DE_Balance,FR_Balance,2030,7,15,16,6516,0.0,0.0
1029,DE_Balance,FR_Balance,2030,7,17,18,6517,0.0,0.0
1030,DE_Balance,FR_Balance,2030,7,19,20,6518,0.0,0.0
1031,DE_Balance,FR_Balance,2030,7,21,22,6519,-6.271681411332603,0.0
1032,DE_Balance,FR_Balance,2030,7,23,24,6520,-1.3319999999999994,0.0
1033,FR_Balance,CH_Balance,2030,7,1,2,6521,0.0,0.0
1034,FR_Balance,CH_Balance,2030,7,3,4,6522,0.0,0.0
1035,FR_Balance,CH_Balance,2030,7,5,6,6523,0.0,0.0
1036,FR_Balance,CH_Balance,2030,7,7,8,6524,0.0,-0.0
1037,FR_Balance,CH_Balance,2030,7,9,10,6525,0.0,-0.0
1038,FR_Balance,CH_Balance,2030,7,11,12,6526,0.0,3.7739999999999996
1039,FR_Balance,CH_Balance,2030,7,13,14,6527,0.0,3.7739999999999996
1040,FR_Balance,CH_Balance,2030,7,15,16,6528,0.0,2.442
1041,FR_Balance,CH_Balance,2030,7,17,18,6529,0.0,-0.0
1042,FR_Balance,CH_Balance,2030,7,19,20,6530,0.0,-0.0
1043,FR_Balance,CH_Balance,2030,7,21,22,6531,0.0,0.0
1044,FR_Balance,CH_Balance,2030,7,23,24,6532,0.0,0.0
1045,FR_Balance,UK_Balance,2030,7,1,2,6533,0.0,0.5957
1046,FR_Balance,UK_Balance,2030,7,3,4,6534,0.0,0.5957
1047,FR_Balance,UK_Balance,2030,7,5,6,6535,0.0,2.294
1048,FR_Balance,UK_Balance,2030,7,7,8,6536,0.0,1.3319999999999994
1049,FR_Balance,UK_Balance,2030,7,9,10,6537,0.0,0.0
1050,FR_Balance,UK_Balance,2030,7,11,12,6538,0.0,-0.0
1051,FR_Balance,UK_Balance,2030,7,13,14,6539,0.0,0.0
1052,FR_Balance,UK_Balance,2030,7,15,16,6540,-1.266074999999998,0.0
1053,FR_Balance,UK_Balance,2030,7,17,18,6541,0.0,0.0
1054,FR_Balance,UK_Balance,2030,7,19,20,6542,0.0,0.0
1055,FR_Balance,UK_Balance,2030,7,21,22,6543,0.0,6.271681411332603
1056,FR_Balance,UK_Balance,2030,7,23,24,6544,0.0,3.6259999999999994
1057,FR_Balance,LU_Balance,2030,7,1,2,6545,0.0,-0.0
1058,FR_Balance,LU_Balance,2030,7,3,4,6546,0.0,0.0
1059,FR_Balance,LU_Balance,2030,7,5,6,6547,0.0,0.0
1060,FR_Balance,LU_Balance,2030,7,7,8,6548,0.0,-0.0
1061,FR_Balance,LU_Balance,2030,7,9,10,6549,0.0,0.0
1062,FR_Balance,LU_Balance,2030,7,11,12,6550,0.0,-0.0
1063,FR_Balance,LU_Balance,2030,7,13,14,6551,0.0,1.3319999999999994
1064,FR_Balance,LU_Balance,2030,7,15,16,6552,0.0,-0.0
1065,FR_Balance,LU_Balance,2030,7,17,18,6553,0.0,0.0
1066,FR_Balance,LU_Balance,2030,7,19,20,6554,0.0,0.0
1067,FR_Balance,LU_Balance,2030,7,21,22,6555,0.0,6.271681411332603
1068,FR_Balance,LU_Balance,2030,7,23,24,6556,0.0,1.3319999999999994
1069,BE_Balance,UK_Balance,2030,7,1,2,6673,0.0,0.5957
1070,BE_Balance,UK_Balance,2030,7,3,4,6674,0.0,0.5957
1071,BE_Balance,UK_Balance,2030,7,5,6,6675,0.0,2.294
1072,BE_Balance,UK_Balance,2030,7,7,8,6676,0.0,1.3319999999999994
1073,BE_Balance,UK_Balance,2030,7,9,10,6677,0.0,0.0
1074,BE_Balance,UK_Balance,2030,7,11,12,6678,0.0,0.0
1075,BE_Balance,UK_Balance,2030,7,13,14,6679,0.0,0.0
1076,BE_Balance,UK_Balance,2030,7,15,16,6680,-1.266074999999998,0.0
1077,BE_Balance,UK_Balance,2030,7,17,18,6681,0.0,0.0
1078,BE_Balance,UK_Balance,2030,7,19,20,6682,0.0,0.0
1079,BE_Balance,UK_Balance,2030,7,21,22,6683,0.0,-0.0
1080,BE_Balance,UK_Balance,2030,7,23,24,6684,0.0,2.294
1081,BE_Balance,LU_Balance,2030,7,1,2,6685,0.0,0.0
1082,BE_Balance,LU_Balance,2030,7,3,4,6686,0.0,0.0
1083,BE_Balance,LU_Balance,2030,7,5,6,6687,0.0,0.0
1084,BE_Balance,LU_Balance,2030,7,7,8,6688,0.0,0.0
1085,BE_Balance,LU_Balance,2030,7,9,10,6689,0.0,-0.0
1086,BE_Balance,LU_Balance,2030,7,11,12,6690,0.0,0.0
1087,BE_Balance,LU_Balance,2030,7,13,14,6691,0.0,1.3319999999999994
1088,BE_Balance,LU_Balance,2030,7,15,16,6692,0.0,0.0
1089,BE_Balance,LU_Balance,2030,7,17,18,6693,0.0,-0.0
1090,BE_Balance,LU_Balance,2030,7,19,20,6694,0.0,-0.0
1091,BE_Balance,LU_Balance,2030,7,21,22,6695,0.0,0.0
1092,BE_Balance,LU_Balance,2030,7,23,24,6696,0.0,0.0
1093,NL_Balance,BE_Balance,2030,8,1,2,7425,0.0,0.0
1094,NL_Balance,BE_Balance,2030,8,3,4,7426,0.0,-0.0
1095,NL_Balance,BE_Balance,2030,8,5,6,7427,0.0,-0.0
1096,NL_Balance,BE_Balance,2030,8,7,8,7428,0.0,0.0
1097,NL_Balance,BE_Balance,2030,8,9,10,7429,0.0,0.0
1098,NL_Balance,BE_Balance,2030,8,11,12,7430,0.0,-0.0
1099,NL_Balance,BE_Balance,2030,8,13,14,7431,0.0,-0.0
1100,NL_Balance,BE_Balance,2030,8,15,16,7432,0.0,-0.0
1101,NL_Balance,BE_Balance,2030,8,17,18,7433,0.0,-0.0
1102,NL_Balance,BE_Balance,2030,8,19,20,7434,0.0,0.0
1103,NL_Balance,BE_Balance,2030,8,21,22,7435,-1.4601000000000002,0.0
1104,NL_Balance,BE_Balance,2030,8,23,24,7436,0.0,-0.0
1105,NL_Balance,DE_Balance,2030,8,1,2,7437,0.0,-0.0
1106,NL_Balance,DE_Balance,2030,8,3,4,7438,0.0,-0.0
1107,NL_Balance,DE_Balance,2030,8,5,6,7439,0.0,0.0
1108,NL_Balance,DE_Balance,2030,8,7,8,7440,0.0,0.0
1109,NL_Balance,DE_Balance,2030,8,9,10,7441,0.0,0.0
1110,NL_Balance,DE_Balance,2030,8,11,12,7442,0.0,-0.0
1111,NL_Balance,DE_Balance,2030,8,13,14,7443,0.0,-0.0
1112,NL_Balance,DE_Balance,2030,8,15,16,7444,0.0,-0.0
1113,NL_Balance,DE_Balance,2030,8,17,18,7445,0.0,0.0
1114,NL_Balance,DE_Balance,2030,8,19,20,7446,-1.4601000000000002,0.0
1115,NL_Balance,DE_Balance,2030,8,21,22,7447,-1.4601000000000002,0.0
1116,NL_Balance,DE_Balance,2030,8,23,24,7448,0.0,-0.0
1117,BE_Balance,UK_Balance,2030,8,1,2,7449,0.0,-0.0
1118,BE_Balance,UK_Balance,2030,8,3,4,7450,0.0,-0.0
1119,BE_Balance,UK_Balance,2030,8,5,6,7451,0.0,-0.0
1120,BE_Balance,UK_Balance,2030,8,7,8,7452,0.0,-0.0
1121,BE_Balance,UK_Balance,2030,8,9,10,7453,0.0,-0.0
1122,BE_Balance,UK_Balance,2030,8,11,12,7454,0.0,-0.0
1123,BE_Balance,UK_Balance,2030,8,13,14,7455,0.0,-0.0
1124,BE_Balance,UK_Balance,2030,8,15,16,7456,0.0,-0.0
1125,BE_Balance,UK_Balance,2030,8,17,18,7457,0.0,-0.0
1126,BE_Balance,UK_Balance,2030,8,19,20,7458,0.0,-0.0
1127,BE_Balance,UK_Balance,2030,8,21,22,7459,0.0,1.4601000000000002
1128,BE_Balance,UK_Balance,2030,8,23,24,7460,0.0,0.0
1129,BE_Balance,LU_Balance,2030,8,1,2,7461,0.0,0.0
1130,BE_Balance,LU_Balance,2030,8,3,4,7462,0.0,-0.0
1131,BE_Balance,LU_Balance,2030,8,5,6,7463,0.0,0.0
1132,BE_Balance,LU_Balance,2030,8,7,8,7464,0.0,0.0
1133,BE_Balance,LU_Balance,2030,8,9,10,7465,0.0,0.0
1134,BE_Balance,LU_Balance,2030,8,11,12,7466,0.0,0.0
1135,BE_Balance,LU_Balance,2030,8,13,14,7467,0.0,0.0
1136,BE_Balance,LU_Balance,2030,8,15,16,7468,0.0,0.0
1137,BE_Balance,LU_Balance,2030,8,17,18,7469,0.0,0.0
1138,BE_Balance,LU_Balance,2030,8,19,20,7470,0.0,0.0
1139,BE_Balance,LU_Balance,2030,8,21,22,7471,0.0,0.0
1140,BE_Balance,LU_Balance,2030,8,23,24,7472,0.0,0.0
1141,BE_Balance,FR_Balance,2030,8,1,2,7473,0.0,-0.0
1142,BE_Balance,FR_Balance,2030,8,3,4,7474,0.0,-0.0
1143,BE_Balance,FR_Balance,2030,8,5,6,7475,0.0,-0.0
1144,BE_Balance,FR_Balance,2030,8,7,8,7476,0.0,0.0
1145,BE_Balance,FR_Balance,2030,8,9,10,7477,0.0,0.0
1146,BE_Balance,FR_Balance,2030,8,11,12,7478,0.0,0.0
1147,BE_Balance,FR_Balance,2030,8,13,14,7479,0.0,-0.0
1148,BE_Balance,FR_Balance,2030,8,15,16,7480,0.0,-0.0
1149,BE_Balance,FR_Balance,2030,8,17,18,7481,0.0,-0.0
1150,BE_Balance,FR_Balance,2030,8,19,20,7482,0.0,-0.0
1151,BE_Balance,FR_Balance,2030,8,21,22,7483,2.220446049250313e-16,0.0
1152,BE_Balance,FR_Balance,2030,8,23,24,7484,0.0,-0.0
1153,BE_Balance,DE_Balance,2030,8,1,2,7485,0.0,-0.0
1154,BE_Balance,DE_Balance,2030,8,3,4,7486,0.0,-0.0
1155,BE_Balance,DE_Balance,2030,8,5,6,7487,0.0,-0.0
1156,BE_Balance,DE_Balance,2030,8,7,8,7488,0.0,0.0
1157,BE_Balance,DE_Balance,2030,8,9,10,7489,0.0,0.0
1158,BE_Balance,DE_Balance,2030,8,11,12,7490,0.0,-0.0
1159,BE_Balance,DE_Balance,2030,8,13,14,7491,0.0,-0.0
1160,BE_Balance,DE_Balance,2030,8,15,16,7492,0.0,-0.0
1161,BE_Balance,DE_Balance,2030,8,17,18,7493,0.0,0.0
1162,BE_Balance,DE_Balance,2030,8,19,20,7494,-1.4601000000000002,0.0
1163,BE_Balance,DE_Balance,2030,8,21,22,7495,0.0,0.0
1164,BE_Balance,DE_Balance,2030,8,23,24,7496,0.0,-0.0
1165,DE_Balance,LU_Balance,2030,8,1,2,7497,0.0,0.0
1166,DE_Balance,LU_Balance,2030,8,3,4,7498,0.0,0.0
1167,DE_Balance,LU_Balance,2030,8,5,6,7499,0.0,-0.0
1168,DE_Balance,LU_Balance,2030,8,7,8,7500,0.0,0.0
1169,DE_Balance,LU_Balance,2030,8,9,10,7501,0.0,-0.0
1170,DE_Balance,LU_Balance,2030,8,11,12,7502,0.0,0.0
1171,DE_Balance,LU_Balance,2030,8,13,14,7503,0.0,-0.0
1172,DE_Balance,LU_Balance,2030,8,15,16,7504,0.0,-0.0
1173,DE_Balance,LU_Balance,2030,8,17,18,7505,0.0,-0.0
1174,DE_Balance,LU_Balance,2030,8,19,20,7506,0.0,1.4601000000000002
1175,DE_Balance,LU_Balance,2030,8,21,22,7507,0.0,0.0
1176,DE_Balance,LU_Balance,2030,8,23,24,7508,0.0,0.0
1177,DE_Balance,FR_Balance,2030,8,1,2,7509,0.0,-0.0
1178,DE_Balance,FR_Balance,2030,8,3,4,7510,0.0,-0.0
1179,DE_Balance,FR_Balance,2030,8,5,6,7511,0.0,-0.0
1180,DE_Balance,FR_Balance,2030,8,7,8,7512,0.0,-0.0
1181,DE_Balance,FR_Balance,2030,8,9,10,7513,0.0,-0.0
1182,DE_Balance,FR_Balance,2030,8,11,12,7514,0.0,-0.0
1183,DE_Balance,FR_Balance,2030,8,13,14,7515,0.0,-0.0
1184,DE_Balance,FR_Balance,2030,8,15,16,7516,0.0,-0.0
1185,DE_Balance,FR_Balance,2030,8,17,18,7517,0.0,-0.0
1186,DE_Balance,FR_Balance,2030,8,19,20,7518,0.0,1.4601000000000002
1187,DE_Balance,FR_Balance,2030,8,21,22,7519,0.0,2.220446049250313e-16
1188,DE_Balance,FR_Balance,2030,8,23,24,7520,0.0,-0.0
1189,FR_Balance,CH_Balance,2030,8,1,2,7521,-0.9734000000000002,0.0
1190,FR_Balance,CH_Balance,2030,8,3,4,7522,-0.9734000000000002,0.0
1191,FR_Balance,CH_Balance,2030,8,5,6,7523,-0.9733999999999999,0.0
1192,FR_Balance,CH_Balance,2030,8,7,8,7524,-1.9220000000000002,0.0
1193,FR_Balance,CH_Balance,2030,8,9,10,7525,-0.9734000000000002,0.0
1194,FR_Balance,CH_Balance,2030,8,11,12,7526,0.0,0.0
1195,FR_Balance,CH_Balance,2030,8,13,14,7527,0.0,0.0
1196,FR_Balance,CH_Balance,2030,8,15,16,7528,-1.4601000000000002,0.0
1197,FR_Balance,CH_Balance,2030,8,17,18,7529,-1.4601000000000002,0.0
1198,FR_Balance,CH_Balance,2030,8,19,20,7530,-1.4601000000000002,0.0
1199,FR_Balance,CH_Balance,2030,8,21,22,7531,0.0,0.0
1200,FR_Balance,CH_Balance,2030,8,23,24,7532,0.0,0.0
1201,FR_Balance,UK_Balance,2030,8,1,2,7533,0.0,-0.0
1202,FR_Balance,UK_Balance,2030,8,3,4,7534,0.0,-0.0
1203,FR_Balance,UK_Balance,2030,8,5,6,7535,0.0,-0.0
1204,FR_Balance,UK_Balance,2030,8,7,8,7536,0.0,-0.0
1205,FR_Balance,UK_Balance,2030,8,9,10,7537,0.0,-0.0
1206,FR_Balance,UK_Balance,2030,8,11,12,7538,0.0,-0.0
1207,FR_Balance,UK_Balance,2030,8,13,14,7539,0.0,-0.0
1208,FR_Balance,UK_Balance,2030,8,15,16,7540,0.0,-0.0
1209,FR_Balance,UK_Balance,2030,8,17,18,7541,0.0,0.0
1210,FR_Balance,UK_Balance,2030,8,19,20,7542,0.0,-0.0
1211,FR_Balance,UK_Balance,2030,8,21,22,7543,0.0,1.4601000000000002
1212,FR_Balance,UK_Balance,2030,8,23,24,7544,0.0,-0.0
1213,FR_Balance,LU_Balance,2030,8,1,2,7545,0.0,-0.0
1214,FR_Balance,LU_Balance,2030,8,3,4,7546,0.0,0.0
1215,FR_Balance,LU_Balance,2030,8,5,6,7547,0.0,0.0
1216,FR_Balance,LU_Balance,2030,8,7,8,7548,0.0,0.0
1217,FR_Balance,LU_Balance,2030,8,9,10,7549,0.0,0.0
1218,FR_Balance,LU_Balance,2030,8,11,12,7550,0.0,-0.0
1219,FR_Balance,LU_Balance,2030,8,13,14,7551,0.0,-0.0
1220,FR_Balance,LU_Balance,2030,8,15,16,7552,0.0,0.0
1221,FR_Balance,LU_Balance,2030,8,17,18,7553,0.0,0.0
1222,FR_Balance,LU_Balance,2030,8,19,20,7554,0.0,0.0
1223,FR_Balance,LU_Balance,2030,8,21,22,7555,0.0,0.0
1224,FR_Balance,LU_Balance,2030,8,23,24,7556,0.0,-0.0
1225,DE_Balance,CH_Balance,2030,8,1,2,7605,-0.9734000000000002,0.0
1226,DE_Balance,CH_Balance,2030,8,3,4,7606,-0.9734000000000002,0.0
1227,DE_Balance,CH_Balance,2030,8,5,6,7607,-0.9733999999999999,0.0
1228,DE_Balance,CH_Balance,2030,8,7,8,7608,-1.9220000000000002,0.0
1229,DE_Balance,CH_Balance,2030,8,9,10,7609,-0.9734000000000002,0.0
1230,DE_Balance,CH_Balance,2030,8,11,12,7610,0.0,0.0
1231,DE_Balance,CH_Balance,2030,8,13,14,7611,0.0,0.0
1232,DE_Balance,CH_Balance,2030,8,15,16,7612,-1.4601000000000002,0.0
1233,DE_Balance,CH_Balance,2030,8,17,18,7613,-1.4601000000000002,0.0
1234,DE_Balance,CH_Balance,2030,8,19,20,7614,0.0,0.0
1235,DE_Balance,CH_Balance,2030,8,21,22,7615,2.220446049250313e-16,0.0
1236,DE_Balance,CH_Balance,2030,8,23,24,7616,0.0,0.0
1237,NL_Balance,UK_Balance,2030,8,1,2,7617,0.0,-0.0
1238,NL_Balance,UK_Balance,2030,8,3,4,7618,0.0,0.0
1239,NL_Balance,UK_Balance,2030,8,5,6,7619,0.0,0.0
1240,NL_Balance,UK_Balance,2030,8,7,8,7620,0.0,-0.0
1241,NL_Balance,UK_Balance,2030,8,9,10,7621,0.0,-0.0
1242,NL_Balance,UK_Balance,2030,8,11,12,7622,0.0,-0.0
1243,NL_Balance,UK_Balance,2030,8,13,14,7623,0.0,-0.0
1244,NL_Balance,UK_Balance,2030,8,15,16,7624,0.0,-0.0
1245,NL_Balance,UK_Balance,2030,8,17,18,7625,0.0,-0.0
1246,NL_Balance,UK_Balance,2030,8,19,20,7626,0.0,-0.0
1247,NL_Balance,UK_Balance,2030,8,21,22,7627,0.0,0.0
1248,NL_Balance,UK_Balance,2030,8,23,24,7628,0.0,-0.0
1249,NL_Balance,UK_Balance,2030,9,1,2,8313,0.0,-0.0
1250,NL_Balance,UK_Balance,2030,9,3,4,8314,0.0,-0.0
1251,NL_Balance,UK_Balance,2030,9,5,6,8315,0.0,-0.0
1252,NL_Balance,UK_Balance,2030,9,7,8,8316,0.0,-0.0
1253,NL_Balance,UK_Balance,2030,9,9,10,8317,0.0,-0.0
1254,NL_Balance,UK_Balance,2030,9,11,12,8318,0.0,0.0
1255,NL_Balance,UK_Balance,2030,9,13,14,8319,0.0,-0.0
1256,NL_Balance,UK_Balance,2030,9,15,16,8320,0.0,-0.0
1257,NL_Balance,UK_Balance,2030,9,17,18,8321,0.0,0.0
1258,NL_Balance,UK_Balance,2030,9,19,20,8322,0.0,0.0
1259,NL_Balance,UK_Balance,2030,9,21,22,8323,0.0,-0.0
1260,NL_Balance,UK_Balance,2030,9,23,24,8324,0.0,-0.0
1261,NL_Balance,BE_Balance,2030,9,1,2,8325,0.0,0.0
1262,NL_Balance,BE_Balance,2030,9,3,4,8326,0.0,-0.0
1263,NL_Balance,BE_Balance,2030,9,5,6,8327,0.0,0.0
1264,NL_Balance,BE_Balance,2030,9,7,8,8328,0.0,0.0
1265,NL_Balance,BE_Balance,2030,9,9,10,8329,0.0,0.0
1266,NL_Balance,BE_Balance,2030,9,11,12,8330,0.0,0.0
1267,NL_Balance,BE_Balance,2030,9,13,14,8331,0.0,-0.0
1268,NL_Balance,BE_Balance,2030,9,15,16,8332,0.0,-0.0
1269,NL_Balance,BE_Balance,2030,9,17,18,8333,0.0,0.0
1270,NL_Balance,BE_Balance,2030,9,19,20,8334,0.0,-0.0
1271,NL_Balance,BE_Balance,2030,9,21,22,8335,0.0,0.0
1272,NL_Balance,BE_Balance,2030,9,23,24,8336,0.0,-0.0
1273,NL_Balance,DE_Balance,2030,9,1,2,8337,0.0,-0.0
1274,NL_Balance,DE_Balance,2030,9,3,4,8338,0.0,-0.0
1275,NL_Balance,DE_Balance,2030,9,5,6,8339,0.0,0.0
1276,NL_Balance,DE_Balance,2030,9,7,8,8340,0.0,0.0
1277,NL_Balance,DE_Balance,2030,9,9,10,8341,0.0,0.0
1278,NL_Balance,DE_Balance,2030,9,11,12,8342,0.0,-0.0
1279,NL_Balance,DE_Balance,2030,9,13,14,8343,0.0,-0.0
1280,NL_Balance,DE_Balance,2030,9,15,16,8344,0.0,0.0
1281,NL_Balance,DE_Balance,2030,9,17,18,8345,0.0,0.0
1282,NL_Balance,DE_Balance,2030,9,19,20,8346,0.0,0.0
1283,NL_Balance,DE_Balance,2030,9,21,22,8347,0.0,0.0
1284,NL_Balance,DE_Balance,2030,9,23,24,8348,0.0,-0.0
1285,BE_Balance,UK_Balance,2030,9,1,2,8349,0.0,-0.0
1286,BE_Balance,UK_Balance,2030,9,3,4,8350,0.0,-0.0
1287,BE_Balance,UK_Balance,2030,9,5,6,8351,0.0,-0.0
1288,BE_Balance,UK_Balance,2030,9,7,8,8352,0.0,-0.0
1289,BE_Balance,UK_Balance,2030,9,9,10,8353,0.0,-0.0
1290,BE_Balance,UK_Balance,2030,9,11,12,8354,0.0,0.0
1291,BE_Balance,UK_Balance,2030,9,13,14,8355,0.0,0.0
1292,BE_Balance,UK_Balance,2030,9,15,16,8356,0.0,-0.0
1293,BE_Balance,UK_Balance,2030,9,17,18,8357,0.0,-0.0
1294,BE_Balance,UK_Balance,2030,9,19,20,8358,0.0,-0.0
1295,BE_Balance,UK_Balance,2030,9,21,22,8359,0.0,0.0
1296,BE_Balance,UK_Balance,2030,9,23,24,8360,0.0,-0.0
1297,BE_Balance,FR_Balance,2030,9,1,2,8361,0.0,0.0
1298,BE_Balance,FR_Balance,2030,9,3,4,8362,0.0,-0.0
1299,BE_Balance,FR_Balance,2030,9,5,6,8363,0.0,-0.0
1300,BE_Balance,FR_Balance,2030,9,7,8,8364,0.0,0.0
1301,BE_Balance,FR_Balance,2030,9,9,10,8365,0.0,0.0
1302,BE_Balance,FR_Balance,2030,9,11,12,8366,0.0,0.0
1303,BE_Balance,FR_Balance,2030,9,13,14,8367,0.0,-0.0
1304,BE_Balance,FR_Balance,2030,9,15,16,8368,0.0,-0.0
1305,BE_Balance,FR_Balance,2030,9,17,18,8369,0.0,-0.0
1306,BE_Balance,FR_Balance,2030,9,19,20,8370,0.0,0.0
1307,BE_Balance,FR_Balance,2030,9,21,22,8371,0.0,0.0
1308,BE_Balance,FR_Balance,2030,9,23,24,8372,0.0,0.0
1309,BE_Balance,DE_Balance,2030,9,1,2,8373,0.0,-0.0
1310,BE_Balance,DE_Balance,2030,9,3,4,8374,0.0,-0.0
1311,BE_Balance,DE_Balance,2030,9,5,6,8375,0.0,-0.0
1312,BE_Balance,DE_Balance,2030,9,7,8,8376,0.0,0.0
1313,BE_Balance,DE_Balance,2030,9,9,10,8377,0.0,0.0
1314,BE_Balance,DE_Balance,2030,9,11,12,8378,0.0,0.0
1315,BE_Balance,DE_Balance,2030,9,13,14,8379,0.0,-0.0
1316,BE_Balance,DE_Balance,2030,9,15,16,8380,0.0,-0.0
1317,BE_Balance,DE_Balance,2030,9,17,18,8381,0.0,0.0
1318,BE_Balance,DE_Balance,2030,9,19,20,8382,4.440892098500626e-16,0.0
1319,BE_Balance,DE_Balance,2030,9,21,22,8383,0.0,0.0
1320,BE_Balance,DE_Balance,2030,9,23,24,8384,0.0,-0.0
1321,DE_Balance,LU_Balance,2030,9,1,2,8385,0.0,0.0
1322,DE_Balance,LU_Balance,2030,9,3,4,8386,0.0,0.0
1323,DE_Balance,LU_Balance,2030,9,5,6,8387,0.0,-0.0
1324,DE_Balance,LU_Balance,2030,9,7,8,8388,0.0,0.0
1325,DE_Balance,LU_Balance,2030,9,9,10,8389,0.0,0.0
1326,DE_Balance,LU_Balance,2030,9,11,12,8390,0.0,0.0
1327,DE_Balance,LU_Balance,2030,9,13,14,8391,0.0,-0.0
1328,DE_Balance,LU_Balance,2030,9,15,16,8392,0.0,-0.0
1329,DE_Balance,LU_Balance,2030,9,17,18,8393,0.0,-0.0
1330,DE_Balance,LU_Balance,2030,9,19,20,8394,0.0,-4.440892098500626e-16
1331,DE_Balance,LU_Balance,2030,9,21,22,8395,0.0,0.0
1332,DE_Balance,LU_Balance,2030,9,23,24,8396,0.0,0.0
1333,DE_Balance,CH_Balance,2030,9,1,2,8397,-1.3502,0.0
1334,DE_Balance,CH_Balance,2030,9,3,4,8398,-1.3502,0.0
1335,DE_Balance,CH_Balance,2030,9,5,6,8399,-1.3502000000000003,0.0
1336,DE_Balance,CH_Balance,2030,9,7,8,8400,-1.6877500000000003,0.0
1337,DE_Balance,CH_Balance,2030,9,9,10,8401,-1.3502,0.0
1338,DE_Balance,CH_Balance,2030,9,11,12,8402,-1.01265,0.0
1339,DE_Balance,CH_Balance,2030,9,13,14,8403,-1.01265,0.0
1340,DE_Balance,CH_Balance,2030,9,15,16,8404,-1.01265,0.0
1341,DE_Balance,CH_Balance,2030,9,17,18,8405,-2.0253,0.0
1342,DE_Balance,CH_Balance,2030,9,19,20,8406,0.0,-4.440892098500626e-16
1343,DE_Balance,CH_Balance,2030,9,21,22,8407,0.0,0.0
1344,DE_Balance,CH_Balance,2030,9,23,24,8408,0.0,0.0
1345,FR_Balance,CH_Balance,2030,9,1,2,8409,-1.3502,0.0
1346,FR_Balance,CH_Balance,2030,9,3,4,8410,-1.3502,0.0
1347,FR_Balance,CH_Balance,2030,9,5,6,8411,-1.3502000000000003,0.0
1348,FR_Balance,CH_Balance,2030,9,7,8,8412,-1.6877500000000003,0.0
1349,FR_Balance,CH_Balance,2030,9,9,10,8413,-1.3502,0.0
1350,FR_Balance,CH_Balance,2030,9,11,12,8414,-1.01265,0.0
1351,FR_Balance,CH_Balance,2030,9,13,14,8415,-1.01265,0.0
1352,FR_Balance,CH_Balance,2030,9,15,16,8416,-1.01265,0.0
1353,FR_Balance,CH_Balance,2030,9,17,18,8417,-2.0253,0.0
1354,FR_Balance,CH_Balance,2030,9,19,20,8418,0.0,0.0
1355,FR_Balance,CH_Balance,2030,9,21,22,8419,0.0,-0.0
1356,FR_Balance,CH_Balance,2030,9,23,24,8420,0.0,-0.0
1357,FR_Balance,LU_Balance,2030,9,1,2,8421,0.0,-0.0
1358,FR_Balance,LU_Balance,2030,9,3,4,8422,0.0,0.0
1359,FR_Balance,LU_Balance,2030,9,5,6,8423,0.0,0.0
1360,FR_Balance,LU_Balance,2030,9,7,8,8424,0.0,-0.0
1361,FR_Balance,LU_Balance,2030,9,9,10,8425,0.0,-0.0
1362,FR_Balance,LU_Balance,2030,9,11,12,8426,0.0,-0.0
1363,FR_Balance,LU_Balance,2030,9,13,14,8427,0.0,0.0
1364,FR_Balance,LU_Balance,2030,9,15,16,8428,0.0,0.0
1365,FR_Balance,LU_Balance,2030,9,17,18,8429,0.0,0.0
1366,FR_Balance,LU_Balance,2030,9,19,20,8430,0.0,0.0
1367,FR_Balance,LU_Balance,2030,9,21,22,8431,0.0,-0.0
1368,FR_Balance,LU_Balance,2030,9,23,24,8432,0.0,0.0
1369,DE_Balance,FR_Balance,2030,9,1,2,8577,0.0,-0.0
1370,DE_Balance,FR_Balance,2030,9,3,4,8578,0.0,-0.0
1371,DE_Balance,FR_Balance,2030,9,5,6,8579,0.0,-0.0
1372,DE_Balance,FR_Balance,2030,9,7,8,8580,0.0,-0.0
1373,DE_Balance,FR_Balance,2030,9,9,10,8581,0.0,0.0
1374,DE_Balance,FR_Balance,2030,9,11,12,8582,0.0,0.0
1375,DE_Balance,FR_Balance,2030,9,13,14,8583,0.0,0.0
1376,DE_Balance,FR_Balance,2030,9,15,16,8584,0.0,-0.0
1377,DE_Balance,FR_Balance,2030,9,17,18,8585,0.0,-0.0
1378,DE_Balance,FR_Balance,2030,9,19,20,8586,0.0,-4.440892098500626e-16
1379,DE_Balance,FR_Balance,2030,9,21,22,8587,0.0,-0.0
1380,DE_Balance,FR_Balance,2030,9,23,24,8588,0.0,0.0
1381,BE_Balance,LU_Balance,2030,9,1,2,8645,0.0,0.0
1382,BE_Balance,LU_Balance,2030,9,3,4,8646,0.0,-0.0
1383,BE_Balance,LU_Balance,2030,9,5,6,8647,0.0,0.0
1384,BE_Balance,LU_Balance,2030,9,7,8,8648,0.0,0.0
1385,BE_Balance,LU_Balance,2030,9,9,10,8649,0.0,0.0
1386,BE_Balance,LU_Balance,2030,9,11,12,8650,0.0,0.0
1387,BE_Balance,LU_Balance,2030,9,13,14,8651,0.0,0.0
1388,BE_Balance,LU_Balance,2030,9,15,16,8652,0.0,0.0
1389,BE_Balance,LU_Balance,2030,9,17,18,8653,0.0,0.0
1390,BE_Balance,LU_Balance,2030,9,19,20,8654,0.0,0.0
1391,BE_Balance,LU_Balance,2030,9,21,22,8655,0.0,0.0
1392,BE_Balance,LU_Balance,2030,9,23,24,8656,0.0,-0.0
1393,FR_Balance,UK_Balance,2030,9,1,2,8669,0.0,-0.0
1394,FR_Balance,UK_Balance,2030,9,3,4,8670,0.0,0.0
1395,FR_Balance,UK_Balance,2030,9,5,6,8671,0.0,-0.0
1396,FR_Balance,UK_Balance,2030,9,7,8,8672,0.0,-0.0
1397,FR_Balance,UK_Balance,2030,9,9,10,8673,0.0,-0.0
1398,FR_Balance,UK_Balance,2030,9,11,12,8674,0.0,-0.0
1399,FR_Balance,UK_Balance,2030,9,13,14,8675,0.0,0.0
1400,FR_Balance,UK_Balance,2030,9,15,16,8676,0.0,0.0
1401,FR_Balance,UK_Balance,2030,9,17,18,8677,0.0,-0.0
1402,FR_Balance,UK_Balance,2030,9,19,20,8678,0.0,0.0
1403,FR_Balance,UK_Balance,2030,9,21,22,8679,0.0,-0.0
1404,FR_Balance,UK_Balance,2030,9,23,24,8680,0.0,-0.0
1405,NL_Balance,UK_Balance,2030,10,1,2,9245,0.0,2.852
1406,NL_Balance,UK_Balance,2030,10,3,4,9246,0.0,2.852
1407,NL_Balance,UK_Balance,2030,10,5,6,9247,0.0,2.852
1408,NL_Balance,UK_Balance,2030,10,7,8,9248,0.0,-0.0
1409,NL_Balance,UK_Balance,2030,10,9,10,9249,0.0,0.0
1410,NL_Balance,UK_Balance,2030,10,11,12,9250,0.0,0.0
1411,NL_Balance,UK_Balance,2030,10,13,14,9251,0.0,0.0
1412,NL_Balance,UK_Balance,2030,10,15,16,9252,0.0,-0.0
1413,NL_Balance,UK_Balance,2030,10,17,18,9253,0.0,-0.0
1414,NL_Balance,UK_Balance,2030,10,19,20,9254,0.0,0.0
1415,NL_Balance,UK_Balance,2030,10,21,22,9255,0.0,0.0
1416,NL_Balance,UK_Balance,2030,10,23,24,9256,0.0,0.0
1417,NL_Balance,BE_Balance,2030,10,1,2,9257,0.0,0.0
1418,NL_Balance,BE_Balance,2030,10,3,4,9258,0.0,0.0
1419,NL_Balance,BE_Balance,2030,10,5,6,9259,0.0,-0.0
1420,NL_Balance,BE_Balance,2030,10,7,8,9260,0.0,0.0
1421,NL_Balance,BE_Balance,2030,10,9,10,9261,0.0,0.0
1422,NL_Balance,BE_Balance,2030,10,11,12,9262,0.0,0.0
1423,NL_Balance,BE_Balance,2030,10,13,14,9263,0.0,-0.0
1424,NL_Balance,BE_Balance,2030,10,15,16,9264,0.0,0.0
1425,NL_Balance,BE_Balance,2030,10,17,18,9265,0.0,0.0
1426,NL_Balance,BE_Balance,2030,10,19,20,9266,0.0,0.0
1427,NL_Balance,BE_Balance,2030,10,21,22,9267,0.0,0.0
1428,NL_Balance,BE_Balance,2030,10,23,24,9268,0.0,0.0
1429,NL_Balance,DE_Balance,2030,10,1,2,9269,0.0,0.0
1430,NL_Balance,DE_Balance,2030,10,3,4,9270,0.0,0.0
1431,NL_Balance,DE_Balance,2030,10,5,6,9271,0.0,0.0
1432,NL_Balance,DE_Balance,2030,10,7,8,9272,-1.6559999999999993,0.0
1433,NL_Balance,DE_Balance,2030,10,9,10,9273,0.0,0.0
1434,NL_Balance,DE_Balance,2030,10,11,12,9274,0.0,0.0
1435,NL_Balance,DE_Balance,2030,10,13,14,9275,0.0,0.0
1436,NL_Balance,DE_Balance,2030,10,15,16,9276,0.0,0.0
1437,NL_Balance,DE_Balance,2030,10,17,18,9277,-1.4065000000000012,0.0
1438,NL_Balance,DE_Balance,2030,10,19,20,9278,0.0,0.0
1439,NL_Balance,DE_Balance,2030,10,21,22,9279,0.0,0.0
1440,NL_Balance,DE_Balance,2030,10,23,24,9280,0.0,0.0
1441,BE_Balance,UK_Balance,2030,10,1,2,9281,0.0,2.852
1442,BE_Balance,UK_Balance,2030,10,3,4,9282,0.0,2.852
1443,BE_Balance,UK_Balance,2030,10,5,6,9283,0.0,2.852
1444,BE_Balance,UK_Balance,2030,10,7,8,9284,0.0,-0.0
1445,BE_Balance,UK_Balance,2030,10,9,10,9285,0.0,0.0
1446,BE_Balance,UK_Balance,2030,10,11,12,9286,0.0,0.0
1447,BE_Balance,UK_Balance,2030,10,13,14,9287,0.0,0.0
1448,BE_Balance,UK_Balance,2030,10,15,16,9288,0.0,0.0
1449,BE_Balance,UK_Balance,2030,10,17,18,9289,0.0,0.0
1450,BE_Balance,UK_Balance,2030,10,19,20,9290,0.0,0.0
1451,BE_Balance,UK_Balance,2030,10,21,22,9291,0.0,-0.0
1452,BE_Balance,UK_Balance,2030,10,23,24,9292,0.0,-0.0
1453,DE_Balance,LU_Balance,2030,10,1,2,9293,0.0,0.0
1454,DE_Balance,LU_Balance,2030,10,3,4,9294,0.0,0.0
1455,DE_Balance,LU_Balance,2030,10,5,6,9295,0.0,-0.0
1456,DE_Balance,LU_Balance,2030,10,7,8,9296,0.0,1.6559999999999993
1457,DE_Balance,LU_Balance,2030,10,9,10,9297,0.0,0.0
1458,DE_Balance,LU_Balance,2030,10,11,12,9298,0.0,-0.0
1459,DE_Balance,LU_Balance,2030,10,13,14,9299,0.0,0.0
1460,DE_Balance,LU_Balance,2030,10,15,16,9300,0.0,0.0
1461,DE_Balance,LU_Balance,2030,10,17,18,9301,0.0,1.4065000000000012
1462,DE_Balance,LU_Balance,2030,10,19,20,9302,0.0,0.0
1463,DE_Balance,LU_Balance,2030,10,21,22,9303,0.0,-0.0
1464,DE_Balance,LU_Balance,2030,10,23,24,9304,0.0,-0.0
1465,DE_Balance,CH_Balance,2030,10,1,2,9305,0.0,0.0
1466,DE_Balance,CH_Balance,2030,10,3,4,9306,0.0,0.0
1467,DE_Balance,CH_Balance,2030,10,5,6,9307,0.0,0.0
1468,DE_Balance,CH_Balance,2030,10,7,8,9308,0.0,1.6559999999999993
1469,DE_Balance,CH_Balance,2030,10,9,10,9309,0.0,1.6559999999999993
1470,DE_Balance,CH_Balance,2030,10,11,12,9310,0.0,1.6559999999999993
1471,DE_Balance,CH_Balance,2030,10,13,14,9311,0.0,1.6559999999999993
1472,DE_Balance,CH_Balance,2030,10,15,16,9312,0.0,1.6559999999999993
1473,DE_Balance,CH_Balance,2030,10,17,18,9313,0.0,6.9341750000000015
1474,DE_Balance,CH_Balance,2030,10,19,20,9314,0.0,1.6559999999999993
1475,DE_Balance,CH_Balance,2030,10,21,22,9315,0.0,0.0
1476,DE_Balance,CH_Balance,2030,10,23,24,9316,0.0,0.0
1477,DE_Balance,FR_Balance,2030,10,1,2,9317,0.0,-0.0
1478,DE_Balance,FR_Balance,2030,10,3,4,9318,0.0,2.8520000000000003
1479,DE_Balance,FR_Balance,2030,10,5,6,9319,0.0,1.3707999999999998
1480,DE_Balance,FR_Balance,2030,10,7,8,9320,0.0,1.6559999999999993
1481,DE_Balance,FR_Balance,2030,10,9,10,9321,0.0,1.6559999999999993
1482,DE_Balance,FR_Balance,2030,10,11,12,9322,0.0,1.6559999999999993
1483,DE_Balance,FR_Balance,2030,10,13,14,9323,0.0,1.6559999999999993
1484,DE_Balance,FR_Balance,2030,10,15,16,9324,0.0,1.6559999999999993
1485,DE_Balance,FR_Balance,2030,10,17,18,9325,0.0,6.9341750000000015
1486,DE_Balance,FR_Balance,2030,10,19,20,9326,0.0,1.6559999999999993
1487,DE_Balance,FR_Balance,2030,10,21,22,9327,0.0,0.0
1488,DE_Balance,FR_Balance,2030,10,23,24,9328,0.0,0.0
1489,FR_Balance,CH_Balance,2030,10,1,2,9329,0.0,0.0
1490,FR_Balance,CH_Balance,2030,10,3,4,9330,-2.8520000000000003,0.0
1491,FR_Balance,CH_Balance,2030,10,5,6,9331,-1.3707999999999998,0.0
1492,FR_Balance,CH_Balance,2030,10,7,8,9332,0.0,0.0
1493,FR_Balance,CH_Balance,2030,10,9,10,9333,0.0,0.0
1494,FR_Balance,CH_Balance,2030,10,11,12,9334,0.0,0.0
1495,FR_Balance,CH_Balance,2030,10,13,14,9335,0.0,0.0
1496,FR_Balance,CH_Balance,2030,10,15,16,9336,0.0,0.0
1497,FR_Balance,CH_Balance,2030,10,17,18,9337,0.0,0.0
1498,FR_Balance,CH_Balance,2030,10,19,20,9338,0.0,0.0
1499,FR_Balance,CH_Balance,2030,10,21,22,9339,0.0,0.0
1500,FR_Balance,CH_Balance,2030,10,23,24,9340,0.0,0.0
1501,FR_Balance,LU_Balance,2030,10,1,2,9341,0.0,-0.0
1502,FR_Balance,LU_Balance,2030,10,3,4,9342,-2.8520000000000003,0.0
1503,FR_Balance,LU_Balance,2030,10,5,6,9343,-1.3707999999999998,0.0
1504,FR_Balance,LU_Balance,2030,10,7,8,9344,0.0,0.0
1505,FR_Balance,LU_Balance,2030,10,9,10,9345,-1.6559999999999993,0.0
1506,FR_Balance,LU_Balance,2030,10,11,12,9346,-1.6559999999999993,0.0
1507,FR_Balance,LU_Balance,2030,10,13,14,9347,-1.6559999999999993,0.0
1508,FR_Balance,LU_Balance,2030,10,15,16,9348,-1.6559999999999993,0.0
1509,FR_Balance,LU_Balance,2030,10,17,18,9349,-5.527675,0.0
1510,FR_Balance,LU_Balance,2030,10,19,20,9350,-1.6559999999999993,0.0
1511,FR_Balance,LU_Balance,2030,10,21,22,9351,0.0,0.0
1512,FR_Balance,LU_Balance,2030,10,23,24,9352,0.0,0.0
1513,BE_Balance,DE_Balance,2030,10,1,2,9501,0.0,0.0
1514,BE_Balance,DE_Balance,2030,10,3,4,9502,0.0,0.0
1515,BE_Balance,DE_Balance,2030,10,5,6,9503,0.0,0.0
1516,BE_Balance,DE_Balance,2030,10,7,8,9504,-1.6559999999999993,0.0
1517,BE_Balance,DE_Balance,2030,10,9,10,9505,0.0,0.0
1518,BE_Balance,DE_Balance,2030,10,11,12,9506,0.0,0.0
1519,BE_Balance,DE_Balance,2030,10,13,14,9507,0.0,0.0
1520,BE_Balance,DE_Balance,2030,10,15,16,9508,0.0,0.0
1521,BE_Balance,DE_Balance,2030,10,17,18,9509,-1.4065000000000012,0.0
1522,BE_Balance,DE_Balance,2030,10,19,20,9510,0.0,-0.0
1523,BE_Balance,DE_Balance,2030,10,21,22,9511,0.0,-0.0
1524,BE_Balance,DE_Balance,2030,10,23,24,9512,0.0,0.0
1525,FR_Balance,UK_Balance,2030,10,1,2,9513,0.0,2.852
1526,FR_Balance,UK_Balance,2030,10,3,4,9514,0.0,-5.551115123125783e-17
1527,FR_Balance,UK_Balance,2030,10,5,6,9515,0.0,1.4812000000000003
1528,FR_Balance,UK_Balance,2030,10,7,8,9516,0.0,-0.0
1529,FR_Balance,UK_Balance,2030,10,9,10,9517,-1.6559999999999993,0.0
1530,FR_Balance,UK_Balance,2030,10,11,12,9518,-1.6559999999999993,0.0
1531,FR_Balance,UK_Balance,2030,10,13,14,9519,-1.6559999999999993,0.0
1532,FR_Balance,UK_Balance,2030,10,15,16,9520,-1.6559999999999993,0.0
1533,FR_Balance,UK_Balance,2030,10,17,18,9521,-5.527675,0.0
1534,FR_Balance,UK_Balance,2030,10,19,20,9522,-1.6559999999999993,0.0
1535,FR_Balance,UK_Balance,2030,10,21,22,9523,0.0,-0.0
1536,FR_Balance,UK_Balance,2030,10,23,24,9524,0.0,-0.0
1537,BE_Balance,LU_Balance,2030,10,1,2,9537,0.0,0.0
1538,BE_Balance,LU_Balance,2030,10,3,4,9538,0.0,0.0
1539,BE_Balance,LU_Balance,2030,10,5,6,9539,0.0,0.0
1540,BE_Balance,LU_Balance,2030,10,7,8,9540,0.0,0.0
1541,BE_Balance,LU_Balance,2030,10,9,10,9541,0.0,0.0
1542,BE_Balance,LU_Balance,2030,10,11,12,9542,0.0,0.0
1543,BE_Balance,LU_Balance,2030,10,13,14,9543,0.0,-0.0
1544,BE_Balance,LU_Balance,2030,10,15,16,9544,0.0,-0.0
1545,BE_Balance,LU_Balance,2030,10,17,18,9545,0.0,0.0
1546,BE_Balance,LU_Balance,2030,10,19,20,9546,0.0,0.0
1547,BE_Balance,LU_Balance,2030,10,21,22,9547,0.0,0.0
1548,BE_Balance,LU_Balance,2030,10,23,24,9548,0.0,0.0
1549,BE_Balance,FR_Balance,2030,10,1,2,9569,0.0,0.0
1550,BE_Balance,FR_Balance,2030,10,3,4,9570,0.0,2.8520000000000003
1551,BE_Balance,FR_Balance,2030,10,5,6,9571,0.0,1.3707999999999998
1552,BE_Balance,FR_Balance,2030,10,7,8,9572,0.0,0.0
1553,BE_Balance,FR_Balance,2030,10,9,10,9573,0.0,1.6559999999999993
1554,BE_Balance,FR_Balance,2030,10,11,12,9574,0.0,1.6559999999999993
1555,BE_Balance,FR_Balance,2030,10,13,14,9575,0.0,1.6559999999999993
1556,BE_Balance,FR_Balance,2030,10,15,16,9576,0.0,1.6559999999999993
1557,BE_Balance,FR_Balance,2030,10,17,18,9577,0.0,5.527675
1558,BE_Balance,FR_Balance,2030,10,19,20,9578,0.0,1.6559999999999993
1559,BE_Balance,FR_Balance,2030,10,21,22,9579,0.0,0.0
1560,BE_Balance,FR_Balance,2030,10,23,24,9580,0.0,0.0
