id,asset,year,rep_period,time_block_start,time_block_end,dual_max_input_flows_limit_simple_method
1,BE_Battery,2030,1,1,1,0.0
2,BE_Battery,2030,1,2,2,0.0
3,BE_Battery,2030,1,3,3,0.0
4,BE_Battery,2030,1,4,4,0.0
5,BE_Battery,2030,1,5,5,0.0
6,BE_Battery,2030,1,6,6,0.0
7,BE_Battery,2030,1,7,7,0.0
8,BE_Battery,2030,1,8,8,0.0
9,BE_Battery,2030,1,9,9,0.0
10,BE_Battery,2030,1,10,10,0.0
11,BE_Battery,2030,1,11,11,0.0
12,BE_Battery,2030,1,12,12,0.0
13,BE_Battery,2030,1,13,13,0.0
14,BE_Battery,2030,1,14,14,0.0
15,BE_Battery,2030,1,15,15,0.0
16,BE_Battery,2030,1,16,16,0.0
17,BE_Battery,2030,1,17,17,0.0
18,BE_Battery,2030,1,18,18,0.0
19,BE_Battery,2030,1,19,19,0.0
20,BE_Battery,2030,1,20,20,0.0
21,BE_Battery,2030,1,21,21,0.0
22,BE_Battery,2030,1,22,22,0.0
23,BE_Battery,2030,1,23,23,0.0
24,BE_Battery,2030,1,24,24,0.0
25,BE_Battery,2030,2,1,1,0.0
26,BE_Battery,2030,2,2,2,0.0
27,BE_Battery,2030,2,3,3,0.0
28,BE_Battery,2030,2,4,4,0.0
29,BE_Battery,2030,2,5,5,0.0
30,BE_Battery,2030,2,6,6,0.0
31,BE_Battery,2030,2,7,7,0.0
32,BE_Battery,2030,2,8,8,0.0
33,BE_Battery,2030,2,9,9,0.0
34,BE_Battery,2030,2,10,10,0.0
35,BE_Battery,2030,2,11,11,0.0
36,BE_Battery,2030,2,12,12,0.0
37,BE_Battery,2030,2,13,13,0.0
38,BE_Battery,2030,2,14,14,0.0
39,BE_Battery,2030,2,15,15,0.0
40,BE_Battery,2030,2,16,16,0.0
41,BE_Battery,2030,2,17,17,0.0
42,BE_Battery,2030,2,18,18,0.0
43,BE_Battery,2030,2,19,19,0.0
44,BE_Battery,2030,2,20,20,0.0
45,BE_Battery,2030,2,21,21,0.0
46,BE_Battery,2030,2,22,22,0.0
47,BE_Battery,2030,2,23,23,0.0
48,BE_Battery,2030,2,24,24,0.0
49,BE_Battery,2030,3,1,1,0.0
50,BE_Battery,2030,3,2,2,0.0
51,BE_Battery,2030,3,3,3,0.0
52,BE_Battery,2030,3,4,4,0.0
53,BE_Battery,2030,3,5,5,0.0
54,BE_Battery,2030,3,6,6,0.0
55,BE_Battery,2030,3,7,7,0.0
56,BE_Battery,2030,3,8,8,0.0
57,BE_Battery,2030,3,9,9,0.0
58,BE_Battery,2030,3,10,10,0.0
59,BE_Battery,2030,3,11,11,0.0
60,BE_Battery,2030,3,12,12,0.0
61,BE_Battery,2030,3,13,13,0.0
62,BE_Battery,2030,3,14,14,0.0
63,BE_Battery,2030,3,15,15,0.0
64,BE_Battery,2030,3,16,16,0.0
65,BE_Battery,2030,3,17,17,0.0
66,BE_Battery,2030,3,18,18,0.0
67,BE_Battery,2030,3,19,19,0.0
68,BE_Battery,2030,3,20,20,0.0
69,BE_Battery,2030,3,21,21,0.0
70,BE_Battery,2030,3,22,22,0.0
71,BE_Battery,2030,3,23,23,0.0
72,BE_Battery,2030,3,24,24,0.0
73,BE_Battery,2030,4,1,1,0.0
74,BE_Battery,2030,4,2,2,0.0
75,BE_Battery,2030,4,3,3,0.0
76,BE_Battery,2030,4,4,4,0.0
77,BE_Battery,2030,4,5,5,0.0
78,BE_Battery,2030,4,6,6,0.0
79,BE_Battery,2030,4,7,7,0.0
80,BE_Battery,2030,4,8,8,0.0
81,BE_Battery,2030,4,9,9,0.0
82,BE_Battery,2030,4,10,10,0.0
83,BE_Battery,2030,4,11,11,0.0
84,BE_Battery,2030,4,12,12,0.0
85,BE_Battery,2030,4,13,13,0.0
86,BE_Battery,2030,4,14,14,0.0
87,BE_Battery,2030,4,15,15,0.0
88,BE_Battery,2030,4,16,16,0.0
89,BE_Battery,2030,4,17,17,0.0
90,BE_Battery,2030,4,18,18,0.0
91,BE_Battery,2030,4,19,19,0.0
92,BE_Battery,2030,4,20,20,0.0
93,BE_Battery,2030,4,21,21,0.0
94,BE_Battery,2030,4,22,22,0.0
95,BE_Battery,2030,4,23,23,0.0
96,BE_Battery,2030,4,24,24,0.0
97,BE_Battery,2030,5,1,1,0.0
98,BE_Battery,2030,5,2,2,0.0
99,BE_Battery,2030,5,3,3,0.0
100,BE_Battery,2030,5,4,4,0.0
101,BE_Battery,2030,5,5,5,0.0
102,BE_Battery,2030,5,6,6,0.0
103,BE_Battery,2030,5,7,7,0.0
104,BE_Battery,2030,5,8,8,0.0
105,BE_Battery,2030,5,9,9,0.0
106,BE_Battery,2030,5,10,10,0.0
107,BE_Battery,2030,5,11,11,0.0
108,BE_Battery,2030,5,12,12,0.0
109,BE_Battery,2030,5,13,13,0.0
110,BE_Battery,2030,5,14,14,0.0
111,BE_Battery,2030,5,15,15,0.0
112,BE_Battery,2030,5,16,16,0.0
113,BE_Battery,2030,5,17,17,0.0
114,BE_Battery,2030,5,18,18,0.0
115,BE_Battery,2030,5,19,19,0.0
116,BE_Battery,2030,5,20,20,0.0
117,BE_Battery,2030,5,21,21,0.0
118,BE_Battery,2030,5,22,22,0.0
119,BE_Battery,2030,5,23,23,0.0
120,BE_Battery,2030,5,24,24,0.0
121,BE_Battery,2030,6,1,1,0.0
122,BE_Battery,2030,6,2,2,0.0
123,BE_Battery,2030,6,3,3,0.0
124,BE_Battery,2030,6,4,4,0.0
125,BE_Battery,2030,6,5,5,0.0
126,BE_Battery,2030,6,6,6,0.0
127,BE_Battery,2030,6,7,7,0.0
128,BE_Battery,2030,6,8,8,0.0
129,BE_Battery,2030,6,9,9,0.0
130,BE_Battery,2030,6,10,10,0.0
131,BE_Battery,2030,6,11,11,0.0
132,BE_Battery,2030,6,12,12,0.0
133,BE_Battery,2030,6,13,13,0.0
134,BE_Battery,2030,6,14,14,0.0
135,BE_Battery,2030,6,15,15,0.0
136,BE_Battery,2030,6,16,16,0.0
137,BE_Battery,2030,6,17,17,0.0
138,BE_Battery,2030,6,18,18,0.0
139,BE_Battery,2030,6,19,19,0.0
140,BE_Battery,2030,6,20,20,0.0
141,BE_Battery,2030,6,21,21,0.0
142,BE_Battery,2030,6,22,22,0.0
143,BE_Battery,2030,6,23,23,0.0
144,BE_Battery,2030,6,24,24,0.0
145,BE_Battery,2030,7,1,1,0.0
146,BE_Battery,2030,7,2,2,0.0
147,BE_Battery,2030,7,3,3,0.0
148,BE_Battery,2030,7,4,4,0.0
149,BE_Battery,2030,7,5,5,0.0
150,BE_Battery,2030,7,6,6,0.0
151,BE_Battery,2030,7,7,7,0.0
152,BE_Battery,2030,7,8,8,0.0
153,BE_Battery,2030,7,9,9,0.0
154,BE_Battery,2030,7,10,10,0.0
155,BE_Battery,2030,7,11,11,0.0
156,BE_Battery,2030,7,12,12,0.0
157,BE_Battery,2030,7,13,13,0.0
158,BE_Battery,2030,7,14,14,0.0
159,BE_Battery,2030,7,15,15,0.0
160,BE_Battery,2030,7,16,16,0.0
161,BE_Battery,2030,7,17,17,0.0
162,BE_Battery,2030,7,18,18,0.0
163,BE_Battery,2030,7,19,19,0.0
164,BE_Battery,2030,7,20,20,0.0
165,BE_Battery,2030,7,21,21,0.0
166,BE_Battery,2030,7,22,22,0.0
167,BE_Battery,2030,7,23,23,0.0
168,BE_Battery,2030,7,24,24,0.0
169,BE_Battery,2030,8,1,1,0.0
170,BE_Battery,2030,8,2,2,0.0
171,BE_Battery,2030,8,3,3,0.0
172,BE_Battery,2030,8,4,4,0.0
173,BE_Battery,2030,8,5,5,0.0
174,BE_Battery,2030,8,6,6,0.0
175,BE_Battery,2030,8,7,7,0.0
176,BE_Battery,2030,8,8,8,0.0
177,BE_Battery,2030,8,9,9,0.0
178,BE_Battery,2030,8,10,10,0.0
179,BE_Battery,2030,8,11,11,0.0
180,BE_Battery,2030,8,12,12,0.0
181,BE_Battery,2030,8,13,13,0.0
182,BE_Battery,2030,8,14,14,0.0
183,BE_Battery,2030,8,15,15,0.0
184,BE_Battery,2030,8,16,16,0.0
185,BE_Battery,2030,8,17,17,0.0
186,BE_Battery,2030,8,18,18,0.0
187,BE_Battery,2030,8,19,19,0.0
188,BE_Battery,2030,8,20,20,0.0
189,BE_Battery,2030,8,21,21,0.0
190,BE_Battery,2030,8,22,22,0.0
191,BE_Battery,2030,8,23,23,0.0
192,BE_Battery,2030,8,24,24,0.0
193,BE_Battery,2030,9,1,1,0.0
194,BE_Battery,2030,9,2,2,0.0
195,BE_Battery,2030,9,3,3,0.0
196,BE_Battery,2030,9,4,4,0.0
197,BE_Battery,2030,9,5,5,0.0
198,BE_Battery,2030,9,6,6,0.0
199,BE_Battery,2030,9,7,7,0.0
200,BE_Battery,2030,9,8,8,0.0
201,BE_Battery,2030,9,9,9,0.0
202,BE_Battery,2030,9,10,10,0.0
203,BE_Battery,2030,9,11,11,-0.20449999999999768
204,BE_Battery,2030,9,12,12,0.0
205,BE_Battery,2030,9,13,13,0.0
206,BE_Battery,2030,9,14,14,0.0
207,BE_Battery,2030,9,15,15,0.0
208,BE_Battery,2030,9,16,16,0.0
209,BE_Battery,2030,9,17,17,0.0
210,BE_Battery,2030,9,18,18,0.0
211,BE_Battery,2030,9,19,19,0.0
212,BE_Battery,2030,9,20,20,0.0
213,BE_Battery,2030,9,21,21,0.0
214,BE_Battery,2030,9,22,22,0.0
215,BE_Battery,2030,9,23,23,0.0
216,BE_Battery,2030,9,24,24,0.0
217,BE_Battery,2030,10,1,1,0.0
218,BE_Battery,2030,10,2,2,0.0
219,BE_Battery,2030,10,3,3,0.0
220,BE_Battery,2030,10,4,4,0.0
221,BE_Battery,2030,10,5,5,0.0
222,BE_Battery,2030,10,6,6,0.0
223,BE_Battery,2030,10,7,7,0.0
224,BE_Battery,2030,10,8,8,0.0
225,BE_Battery,2030,10,9,9,0.0
226,BE_Battery,2030,10,10,10,0.0
227,BE_Battery,2030,10,11,11,0.0
228,BE_Battery,2030,10,12,12,0.0
229,BE_Battery,2030,10,13,13,0.0
230,BE_Battery,2030,10,14,14,0.0
231,BE_Battery,2030,10,15,15,0.0
232,BE_Battery,2030,10,16,16,0.0
233,BE_Battery,2030,10,17,17,0.0
234,BE_Battery,2030,10,18,18,0.0
235,BE_Battery,2030,10,19,19,0.0
236,BE_Battery,2030,10,20,20,0.0
237,BE_Battery,2030,10,21,21,0.0
238,BE_Battery,2030,10,22,22,0.0
239,BE_Battery,2030,10,23,23,0.0
240,BE_Battery,2030,10,24,24,0.0
241,CH_Battery,2030,1,1,1,0.0
242,CH_Battery,2030,1,2,2,0.0
243,CH_Battery,2030,1,3,3,0.0
244,CH_Battery,2030,1,4,4,0.0
245,CH_Battery,2030,1,5,5,0.0
246,CH_Battery,2030,1,6,6,0.0
247,CH_Battery,2030,1,7,7,0.0
248,CH_Battery,2030,1,8,8,0.0
249,CH_Battery,2030,1,9,9,0.0
250,CH_Battery,2030,1,10,10,0.0
251,CH_Battery,2030,1,11,11,0.0
252,CH_Battery,2030,1,12,12,0.0
253,CH_Battery,2030,1,13,13,0.0
254,CH_Battery,2030,1,14,14,0.0
255,CH_Battery,2030,1,15,15,0.0
256,CH_Battery,2030,1,16,16,0.0
257,CH_Battery,2030,1,17,17,0.0
258,CH_Battery,2030,1,18,18,0.0
259,CH_Battery,2030,1,19,19,0.0
260,CH_Battery,2030,1,20,20,0.0
261,CH_Battery,2030,1,21,21,0.0
262,CH_Battery,2030,1,22,22,0.0
263,CH_Battery,2030,1,23,23,0.0
264,CH_Battery,2030,1,24,24,0.0
265,CH_Battery,2030,2,1,1,0.0
266,CH_Battery,2030,2,2,2,0.0
267,CH_Battery,2030,2,3,3,0.0
268,CH_Battery,2030,2,4,4,0.0
269,CH_Battery,2030,2,5,5,0.0
270,CH_Battery,2030,2,6,6,0.0
271,CH_Battery,2030,2,7,7,0.0
272,CH_Battery,2030,2,8,8,0.0
273,CH_Battery,2030,2,9,9,0.0
274,CH_Battery,2030,2,10,10,0.0
275,CH_Battery,2030,2,11,11,0.0
276,CH_Battery,2030,2,12,12,0.0
277,CH_Battery,2030,2,13,13,0.0
278,CH_Battery,2030,2,14,14,0.0
279,CH_Battery,2030,2,15,15,0.0
280,CH_Battery,2030,2,16,16,0.0
281,CH_Battery,2030,2,17,17,0.0
282,CH_Battery,2030,2,18,18,0.0
283,CH_Battery,2030,2,19,19,0.0
284,CH_Battery,2030,2,20,20,0.0
285,CH_Battery,2030,2,21,21,0.0
286,CH_Battery,2030,2,22,22,0.0
287,CH_Battery,2030,2,23,23,0.0
288,CH_Battery,2030,2,24,24,0.0
289,CH_Battery,2030,3,1,1,0.0
290,CH_Battery,2030,3,2,2,0.0
291,CH_Battery,2030,3,3,3,0.0
292,CH_Battery,2030,3,4,4,0.0
293,CH_Battery,2030,3,5,5,0.0
294,CH_Battery,2030,3,6,6,0.0
295,CH_Battery,2030,3,7,7,0.0
296,CH_Battery,2030,3,8,8,0.0
297,CH_Battery,2030,3,9,9,0.0
298,CH_Battery,2030,3,10,10,0.0
299,CH_Battery,2030,3,11,11,0.0
300,CH_Battery,2030,3,12,12,0.0
301,CH_Battery,2030,3,13,13,0.0
302,CH_Battery,2030,3,14,14,0.0
303,CH_Battery,2030,3,15,15,0.0
304,CH_Battery,2030,3,16,16,0.0
305,CH_Battery,2030,3,17,17,0.0
306,CH_Battery,2030,3,18,18,0.0
307,CH_Battery,2030,3,19,19,0.0
308,CH_Battery,2030,3,20,20,0.0
309,CH_Battery,2030,3,21,21,0.0
310,CH_Battery,2030,3,22,22,0.0
311,CH_Battery,2030,3,23,23,0.0
312,CH_Battery,2030,3,24,24,0.0
313,CH_Battery,2030,4,1,1,0.0
314,CH_Battery,2030,4,2,2,0.0
315,CH_Battery,2030,4,3,3,0.0
316,CH_Battery,2030,4,4,4,0.0
317,CH_Battery,2030,4,5,5,0.0
318,CH_Battery,2030,4,6,6,0.0
319,CH_Battery,2030,4,7,7,0.0
320,CH_Battery,2030,4,8,8,0.0
321,CH_Battery,2030,4,9,9,0.0
322,CH_Battery,2030,4,10,10,0.0
323,CH_Battery,2030,4,11,11,0.0
324,CH_Battery,2030,4,12,12,0.0
325,CH_Battery,2030,4,13,13,0.0
326,CH_Battery,2030,4,14,14,0.0
327,CH_Battery,2030,4,15,15,0.0
328,CH_Battery,2030,4,16,16,0.0
329,CH_Battery,2030,4,17,17,0.0
330,CH_Battery,2030,4,18,18,0.0
331,CH_Battery,2030,4,19,19,0.0
332,CH_Battery,2030,4,20,20,0.0
333,CH_Battery,2030,4,21,21,0.0
334,CH_Battery,2030,4,22,22,0.0
335,CH_Battery,2030,4,23,23,0.0
336,CH_Battery,2030,4,24,24,0.0
337,CH_Battery,2030,5,1,1,0.0
338,CH_Battery,2030,5,2,2,0.0
339,CH_Battery,2030,5,3,3,0.0
340,CH_Battery,2030,5,4,4,0.0
341,CH_Battery,2030,5,5,5,0.0
342,CH_Battery,2030,5,6,6,0.0
343,CH_Battery,2030,5,7,7,0.0
344,CH_Battery,2030,5,8,8,0.0
345,CH_Battery,2030,5,9,9,0.0
346,CH_Battery,2030,5,10,10,0.0
347,CH_Battery,2030,5,11,11,0.0
348,CH_Battery,2030,5,12,12,0.0
349,CH_Battery,2030,5,13,13,0.0
350,CH_Battery,2030,5,14,14,0.0
351,CH_Battery,2030,5,15,15,0.0
352,CH_Battery,2030,5,16,16,0.0
353,CH_Battery,2030,5,17,17,0.0
354,CH_Battery,2030,5,18,18,0.0
355,CH_Battery,2030,5,19,19,0.0
356,CH_Battery,2030,5,20,20,0.0
357,CH_Battery,2030,5,21,21,0.0
358,CH_Battery,2030,5,22,22,0.0
359,CH_Battery,2030,5,23,23,0.0
360,CH_Battery,2030,5,24,24,0.0
361,CH_Battery,2030,6,1,1,0.0
362,CH_Battery,2030,6,2,2,0.0
363,CH_Battery,2030,6,3,3,0.0
364,CH_Battery,2030,6,4,4,0.0
365,CH_Battery,2030,6,5,5,0.0
366,CH_Battery,2030,6,6,6,0.0
367,CH_Battery,2030,6,7,7,0.0
368,CH_Battery,2030,6,8,8,0.0
369,CH_Battery,2030,6,9,9,0.0
370,CH_Battery,2030,6,10,10,0.0
371,CH_Battery,2030,6,11,11,0.0
372,CH_Battery,2030,6,12,12,0.0
373,CH_Battery,2030,6,13,13,0.0
374,CH_Battery,2030,6,14,14,0.0
375,CH_Battery,2030,6,15,15,0.0
376,CH_Battery,2030,6,16,16,0.0
377,CH_Battery,2030,6,17,17,0.0
378,CH_Battery,2030,6,18,18,0.0
379,CH_Battery,2030,6,19,19,0.0
380,CH_Battery,2030,6,20,20,0.0
381,CH_Battery,2030,6,21,21,0.0
382,CH_Battery,2030,6,22,22,0.0
383,CH_Battery,2030,6,23,23,0.0
384,CH_Battery,2030,6,24,24,0.0
385,CH_Battery,2030,7,1,1,0.0
386,CH_Battery,2030,7,2,2,0.0
387,CH_Battery,2030,7,3,3,0.0
388,CH_Battery,2030,7,4,4,0.0
389,CH_Battery,2030,7,5,5,0.0
390,CH_Battery,2030,7,6,6,0.0
391,CH_Battery,2030,7,7,7,0.0
392,CH_Battery,2030,7,8,8,0.0
393,CH_Battery,2030,7,9,9,0.0
394,CH_Battery,2030,7,10,10,0.0
395,CH_Battery,2030,7,11,11,0.0
396,CH_Battery,2030,7,12,12,0.0
397,CH_Battery,2030,7,13,13,0.0
398,CH_Battery,2030,7,14,14,0.0
399,CH_Battery,2030,7,15,15,0.0
400,CH_Battery,2030,7,16,16,0.0
401,CH_Battery,2030,7,17,17,0.0
402,CH_Battery,2030,7,18,18,0.0
403,CH_Battery,2030,7,19,19,0.0
404,CH_Battery,2030,7,20,20,0.0
405,CH_Battery,2030,7,21,21,0.0
406,CH_Battery,2030,7,22,22,0.0
407,CH_Battery,2030,7,23,23,0.0
408,CH_Battery,2030,7,24,24,0.0
409,CH_Battery,2030,8,1,1,0.0
410,CH_Battery,2030,8,2,2,0.0
411,CH_Battery,2030,8,3,3,0.0
412,CH_Battery,2030,8,4,4,0.0
413,CH_Battery,2030,8,5,5,0.0
414,CH_Battery,2030,8,6,6,0.0
415,CH_Battery,2030,8,7,7,0.0
416,CH_Battery,2030,8,8,8,0.0
417,CH_Battery,2030,8,9,9,0.0
418,CH_Battery,2030,8,10,10,0.0
419,CH_Battery,2030,8,11,11,0.0
420,CH_Battery,2030,8,12,12,0.0
421,CH_Battery,2030,8,13,13,0.0
422,CH_Battery,2030,8,14,14,0.0
423,CH_Battery,2030,8,15,15,0.0
424,CH_Battery,2030,8,16,16,0.0
425,CH_Battery,2030,8,17,17,0.0
426,CH_Battery,2030,8,18,18,0.0
427,CH_Battery,2030,8,19,19,0.0
428,CH_Battery,2030,8,20,20,0.0
429,CH_Battery,2030,8,21,21,0.0
430,CH_Battery,2030,8,22,22,0.0
431,CH_Battery,2030,8,23,23,0.0
432,CH_Battery,2030,8,24,24,0.0
433,CH_Battery,2030,9,1,1,0.0
434,CH_Battery,2030,9,2,2,0.0
435,CH_Battery,2030,9,3,3,0.0
436,CH_Battery,2030,9,4,4,0.0
437,CH_Battery,2030,9,5,5,0.0
438,CH_Battery,2030,9,6,6,0.0
439,CH_Battery,2030,9,7,7,0.0
440,CH_Battery,2030,9,8,8,0.0
441,CH_Battery,2030,9,9,9,0.0
442,CH_Battery,2030,9,10,10,0.0
443,CH_Battery,2030,9,11,11,0.0
444,CH_Battery,2030,9,12,12,0.0
445,CH_Battery,2030,9,13,13,0.0
446,CH_Battery,2030,9,14,14,0.0
447,CH_Battery,2030,9,15,15,0.0
448,CH_Battery,2030,9,16,16,0.0
449,CH_Battery,2030,9,17,17,0.0
450,CH_Battery,2030,9,18,18,0.0
451,CH_Battery,2030,9,19,19,0.0
452,CH_Battery,2030,9,20,20,0.0
453,CH_Battery,2030,9,21,21,0.0
454,CH_Battery,2030,9,22,22,0.0
455,CH_Battery,2030,9,23,23,0.0
456,CH_Battery,2030,9,24,24,0.0
457,CH_Battery,2030,10,1,1,0.0
458,CH_Battery,2030,10,2,2,0.0
459,CH_Battery,2030,10,3,3,0.0
460,CH_Battery,2030,10,4,4,0.0
461,CH_Battery,2030,10,5,5,0.0
462,CH_Battery,2030,10,6,6,0.0
463,CH_Battery,2030,10,7,7,0.0
464,CH_Battery,2030,10,8,8,0.0
465,CH_Battery,2030,10,9,9,0.0
466,CH_Battery,2030,10,10,10,0.0
467,CH_Battery,2030,10,11,11,0.0
468,CH_Battery,2030,10,12,12,0.0
469,CH_Battery,2030,10,13,13,0.0
470,CH_Battery,2030,10,14,14,0.0
471,CH_Battery,2030,10,15,15,0.0
472,CH_Battery,2030,10,16,16,0.0
473,CH_Battery,2030,10,17,17,0.0
474,CH_Battery,2030,10,18,18,0.0
475,CH_Battery,2030,10,19,19,0.0
476,CH_Battery,2030,10,20,20,0.0
477,CH_Battery,2030,10,21,21,0.0
478,CH_Battery,2030,10,22,22,0.0
479,CH_Battery,2030,10,23,23,0.0
480,CH_Battery,2030,10,24,24,0.0
481,DE_Battery,2030,1,1,1,0.0
482,DE_Battery,2030,1,2,2,0.0
483,DE_Battery,2030,1,3,3,0.0
484,DE_Battery,2030,1,4,4,0.0
485,DE_Battery,2030,1,5,5,0.0
486,DE_Battery,2030,1,6,6,0.0
487,DE_Battery,2030,1,7,7,0.0
488,DE_Battery,2030,1,8,8,0.0
489,DE_Battery,2030,1,9,9,0.0
490,DE_Battery,2030,1,10,10,0.0
491,DE_Battery,2030,1,11,11,0.0
492,DE_Battery,2030,1,12,12,0.0
493,DE_Battery,2030,1,13,13,0.0
494,DE_Battery,2030,1,14,14,0.0
495,DE_Battery,2030,1,15,15,0.0
496,DE_Battery,2030,1,16,16,0.0
497,DE_Battery,2030,1,17,17,0.0
498,DE_Battery,2030,1,18,18,0.0
499,DE_Battery,2030,1,19,19,0.0
500,DE_Battery,2030,1,20,20,0.0
501,DE_Battery,2030,1,21,21,0.0
502,DE_Battery,2030,1,22,22,0.0
503,DE_Battery,2030,1,23,23,0.0
504,DE_Battery,2030,1,24,24,0.0
505,DE_Battery,2030,2,1,1,-4.440892098500626e-16
506,DE_Battery,2030,2,2,2,0.0
507,DE_Battery,2030,2,3,3,0.0
508,DE_Battery,2030,2,4,4,0.0
509,DE_Battery,2030,2,5,5,0.0
510,DE_Battery,2030,2,6,6,0.0
511,DE_Battery,2030,2,7,7,0.0
512,DE_Battery,2030,2,8,8,0.0
513,DE_Battery,2030,2,9,9,0.0
514,DE_Battery,2030,2,10,10,0.0
515,DE_Battery,2030,2,11,11,0.0
516,DE_Battery,2030,2,12,12,0.0
517,DE_Battery,2030,2,13,13,0.0
518,DE_Battery,2030,2,14,14,0.0
519,DE_Battery,2030,2,15,15,0.0
520,DE_Battery,2030,2,16,16,0.0
521,DE_Battery,2030,2,17,17,0.0
522,DE_Battery,2030,2,18,18,0.0
523,DE_Battery,2030,2,19,19,0.0
524,DE_Battery,2030,2,20,20,0.0
525,DE_Battery,2030,2,21,21,0.0
526,DE_Battery,2030,2,22,22,0.0
527,DE_Battery,2030,2,23,23,0.0
528,DE_Battery,2030,2,24,24,0.0
529,DE_Battery,2030,3,1,1,0.0
530,DE_Battery,2030,3,2,2,0.0
531,DE_Battery,2030,3,3,3,0.0
532,DE_Battery,2030,3,4,4,0.0
533,DE_Battery,2030,3,5,5,0.0
534,DE_Battery,2030,3,6,6,0.0
535,DE_Battery,2030,3,7,7,0.0
536,DE_Battery,2030,3,8,8,0.0
537,DE_Battery,2030,3,9,9,0.0
538,DE_Battery,2030,3,10,10,0.0
539,DE_Battery,2030,3,11,11,0.0
540,DE_Battery,2030,3,12,12,0.0
541,DE_Battery,2030,3,13,13,0.0
542,DE_Battery,2030,3,14,14,0.0
543,DE_Battery,2030,3,15,15,0.0
544,DE_Battery,2030,3,16,16,0.0
545,DE_Battery,2030,3,17,17,0.0
546,DE_Battery,2030,3,18,18,0.0
547,DE_Battery,2030,3,19,19,0.0
548,DE_Battery,2030,3,20,20,0.0
549,DE_Battery,2030,3,21,21,0.0
550,DE_Battery,2030,3,22,22,0.0
551,DE_Battery,2030,3,23,23,0.0
552,DE_Battery,2030,3,24,24,0.0
553,DE_Battery,2030,4,1,1,0.0
554,DE_Battery,2030,4,2,2,0.0
555,DE_Battery,2030,4,3,3,0.0
556,DE_Battery,2030,4,4,4,0.0
557,DE_Battery,2030,4,5,5,0.0
558,DE_Battery,2030,4,6,6,0.0
559,DE_Battery,2030,4,7,7,0.0
560,DE_Battery,2030,4,8,8,0.0
561,DE_Battery,2030,4,9,9,0.0
562,DE_Battery,2030,4,10,10,0.0
563,DE_Battery,2030,4,11,11,0.0
564,DE_Battery,2030,4,12,12,0.0
565,DE_Battery,2030,4,13,13,0.0
566,DE_Battery,2030,4,14,14,0.0
567,DE_Battery,2030,4,15,15,0.0
568,DE_Battery,2030,4,16,16,0.0
569,DE_Battery,2030,4,17,17,0.0
570,DE_Battery,2030,4,18,18,0.0
571,DE_Battery,2030,4,19,19,0.0
572,DE_Battery,2030,4,20,20,0.0
573,DE_Battery,2030,4,21,21,0.0
574,DE_Battery,2030,4,22,22,0.0
575,DE_Battery,2030,4,23,23,0.0
576,DE_Battery,2030,4,24,24,0.0
577,DE_Battery,2030,5,1,1,0.0
578,DE_Battery,2030,5,2,2,0.0
579,DE_Battery,2030,5,3,3,0.0
580,DE_Battery,2030,5,4,4,0.0
581,DE_Battery,2030,5,5,5,0.0
582,DE_Battery,2030,5,6,6,0.0
583,DE_Battery,2030,5,7,7,0.0
584,DE_Battery,2030,5,8,8,0.0
585,DE_Battery,2030,5,9,9,0.0
586,DE_Battery,2030,5,10,10,0.0
587,DE_Battery,2030,5,11,11,0.0
588,DE_Battery,2030,5,12,12,0.0
589,DE_Battery,2030,5,13,13,0.0
590,DE_Battery,2030,5,14,14,0.0
591,DE_Battery,2030,5,15,15,0.0
592,DE_Battery,2030,5,16,16,0.0
593,DE_Battery,2030,5,17,17,0.0
594,DE_Battery,2030,5,18,18,0.0
595,DE_Battery,2030,5,19,19,0.0
596,DE_Battery,2030,5,20,20,0.0
597,DE_Battery,2030,5,21,21,0.0
598,DE_Battery,2030,5,22,22,0.0
599,DE_Battery,2030,5,23,23,0.0
600,DE_Battery,2030,5,24,24,0.0
601,DE_Battery,2030,6,1,1,0.0
602,DE_Battery,2030,6,2,2,0.0
603,DE_Battery,2030,6,3,3,0.0
604,DE_Battery,2030,6,4,4,0.0
605,DE_Battery,2030,6,5,5,0.0
606,DE_Battery,2030,6,6,6,0.0
607,DE_Battery,2030,6,7,7,0.0
608,DE_Battery,2030,6,8,8,0.0
609,DE_Battery,2030,6,9,9,0.0
610,DE_Battery,2030,6,10,10,0.0
611,DE_Battery,2030,6,11,11,0.0
612,DE_Battery,2030,6,12,12,0.0
613,DE_Battery,2030,6,13,13,0.0
614,DE_Battery,2030,6,14,14,0.0
615,DE_Battery,2030,6,15,15,0.0
616,DE_Battery,2030,6,16,16,0.0
617,DE_Battery,2030,6,17,17,0.0
618,DE_Battery,2030,6,18,18,0.0
619,DE_Battery,2030,6,19,19,0.0
620,DE_Battery,2030,6,20,20,0.0
621,DE_Battery,2030,6,21,21,0.0
622,DE_Battery,2030,6,22,22,0.0
623,DE_Battery,2030,6,23,23,0.0
624,DE_Battery,2030,6,24,24,0.0
625,DE_Battery,2030,7,1,1,0.0
626,DE_Battery,2030,7,2,2,0.0
627,DE_Battery,2030,7,3,3,0.0
628,DE_Battery,2030,7,4,4,0.0
629,DE_Battery,2030,7,5,5,0.0
630,DE_Battery,2030,7,6,6,0.0
631,DE_Battery,2030,7,7,7,0.0
632,DE_Battery,2030,7,8,8,0.0
633,DE_Battery,2030,7,9,9,0.0
634,DE_Battery,2030,7,10,10,0.0
635,DE_Battery,2030,7,11,11,0.0
636,DE_Battery,2030,7,12,12,0.0
637,DE_Battery,2030,7,13,13,0.0
638,DE_Battery,2030,7,14,14,0.0
639,DE_Battery,2030,7,15,15,0.0
640,DE_Battery,2030,7,16,16,0.0
641,DE_Battery,2030,7,17,17,0.0
642,DE_Battery,2030,7,18,18,0.0
643,DE_Battery,2030,7,19,19,0.0
644,DE_Battery,2030,7,20,20,0.0
645,DE_Battery,2030,7,21,21,0.0
646,DE_Battery,2030,7,22,22,0.0
647,DE_Battery,2030,7,23,23,0.0
648,DE_Battery,2030,7,24,24,0.0
649,DE_Battery,2030,8,1,1,0.0
650,DE_Battery,2030,8,2,2,0.0
651,DE_Battery,2030,8,3,3,0.0
652,DE_Battery,2030,8,4,4,0.0
653,DE_Battery,2030,8,5,5,0.0
654,DE_Battery,2030,8,6,6,0.0
655,DE_Battery,2030,8,7,7,0.0
656,DE_Battery,2030,8,8,8,0.0
657,DE_Battery,2030,8,9,9,0.0
658,DE_Battery,2030,8,10,10,0.0
659,DE_Battery,2030,8,11,11,0.0
660,DE_Battery,2030,8,12,12,0.0
661,DE_Battery,2030,8,13,13,0.0
662,DE_Battery,2030,8,14,14,0.0
663,DE_Battery,2030,8,15,15,0.0
664,DE_Battery,2030,8,16,16,0.0
665,DE_Battery,2030,8,17,17,0.0
666,DE_Battery,2030,8,18,18,0.0
667,DE_Battery,2030,8,19,19,0.0
668,DE_Battery,2030,8,20,20,0.0
669,DE_Battery,2030,8,21,21,0.0
670,DE_Battery,2030,8,22,22,0.0
671,DE_Battery,2030,8,23,23,0.0
672,DE_Battery,2030,8,24,24,0.0
673,DE_Battery,2030,9,1,1,0.0
674,DE_Battery,2030,9,2,2,0.0
675,DE_Battery,2030,9,3,3,0.0
676,DE_Battery,2030,9,4,4,0.0
677,DE_Battery,2030,9,5,5,0.0
678,DE_Battery,2030,9,6,6,0.0
679,DE_Battery,2030,9,7,7,0.0
680,DE_Battery,2030,9,8,8,0.0
681,DE_Battery,2030,9,9,9,0.0
682,DE_Battery,2030,9,10,10,0.0
683,DE_Battery,2030,9,11,11,0.0
684,DE_Battery,2030,9,12,12,0.0
685,DE_Battery,2030,9,13,13,0.0
686,DE_Battery,2030,9,14,14,0.0
687,DE_Battery,2030,9,15,15,0.0
688,DE_Battery,2030,9,16,16,0.0
689,DE_Battery,2030,9,17,17,0.0
690,DE_Battery,2030,9,18,18,0.0
691,DE_Battery,2030,9,19,19,0.0
692,DE_Battery,2030,9,20,20,0.0
693,DE_Battery,2030,9,21,21,0.0
694,DE_Battery,2030,9,22,22,0.0
695,DE_Battery,2030,9,23,23,0.0
696,DE_Battery,2030,9,24,24,0.0
697,DE_Battery,2030,10,1,1,0.0
698,DE_Battery,2030,10,2,2,0.0
699,DE_Battery,2030,10,3,3,0.0
700,DE_Battery,2030,10,4,4,0.0
701,DE_Battery,2030,10,5,5,0.0
702,DE_Battery,2030,10,6,6,0.0
703,DE_Battery,2030,10,7,7,0.0
704,DE_Battery,2030,10,8,8,0.0
705,DE_Battery,2030,10,9,9,0.0
706,DE_Battery,2030,10,10,10,0.0
707,DE_Battery,2030,10,11,11,0.0
708,DE_Battery,2030,10,12,12,0.0
709,DE_Battery,2030,10,13,13,0.0
710,DE_Battery,2030,10,14,14,0.0
711,DE_Battery,2030,10,15,15,0.0
712,DE_Battery,2030,10,16,16,0.0
713,DE_Battery,2030,10,17,17,0.0
714,DE_Battery,2030,10,18,18,0.0
715,DE_Battery,2030,10,19,19,0.0
716,DE_Battery,2030,10,20,20,0.0
717,DE_Battery,2030,10,21,21,0.0
718,DE_Battery,2030,10,22,22,0.0
719,DE_Battery,2030,10,23,23,0.0
720,DE_Battery,2030,10,24,24,0.0
721,FR_Battery,2030,1,1,1,0.0
722,FR_Battery,2030,1,2,2,0.0
723,FR_Battery,2030,1,3,3,0.0
724,FR_Battery,2030,1,4,4,0.0
725,FR_Battery,2030,1,5,5,0.0
726,FR_Battery,2030,1,6,6,0.0
727,FR_Battery,2030,1,7,7,0.0
728,FR_Battery,2030,1,8,8,0.0
729,FR_Battery,2030,1,9,9,0.0
730,FR_Battery,2030,1,10,10,0.0
731,FR_Battery,2030,1,11,11,0.0
732,FR_Battery,2030,1,12,12,0.0
733,FR_Battery,2030,1,13,13,0.0
734,FR_Battery,2030,1,14,14,0.0
735,FR_Battery,2030,1,15,15,0.0
736,FR_Battery,2030,1,16,16,0.0
737,FR_Battery,2030,1,17,17,0.0
738,FR_Battery,2030,1,18,18,0.0
739,FR_Battery,2030,1,19,19,0.0
740,FR_Battery,2030,1,20,20,0.0
741,FR_Battery,2030,1,21,21,0.0
742,FR_Battery,2030,1,22,22,0.0
743,FR_Battery,2030,1,23,23,0.0
744,FR_Battery,2030,1,24,24,0.0
745,FR_Battery,2030,2,1,1,0.0
746,FR_Battery,2030,2,2,2,0.0
747,FR_Battery,2030,2,3,3,0.0
748,FR_Battery,2030,2,4,4,0.0
749,FR_Battery,2030,2,5,5,0.0
750,FR_Battery,2030,2,6,6,0.0
751,FR_Battery,2030,2,7,7,0.0
752,FR_Battery,2030,2,8,8,0.0
753,FR_Battery,2030,2,9,9,0.0
754,FR_Battery,2030,2,10,10,0.0
755,FR_Battery,2030,2,11,11,0.0
756,FR_Battery,2030,2,12,12,0.0
757,FR_Battery,2030,2,13,13,0.0
758,FR_Battery,2030,2,14,14,0.0
759,FR_Battery,2030,2,15,15,0.0
760,FR_Battery,2030,2,16,16,0.0
761,FR_Battery,2030,2,17,17,0.0
762,FR_Battery,2030,2,18,18,0.0
763,FR_Battery,2030,2,19,19,0.0
764,FR_Battery,2030,2,20,20,0.0
765,FR_Battery,2030,2,21,21,0.0
766,FR_Battery,2030,2,22,22,0.0
767,FR_Battery,2030,2,23,23,0.0
768,FR_Battery,2030,2,24,24,0.0
769,FR_Battery,2030,3,1,1,0.0
770,FR_Battery,2030,3,2,2,0.0
771,FR_Battery,2030,3,3,3,0.0
772,FR_Battery,2030,3,4,4,0.0
773,FR_Battery,2030,3,5,5,0.0
774,FR_Battery,2030,3,6,6,0.0
775,FR_Battery,2030,3,7,7,0.0
776,FR_Battery,2030,3,8,8,0.0
777,FR_Battery,2030,3,9,9,0.0
778,FR_Battery,2030,3,10,10,0.0
779,FR_Battery,2030,3,11,11,0.0
780,FR_Battery,2030,3,12,12,0.0
781,FR_Battery,2030,3,13,13,0.0
782,FR_Battery,2030,3,14,14,0.0
783,FR_Battery,2030,3,15,15,0.0
784,FR_Battery,2030,3,16,16,0.0
785,FR_Battery,2030,3,17,17,0.0
786,FR_Battery,2030,3,18,18,0.0
787,FR_Battery,2030,3,19,19,0.0
788,FR_Battery,2030,3,20,20,0.0
789,FR_Battery,2030,3,21,21,0.0
790,FR_Battery,2030,3,22,22,0.0
791,FR_Battery,2030,3,23,23,0.0
792,FR_Battery,2030,3,24,24,0.0
793,FR_Battery,2030,4,1,1,0.0
794,FR_Battery,2030,4,2,2,0.0
795,FR_Battery,2030,4,3,3,0.0
796,FR_Battery,2030,4,4,4,0.0
797,FR_Battery,2030,4,5,5,0.0
798,FR_Battery,2030,4,6,6,0.0
799,FR_Battery,2030,4,7,7,0.0
800,FR_Battery,2030,4,8,8,0.0
801,FR_Battery,2030,4,9,9,0.0
802,FR_Battery,2030,4,10,10,0.0
803,FR_Battery,2030,4,11,11,0.0
804,FR_Battery,2030,4,12,12,0.0
805,FR_Battery,2030,4,13,13,0.0
806,FR_Battery,2030,4,14,14,0.0
807,FR_Battery,2030,4,15,15,0.0
808,FR_Battery,2030,4,16,16,0.0
809,FR_Battery,2030,4,17,17,0.0
810,FR_Battery,2030,4,18,18,0.0
811,FR_Battery,2030,4,19,19,0.0
812,FR_Battery,2030,4,20,20,0.0
813,FR_Battery,2030,4,21,21,0.0
814,FR_Battery,2030,4,22,22,0.0
815,FR_Battery,2030,4,23,23,0.0
816,FR_Battery,2030,4,24,24,0.0
817,FR_Battery,2030,5,1,1,0.0
818,FR_Battery,2030,5,2,2,0.0
819,FR_Battery,2030,5,3,3,0.0
820,FR_Battery,2030,5,4,4,0.0
821,FR_Battery,2030,5,5,5,0.0
822,FR_Battery,2030,5,6,6,0.0
823,FR_Battery,2030,5,7,7,0.0
824,FR_Battery,2030,5,8,8,0.0
825,FR_Battery,2030,5,9,9,0.0
826,FR_Battery,2030,5,10,10,0.0
827,FR_Battery,2030,5,11,11,0.0
828,FR_Battery,2030,5,12,12,0.0
829,FR_Battery,2030,5,13,13,0.0
830,FR_Battery,2030,5,14,14,0.0
831,FR_Battery,2030,5,15,15,0.0
832,FR_Battery,2030,5,16,16,0.0
833,FR_Battery,2030,5,17,17,0.0
834,FR_Battery,2030,5,18,18,0.0
835,FR_Battery,2030,5,19,19,0.0
836,FR_Battery,2030,5,20,20,0.0
837,FR_Battery,2030,5,21,21,0.0
838,FR_Battery,2030,5,22,22,0.0
839,FR_Battery,2030,5,23,23,0.0
840,FR_Battery,2030,5,24,24,0.0
841,FR_Battery,2030,6,1,1,0.0
842,FR_Battery,2030,6,2,2,0.0
843,FR_Battery,2030,6,3,3,0.0
844,FR_Battery,2030,6,4,4,0.0
845,FR_Battery,2030,6,5,5,0.0
846,FR_Battery,2030,6,6,6,0.0
847,FR_Battery,2030,6,7,7,0.0
848,FR_Battery,2030,6,8,8,0.0
849,FR_Battery,2030,6,9,9,0.0
850,FR_Battery,2030,6,10,10,0.0
851,FR_Battery,2030,6,11,11,0.0
852,FR_Battery,2030,6,12,12,0.0
853,FR_Battery,2030,6,13,13,0.0
854,FR_Battery,2030,6,14,14,0.0
855,FR_Battery,2030,6,15,15,0.0
856,FR_Battery,2030,6,16,16,0.0
857,FR_Battery,2030,6,17,17,0.0
858,FR_Battery,2030,6,18,18,0.0
859,FR_Battery,2030,6,19,19,0.0
860,FR_Battery,2030,6,20,20,0.0
861,FR_Battery,2030,6,21,21,0.0
862,FR_Battery,2030,6,22,22,0.0
863,FR_Battery,2030,6,23,23,0.0
864,FR_Battery,2030,6,24,24,0.0
865,FR_Battery,2030,7,1,1,0.0
866,FR_Battery,2030,7,2,2,0.0
867,FR_Battery,2030,7,3,3,0.0
868,FR_Battery,2030,7,4,4,0.0
869,FR_Battery,2030,7,5,5,0.0
870,FR_Battery,2030,7,6,6,0.0
871,FR_Battery,2030,7,7,7,0.0
872,FR_Battery,2030,7,8,8,0.0
873,FR_Battery,2030,7,9,9,0.0
874,FR_Battery,2030,7,10,10,0.0
875,FR_Battery,2030,7,11,11,0.0
876,FR_Battery,2030,7,12,12,0.0
877,FR_Battery,2030,7,13,13,0.0
878,FR_Battery,2030,7,14,14,0.0
879,FR_Battery,2030,7,15,15,0.0
880,FR_Battery,2030,7,16,16,0.0
881,FR_Battery,2030,7,17,17,0.0
882,FR_Battery,2030,7,18,18,0.0
883,FR_Battery,2030,7,19,19,0.0
884,FR_Battery,2030,7,20,20,0.0
885,FR_Battery,2030,7,21,21,0.0
886,FR_Battery,2030,7,22,22,0.0
887,FR_Battery,2030,7,23,23,0.0
888,FR_Battery,2030,7,24,24,0.0
889,FR_Battery,2030,8,1,1,0.0
890,FR_Battery,2030,8,2,2,0.0
891,FR_Battery,2030,8,3,3,0.0
892,FR_Battery,2030,8,4,4,0.0
893,FR_Battery,2030,8,5,5,0.0
894,FR_Battery,2030,8,6,6,0.0
895,FR_Battery,2030,8,7,7,0.0
896,FR_Battery,2030,8,8,8,0.0
897,FR_Battery,2030,8,9,9,0.0
898,FR_Battery,2030,8,10,10,0.0
899,FR_Battery,2030,8,11,11,0.0
900,FR_Battery,2030,8,12,12,0.0
901,FR_Battery,2030,8,13,13,0.0
902,FR_Battery,2030,8,14,14,0.0
903,FR_Battery,2030,8,15,15,0.0
904,FR_Battery,2030,8,16,16,0.0
905,FR_Battery,2030,8,17,17,0.0
906,FR_Battery,2030,8,18,18,0.0
907,FR_Battery,2030,8,19,19,0.0
908,FR_Battery,2030,8,20,20,0.0
909,FR_Battery,2030,8,21,21,0.0
910,FR_Battery,2030,8,22,22,0.0
911,FR_Battery,2030,8,23,23,0.0
912,FR_Battery,2030,8,24,24,0.0
913,FR_Battery,2030,9,1,1,0.0
914,FR_Battery,2030,9,2,2,0.0
915,FR_Battery,2030,9,3,3,0.0
916,FR_Battery,2030,9,4,4,0.0
917,FR_Battery,2030,9,5,5,0.0
918,FR_Battery,2030,9,6,6,0.0
919,FR_Battery,2030,9,7,7,0.0
920,FR_Battery,2030,9,8,8,0.0
921,FR_Battery,2030,9,9,9,0.0
922,FR_Battery,2030,9,10,10,0.0
923,FR_Battery,2030,9,11,11,0.0
924,FR_Battery,2030,9,12,12,0.0
925,FR_Battery,2030,9,13,13,0.0
926,FR_Battery,2030,9,14,14,0.0
927,FR_Battery,2030,9,15,15,0.0
928,FR_Battery,2030,9,16,16,0.0
929,FR_Battery,2030,9,17,17,0.0
930,FR_Battery,2030,9,18,18,0.0
931,FR_Battery,2030,9,19,19,0.0
932,FR_Battery,2030,9,20,20,0.0
933,FR_Battery,2030,9,21,21,0.0
934,FR_Battery,2030,9,22,22,0.0
935,FR_Battery,2030,9,23,23,0.0
936,FR_Battery,2030,9,24,24,0.0
937,FR_Battery,2030,10,1,1,0.0
938,FR_Battery,2030,10,2,2,0.0
939,FR_Battery,2030,10,3,3,0.0
940,FR_Battery,2030,10,4,4,0.0
941,FR_Battery,2030,10,5,5,0.0
942,FR_Battery,2030,10,6,6,0.0
943,FR_Battery,2030,10,7,7,0.0
944,FR_Battery,2030,10,8,8,0.0
945,FR_Battery,2030,10,9,9,0.0
946,FR_Battery,2030,10,10,10,0.0
947,FR_Battery,2030,10,11,11,0.0
948,FR_Battery,2030,10,12,12,0.0
949,FR_Battery,2030,10,13,13,0.0
950,FR_Battery,2030,10,14,14,0.0
951,FR_Battery,2030,10,15,15,0.0
952,FR_Battery,2030,10,16,16,0.0
953,FR_Battery,2030,10,17,17,0.0
954,FR_Battery,2030,10,18,18,0.0
955,FR_Battery,2030,10,19,19,0.0
956,FR_Battery,2030,10,20,20,0.0
957,FR_Battery,2030,10,21,21,0.0
958,FR_Battery,2030,10,22,22,0.0
959,FR_Battery,2030,10,23,23,0.0
960,FR_Battery,2030,10,24,24,0.0
961,LU_Battery,2030,1,1,1,0.0
962,LU_Battery,2030,1,2,2,0.0
963,LU_Battery,2030,1,3,3,0.0
964,LU_Battery,2030,1,4,4,0.0
965,LU_Battery,2030,1,5,5,0.0
966,LU_Battery,2030,1,6,6,0.0
967,LU_Battery,2030,1,7,7,0.0
968,LU_Battery,2030,1,8,8,0.0
969,LU_Battery,2030,1,9,9,0.0
970,LU_Battery,2030,1,10,10,0.0
971,LU_Battery,2030,1,11,11,0.0
972,LU_Battery,2030,1,12,12,0.0
973,LU_Battery,2030,1,13,13,0.0
974,LU_Battery,2030,1,14,14,0.0
975,LU_Battery,2030,1,15,15,0.0
976,LU_Battery,2030,1,16,16,0.0
977,LU_Battery,2030,1,17,17,0.0
978,LU_Battery,2030,1,18,18,0.0
979,LU_Battery,2030,1,19,19,0.0
980,LU_Battery,2030,1,20,20,0.0
981,LU_Battery,2030,1,21,21,0.0
982,LU_Battery,2030,1,22,22,0.0
983,LU_Battery,2030,1,23,23,0.0
984,LU_Battery,2030,1,24,24,0.0
985,LU_Battery,2030,2,1,1,0.0
986,LU_Battery,2030,2,2,2,0.0
987,LU_Battery,2030,2,3,3,0.0
988,LU_Battery,2030,2,4,4,0.0
989,LU_Battery,2030,2,5,5,0.0
990,LU_Battery,2030,2,6,6,0.0
991,LU_Battery,2030,2,7,7,0.0
992,LU_Battery,2030,2,8,8,0.0
993,LU_Battery,2030,2,9,9,0.0
994,LU_Battery,2030,2,10,10,0.0
995,LU_Battery,2030,2,11,11,0.0
996,LU_Battery,2030,2,12,12,0.0
997,LU_Battery,2030,2,13,13,0.0
998,LU_Battery,2030,2,14,14,0.0
999,LU_Battery,2030,2,15,15,0.0
1000,LU_Battery,2030,2,16,16,0.0
1001,LU_Battery,2030,2,17,17,0.0
1002,LU_Battery,2030,2,18,18,0.0
1003,LU_Battery,2030,2,19,19,0.0
1004,LU_Battery,2030,2,20,20,0.0
1005,LU_Battery,2030,2,21,21,0.0
1006,LU_Battery,2030,2,22,22,0.0
1007,LU_Battery,2030,2,23,23,0.0
1008,LU_Battery,2030,2,24,24,0.0
1009,LU_Battery,2030,3,1,1,0.0
1010,LU_Battery,2030,3,2,2,0.0
1011,LU_Battery,2030,3,3,3,0.0
1012,LU_Battery,2030,3,4,4,0.0
1013,LU_Battery,2030,3,5,5,0.0
1014,LU_Battery,2030,3,6,6,0.0
1015,LU_Battery,2030,3,7,7,0.0
1016,LU_Battery,2030,3,8,8,0.0
1017,LU_Battery,2030,3,9,9,0.0
1018,LU_Battery,2030,3,10,10,0.0
1019,LU_Battery,2030,3,11,11,0.0
1020,LU_Battery,2030,3,12,12,0.0
1021,LU_Battery,2030,3,13,13,0.0
1022,LU_Battery,2030,3,14,14,0.0
1023,LU_Battery,2030,3,15,15,0.0
1024,LU_Battery,2030,3,16,16,0.0
1025,LU_Battery,2030,3,17,17,0.0
1026,LU_Battery,2030,3,18,18,0.0
1027,LU_Battery,2030,3,19,19,0.0
1028,LU_Battery,2030,3,20,20,0.0
1029,LU_Battery,2030,3,21,21,0.0
1030,LU_Battery,2030,3,22,22,0.0
1031,LU_Battery,2030,3,23,23,0.0
1032,LU_Battery,2030,3,24,24,0.0
1033,LU_Battery,2030,4,1,1,0.0
1034,LU_Battery,2030,4,2,2,0.0
1035,LU_Battery,2030,4,3,3,0.0
1036,LU_Battery,2030,4,4,4,0.0
1037,LU_Battery,2030,4,5,5,0.0
1038,LU_Battery,2030,4,6,6,0.0
1039,LU_Battery,2030,4,7,7,0.0
1040,LU_Battery,2030,4,8,8,0.0
1041,LU_Battery,2030,4,9,9,0.0
1042,LU_Battery,2030,4,10,10,0.0
1043,LU_Battery,2030,4,11,11,0.0
1044,LU_Battery,2030,4,12,12,0.0
1045,LU_Battery,2030,4,13,13,0.0
1046,LU_Battery,2030,4,14,14,0.0
1047,LU_Battery,2030,4,15,15,0.0
1048,LU_Battery,2030,4,16,16,0.0
1049,LU_Battery,2030,4,17,17,0.0
1050,LU_Battery,2030,4,18,18,0.0
1051,LU_Battery,2030,4,19,19,0.0
1052,LU_Battery,2030,4,20,20,0.0
1053,LU_Battery,2030,4,21,21,0.0
1054,LU_Battery,2030,4,22,22,0.0
1055,LU_Battery,2030,4,23,23,0.0
1056,LU_Battery,2030,4,24,24,0.0
1057,LU_Battery,2030,5,1,1,0.0
1058,LU_Battery,2030,5,2,2,0.0
1059,LU_Battery,2030,5,3,3,0.0
1060,LU_Battery,2030,5,4,4,0.0
1061,LU_Battery,2030,5,5,5,0.0
1062,LU_Battery,2030,5,6,6,0.0
1063,LU_Battery,2030,5,7,7,0.0
1064,LU_Battery,2030,5,8,8,0.0
1065,LU_Battery,2030,5,9,9,0.0
1066,LU_Battery,2030,5,10,10,0.0
1067,LU_Battery,2030,5,11,11,0.0
1068,LU_Battery,2030,5,12,12,0.0
1069,LU_Battery,2030,5,13,13,0.0
1070,LU_Battery,2030,5,14,14,0.0
1071,LU_Battery,2030,5,15,15,0.0
1072,LU_Battery,2030,5,16,16,0.0
1073,LU_Battery,2030,5,17,17,0.0
1074,LU_Battery,2030,5,18,18,0.0
1075,LU_Battery,2030,5,19,19,0.0
1076,LU_Battery,2030,5,20,20,0.0
1077,LU_Battery,2030,5,21,21,0.0
1078,LU_Battery,2030,5,22,22,0.0
1079,LU_Battery,2030,5,23,23,0.0
1080,LU_Battery,2030,5,24,24,0.0
1081,LU_Battery,2030,6,1,1,0.0
1082,LU_Battery,2030,6,2,2,0.0
1083,LU_Battery,2030,6,3,3,0.0
1084,LU_Battery,2030,6,4,4,0.0
1085,LU_Battery,2030,6,5,5,0.0
1086,LU_Battery,2030,6,6,6,0.0
1087,LU_Battery,2030,6,7,7,0.0
1088,LU_Battery,2030,6,8,8,0.0
1089,LU_Battery,2030,6,9,9,0.0
1090,LU_Battery,2030,6,10,10,0.0
1091,LU_Battery,2030,6,11,11,0.0
1092,LU_Battery,2030,6,12,12,0.0
1093,LU_Battery,2030,6,13,13,0.0
1094,LU_Battery,2030,6,14,14,0.0
1095,LU_Battery,2030,6,15,15,0.0
1096,LU_Battery,2030,6,16,16,0.0
1097,LU_Battery,2030,6,17,17,0.0
1098,LU_Battery,2030,6,18,18,0.0
1099,LU_Battery,2030,6,19,19,0.0
1100,LU_Battery,2030,6,20,20,0.0
1101,LU_Battery,2030,6,21,21,0.0
1102,LU_Battery,2030,6,22,22,0.0
1103,LU_Battery,2030,6,23,23,0.0
1104,LU_Battery,2030,6,24,24,0.0
1105,LU_Battery,2030,7,1,1,0.0
1106,LU_Battery,2030,7,2,2,0.0
1107,LU_Battery,2030,7,3,3,0.0
1108,LU_Battery,2030,7,4,4,0.0
1109,LU_Battery,2030,7,5,5,0.0
1110,LU_Battery,2030,7,6,6,0.0
1111,LU_Battery,2030,7,7,7,0.0
1112,LU_Battery,2030,7,8,8,0.0
1113,LU_Battery,2030,7,9,9,0.0
1114,LU_Battery,2030,7,10,10,0.0
1115,LU_Battery,2030,7,11,11,0.0
1116,LU_Battery,2030,7,12,12,0.0
1117,LU_Battery,2030,7,13,13,0.0
1118,LU_Battery,2030,7,14,14,0.0
1119,LU_Battery,2030,7,15,15,0.0
1120,LU_Battery,2030,7,16,16,0.0
1121,LU_Battery,2030,7,17,17,0.0
1122,LU_Battery,2030,7,18,18,0.0
1123,LU_Battery,2030,7,19,19,0.0
1124,LU_Battery,2030,7,20,20,0.0
1125,LU_Battery,2030,7,21,21,0.0
1126,LU_Battery,2030,7,22,22,0.0
1127,LU_Battery,2030,7,23,23,0.0
1128,LU_Battery,2030,7,24,24,0.0
1129,LU_Battery,2030,8,1,1,0.0
1130,LU_Battery,2030,8,2,2,0.0
1131,LU_Battery,2030,8,3,3,0.0
1132,LU_Battery,2030,8,4,4,0.0
1133,LU_Battery,2030,8,5,5,0.0
1134,LU_Battery,2030,8,6,6,0.0
1135,LU_Battery,2030,8,7,7,0.0
1136,LU_Battery,2030,8,8,8,0.0
1137,LU_Battery,2030,8,9,9,0.0
1138,LU_Battery,2030,8,10,10,0.0
1139,LU_Battery,2030,8,11,11,0.0
1140,LU_Battery,2030,8,12,12,0.0
1141,LU_Battery,2030,8,13,13,0.0
1142,LU_Battery,2030,8,14,14,0.0
1143,LU_Battery,2030,8,15,15,0.0
1144,LU_Battery,2030,8,16,16,0.0
1145,LU_Battery,2030,8,17,17,0.0
1146,LU_Battery,2030,8,18,18,0.0
1147,LU_Battery,2030,8,19,19,0.0
1148,LU_Battery,2030,8,20,20,0.0
1149,LU_Battery,2030,8,21,21,0.0
1150,LU_Battery,2030,8,22,22,0.0
1151,LU_Battery,2030,8,23,23,0.0
1152,LU_Battery,2030,8,24,24,0.0
1153,LU_Battery,2030,9,1,1,0.0
1154,LU_Battery,2030,9,2,2,0.0
1155,LU_Battery,2030,9,3,3,0.0
1156,LU_Battery,2030,9,4,4,0.0
1157,LU_Battery,2030,9,5,5,0.0
1158,LU_Battery,2030,9,6,6,0.0
1159,LU_Battery,2030,9,7,7,0.0
1160,LU_Battery,2030,9,8,8,0.0
1161,LU_Battery,2030,9,9,9,0.0
1162,LU_Battery,2030,9,10,10,0.0
1163,LU_Battery,2030,9,11,11,0.0
1164,LU_Battery,2030,9,12,12,0.0
1165,LU_Battery,2030,9,13,13,0.0
1166,LU_Battery,2030,9,14,14,0.0
1167,LU_Battery,2030,9,15,15,0.0
1168,LU_Battery,2030,9,16,16,0.0
1169,LU_Battery,2030,9,17,17,0.0
1170,LU_Battery,2030,9,18,18,0.0
1171,LU_Battery,2030,9,19,19,0.0
1172,LU_Battery,2030,9,20,20,0.0
1173,LU_Battery,2030,9,21,21,0.0
1174,LU_Battery,2030,9,22,22,0.0
1175,LU_Battery,2030,9,23,23,0.0
1176,LU_Battery,2030,9,24,24,0.0
1177,LU_Battery,2030,10,1,1,0.0
1178,LU_Battery,2030,10,2,2,0.0
1179,LU_Battery,2030,10,3,3,0.0
1180,LU_Battery,2030,10,4,4,0.0
1181,LU_Battery,2030,10,5,5,0.0
1182,LU_Battery,2030,10,6,6,0.0
1183,LU_Battery,2030,10,7,7,0.0
1184,LU_Battery,2030,10,8,8,0.0
1185,LU_Battery,2030,10,9,9,0.0
1186,LU_Battery,2030,10,10,10,0.0
1187,LU_Battery,2030,10,11,11,0.0
1188,LU_Battery,2030,10,12,12,0.0
1189,LU_Battery,2030,10,13,13,0.0
1190,LU_Battery,2030,10,14,14,0.0
1191,LU_Battery,2030,10,15,15,0.0
1192,LU_Battery,2030,10,16,16,0.0
1193,LU_Battery,2030,10,17,17,0.0
1194,LU_Battery,2030,10,18,18,0.0
1195,LU_Battery,2030,10,19,19,0.0
1196,LU_Battery,2030,10,20,20,0.0
1197,LU_Battery,2030,10,21,21,0.0
1198,LU_Battery,2030,10,22,22,0.0
1199,LU_Battery,2030,10,23,23,0.0
1200,LU_Battery,2030,10,24,24,0.0
1201,NL_Battery,2030,1,1,1,0.0
1202,NL_Battery,2030,1,2,2,0.0
1203,NL_Battery,2030,1,3,3,0.0
1204,NL_Battery,2030,1,4,4,0.0
1205,NL_Battery,2030,1,5,5,0.0
1206,NL_Battery,2030,1,6,6,0.0
1207,NL_Battery,2030,1,7,7,0.0
1208,NL_Battery,2030,1,8,8,0.0
1209,NL_Battery,2030,1,9,9,0.0
1210,NL_Battery,2030,1,10,10,0.0
1211,NL_Battery,2030,1,11,11,0.0
1212,NL_Battery,2030,1,12,12,0.0
1213,NL_Battery,2030,1,13,13,0.0
1214,NL_Battery,2030,1,14,14,0.0
1215,NL_Battery,2030,1,15,15,0.0
1216,NL_Battery,2030,1,16,16,0.0
1217,NL_Battery,2030,1,17,17,0.0
1218,NL_Battery,2030,1,18,18,0.0
1219,NL_Battery,2030,1,19,19,0.0
1220,NL_Battery,2030,1,20,20,0.0
1221,NL_Battery,2030,1,21,21,0.0
1222,NL_Battery,2030,1,22,22,0.0
1223,NL_Battery,2030,1,23,23,0.0
1224,NL_Battery,2030,1,24,24,0.0
1225,NL_Battery,2030,2,1,1,0.0
1226,NL_Battery,2030,2,2,2,0.0
1227,NL_Battery,2030,2,3,3,0.0
1228,NL_Battery,2030,2,4,4,0.0
1229,NL_Battery,2030,2,5,5,0.0
1230,NL_Battery,2030,2,6,6,0.0
1231,NL_Battery,2030,2,7,7,0.0
1232,NL_Battery,2030,2,8,8,0.0
1233,NL_Battery,2030,2,9,9,0.0
1234,NL_Battery,2030,2,10,10,0.0
1235,NL_Battery,2030,2,11,11,0.0
1236,NL_Battery,2030,2,12,12,0.0
1237,NL_Battery,2030,2,13,13,0.0
1238,NL_Battery,2030,2,14,14,0.0
1239,NL_Battery,2030,2,15,15,0.0
1240,NL_Battery,2030,2,16,16,0.0
1241,NL_Battery,2030,2,17,17,0.0
1242,NL_Battery,2030,2,18,18,0.0
1243,NL_Battery,2030,2,19,19,0.0
1244,NL_Battery,2030,2,20,20,0.0
1245,NL_Battery,2030,2,21,21,0.0
1246,NL_Battery,2030,2,22,22,0.0
1247,NL_Battery,2030,2,23,23,0.0
1248,NL_Battery,2030,2,24,24,0.0
1249,NL_Battery,2030,3,1,1,0.0
1250,NL_Battery,2030,3,2,2,0.0
1251,NL_Battery,2030,3,3,3,0.0
1252,NL_Battery,2030,3,4,4,0.0
1253,NL_Battery,2030,3,5,5,0.0
1254,NL_Battery,2030,3,6,6,0.0
1255,NL_Battery,2030,3,7,7,0.0
1256,NL_Battery,2030,3,8,8,0.0
1257,NL_Battery,2030,3,9,9,0.0
1258,NL_Battery,2030,3,10,10,0.0
1259,NL_Battery,2030,3,11,11,0.0
1260,NL_Battery,2030,3,12,12,0.0
1261,NL_Battery,2030,3,13,13,0.0
1262,NL_Battery,2030,3,14,14,0.0
1263,NL_Battery,2030,3,15,15,0.0
1264,NL_Battery,2030,3,16,16,0.0
1265,NL_Battery,2030,3,17,17,0.0
1266,NL_Battery,2030,3,18,18,0.0
1267,NL_Battery,2030,3,19,19,0.0
1268,NL_Battery,2030,3,20,20,0.0
1269,NL_Battery,2030,3,21,21,0.0
1270,NL_Battery,2030,3,22,22,0.0
1271,NL_Battery,2030,3,23,23,0.0
1272,NL_Battery,2030,3,24,24,0.0
1273,NL_Battery,2030,4,1,1,0.0
1274,NL_Battery,2030,4,2,2,0.0
1275,NL_Battery,2030,4,3,3,0.0
1276,NL_Battery,2030,4,4,4,0.0
1277,NL_Battery,2030,4,5,5,0.0
1278,NL_Battery,2030,4,6,6,0.0
1279,NL_Battery,2030,4,7,7,0.0
1280,NL_Battery,2030,4,8,8,0.0
1281,NL_Battery,2030,4,9,9,0.0
1282,NL_Battery,2030,4,10,10,0.0
1283,NL_Battery,2030,4,11,11,0.0
1284,NL_Battery,2030,4,12,12,0.0
1285,NL_Battery,2030,4,13,13,0.0
1286,NL_Battery,2030,4,14,14,0.0
1287,NL_Battery,2030,4,15,15,0.0
1288,NL_Battery,2030,4,16,16,-0.36110000000000003
1289,NL_Battery,2030,4,17,17,0.0
1290,NL_Battery,2030,4,18,18,0.0
1291,NL_Battery,2030,4,19,19,0.0
1292,NL_Battery,2030,4,20,20,0.0
1293,NL_Battery,2030,4,21,21,0.0
1294,NL_Battery,2030,4,22,22,0.0
1295,NL_Battery,2030,4,23,23,0.0
1296,NL_Battery,2030,4,24,24,0.0
1297,NL_Battery,2030,5,1,1,0.0
1298,NL_Battery,2030,5,2,2,0.0
1299,NL_Battery,2030,5,3,3,0.0
1300,NL_Battery,2030,5,4,4,0.0
1301,NL_Battery,2030,5,5,5,0.0
1302,NL_Battery,2030,5,6,6,0.0
1303,NL_Battery,2030,5,7,7,0.0
1304,NL_Battery,2030,5,8,8,0.0
1305,NL_Battery,2030,5,9,9,0.0
1306,NL_Battery,2030,5,10,10,0.0
1307,NL_Battery,2030,5,11,11,0.0
1308,NL_Battery,2030,5,12,12,0.0
1309,NL_Battery,2030,5,13,13,0.0
1310,NL_Battery,2030,5,14,14,0.0
1311,NL_Battery,2030,5,15,15,0.0
1312,NL_Battery,2030,5,16,16,0.0
1313,NL_Battery,2030,5,17,17,0.0
1314,NL_Battery,2030,5,18,18,0.0
1315,NL_Battery,2030,5,19,19,0.0
1316,NL_Battery,2030,5,20,20,0.0
1317,NL_Battery,2030,5,21,21,0.0
1318,NL_Battery,2030,5,22,22,0.0
1319,NL_Battery,2030,5,23,23,0.0
1320,NL_Battery,2030,5,24,24,0.0
1321,NL_Battery,2030,6,1,1,0.0
1322,NL_Battery,2030,6,2,2,0.0
1323,NL_Battery,2030,6,3,3,0.0
1324,NL_Battery,2030,6,4,4,0.0
1325,NL_Battery,2030,6,5,5,0.0
1326,NL_Battery,2030,6,6,6,0.0
1327,NL_Battery,2030,6,7,7,0.0
1328,NL_Battery,2030,6,8,8,0.0
1329,NL_Battery,2030,6,9,9,0.0
1330,NL_Battery,2030,6,10,10,0.0
1331,NL_Battery,2030,6,11,11,0.0
1332,NL_Battery,2030,6,12,12,0.0
1333,NL_Battery,2030,6,13,13,0.0
1334,NL_Battery,2030,6,14,14,0.0
1335,NL_Battery,2030,6,15,15,0.0
1336,NL_Battery,2030,6,16,16,0.0
1337,NL_Battery,2030,6,17,17,0.0
1338,NL_Battery,2030,6,18,18,0.0
1339,NL_Battery,2030,6,19,19,0.0
1340,NL_Battery,2030,6,20,20,0.0
1341,NL_Battery,2030,6,21,21,0.0
1342,NL_Battery,2030,6,22,22,0.0
1343,NL_Battery,2030,6,23,23,0.0
1344,NL_Battery,2030,6,24,24,0.0
1345,NL_Battery,2030,7,1,1,0.0
1346,NL_Battery,2030,7,2,2,0.0
1347,NL_Battery,2030,7,3,3,0.0
1348,NL_Battery,2030,7,4,4,0.0
1349,NL_Battery,2030,7,5,5,0.0
1350,NL_Battery,2030,7,6,6,0.0
1351,NL_Battery,2030,7,7,7,0.0
1352,NL_Battery,2030,7,8,8,0.0
1353,NL_Battery,2030,7,9,9,0.0
1354,NL_Battery,2030,7,10,10,0.0
1355,NL_Battery,2030,7,11,11,0.0
1356,NL_Battery,2030,7,12,12,0.0
1357,NL_Battery,2030,7,13,13,0.0
1358,NL_Battery,2030,7,14,14,0.0
1359,NL_Battery,2030,7,15,15,0.0
1360,NL_Battery,2030,7,16,16,0.0
1361,NL_Battery,2030,7,17,17,0.0
1362,NL_Battery,2030,7,18,18,0.0
1363,NL_Battery,2030,7,19,19,0.0
1364,NL_Battery,2030,7,20,20,0.0
1365,NL_Battery,2030,7,21,21,0.0
1366,NL_Battery,2030,7,22,22,0.0
1367,NL_Battery,2030,7,23,23,0.0
1368,NL_Battery,2030,7,24,24,0.0
1369,NL_Battery,2030,8,1,1,0.0
1370,NL_Battery,2030,8,2,2,0.0
1371,NL_Battery,2030,8,3,3,0.0
1372,NL_Battery,2030,8,4,4,0.0
1373,NL_Battery,2030,8,5,5,0.0
1374,NL_Battery,2030,8,6,6,0.0
1375,NL_Battery,2030,8,7,7,0.0
1376,NL_Battery,2030,8,8,8,0.0
1377,NL_Battery,2030,8,9,9,0.0
1378,NL_Battery,2030,8,10,10,0.0
1379,NL_Battery,2030,8,11,11,0.0
1380,NL_Battery,2030,8,12,12,0.0
1381,NL_Battery,2030,8,13,13,0.0
1382,NL_Battery,2030,8,14,14,0.0
1383,NL_Battery,2030,8,15,15,0.0
1384,NL_Battery,2030,8,16,16,0.0
1385,NL_Battery,2030,8,17,17,0.0
1386,NL_Battery,2030,8,18,18,0.0
1387,NL_Battery,2030,8,19,19,0.0
1388,NL_Battery,2030,8,20,20,0.0
1389,NL_Battery,2030,8,21,21,0.0
1390,NL_Battery,2030,8,22,22,0.0
1391,NL_Battery,2030,8,23,23,0.0
1392,NL_Battery,2030,8,24,24,0.0
1393,NL_Battery,2030,9,1,1,0.0
1394,NL_Battery,2030,9,2,2,0.0
1395,NL_Battery,2030,9,3,3,0.0
1396,NL_Battery,2030,9,4,4,0.0
1397,NL_Battery,2030,9,5,5,0.0
1398,NL_Battery,2030,9,6,6,0.0
1399,NL_Battery,2030,9,7,7,0.0
1400,NL_Battery,2030,9,8,8,0.0
1401,NL_Battery,2030,9,9,9,0.0
1402,NL_Battery,2030,9,10,10,0.0
1403,NL_Battery,2030,9,11,11,0.0
1404,NL_Battery,2030,9,12,12,0.0
1405,NL_Battery,2030,9,13,13,0.0
1406,NL_Battery,2030,9,14,14,0.0
1407,NL_Battery,2030,9,15,15,0.0
1408,NL_Battery,2030,9,16,16,0.0
1409,NL_Battery,2030,9,17,17,0.0
1410,NL_Battery,2030,9,18,18,0.0
1411,NL_Battery,2030,9,19,19,0.0
1412,NL_Battery,2030,9,20,20,0.0
1413,NL_Battery,2030,9,21,21,0.0
1414,NL_Battery,2030,9,22,22,0.0
1415,NL_Battery,2030,9,23,23,0.0
1416,NL_Battery,2030,9,24,24,0.0
1417,NL_Battery,2030,10,1,1,0.0
1418,NL_Battery,2030,10,2,2,0.0
1419,NL_Battery,2030,10,3,3,0.0
1420,NL_Battery,2030,10,4,4,0.0
1421,NL_Battery,2030,10,5,5,0.0
1422,NL_Battery,2030,10,6,6,0.0
1423,NL_Battery,2030,10,7,7,0.0
1424,NL_Battery,2030,10,8,8,0.0
1425,NL_Battery,2030,10,9,9,0.0
1426,NL_Battery,2030,10,10,10,0.0
1427,NL_Battery,2030,10,11,11,0.0
1428,NL_Battery,2030,10,12,12,0.0
1429,NL_Battery,2030,10,13,13,0.0
1430,NL_Battery,2030,10,14,14,0.0
1431,NL_Battery,2030,10,15,15,0.0
1432,NL_Battery,2030,10,16,16,0.0
1433,NL_Battery,2030,10,17,17,0.0
1434,NL_Battery,2030,10,18,18,0.0
1435,NL_Battery,2030,10,19,19,0.0
1436,NL_Battery,2030,10,20,20,0.0
1437,NL_Battery,2030,10,21,21,0.0
1438,NL_Battery,2030,10,22,22,0.0
1439,NL_Battery,2030,10,23,23,0.0
1440,NL_Battery,2030,10,24,24,0.0
1441,UK_Battery,2030,1,1,1,0.0
1442,UK_Battery,2030,1,2,2,0.0
1443,UK_Battery,2030,1,3,3,0.0
1444,UK_Battery,2030,1,4,4,0.0
1445,UK_Battery,2030,1,5,5,0.0
1446,UK_Battery,2030,1,6,6,0.0
1447,UK_Battery,2030,1,7,7,0.0
1448,UK_Battery,2030,1,8,8,0.0
1449,UK_Battery,2030,1,9,9,0.0
1450,UK_Battery,2030,1,10,10,0.0
1451,UK_Battery,2030,1,11,11,0.0
1452,UK_Battery,2030,1,12,12,0.0
1453,UK_Battery,2030,1,13,13,0.0
1454,UK_Battery,2030,1,14,14,0.0
1455,UK_Battery,2030,1,15,15,0.0
1456,UK_Battery,2030,1,16,16,0.0
1457,UK_Battery,2030,1,17,17,0.0
1458,UK_Battery,2030,1,18,18,0.0
1459,UK_Battery,2030,1,19,19,0.0
1460,UK_Battery,2030,1,20,20,0.0
1461,UK_Battery,2030,1,21,21,0.0
1462,UK_Battery,2030,1,22,22,0.0
1463,UK_Battery,2030,1,23,23,0.0
1464,UK_Battery,2030,1,24,24,0.0
1465,UK_Battery,2030,2,1,1,0.0
1466,UK_Battery,2030,2,2,2,0.0
1467,UK_Battery,2030,2,3,3,0.0
1468,UK_Battery,2030,2,4,4,0.0
1469,UK_Battery,2030,2,5,5,0.0
1470,UK_Battery,2030,2,6,6,0.0
1471,UK_Battery,2030,2,7,7,0.0
1472,UK_Battery,2030,2,8,8,0.0
1473,UK_Battery,2030,2,9,9,0.0
1474,UK_Battery,2030,2,10,10,0.0
1475,UK_Battery,2030,2,11,11,0.0
1476,UK_Battery,2030,2,12,12,0.0
1477,UK_Battery,2030,2,13,13,0.0
1478,UK_Battery,2030,2,14,14,0.0
1479,UK_Battery,2030,2,15,15,0.0
1480,UK_Battery,2030,2,16,16,0.0
1481,UK_Battery,2030,2,17,17,0.0
1482,UK_Battery,2030,2,18,18,0.0
1483,UK_Battery,2030,2,19,19,0.0
1484,UK_Battery,2030,2,20,20,0.0
1485,UK_Battery,2030,2,21,21,0.0
1486,UK_Battery,2030,2,22,22,0.0
1487,UK_Battery,2030,2,23,23,0.0
1488,UK_Battery,2030,2,24,24,0.0
1489,UK_Battery,2030,3,1,1,0.0
1490,UK_Battery,2030,3,2,2,0.0
1491,UK_Battery,2030,3,3,3,0.0
1492,UK_Battery,2030,3,4,4,0.0
1493,UK_Battery,2030,3,5,5,0.0
1494,UK_Battery,2030,3,6,6,0.0
1495,UK_Battery,2030,3,7,7,0.0
1496,UK_Battery,2030,3,8,8,0.0
1497,UK_Battery,2030,3,9,9,0.0
1498,UK_Battery,2030,3,10,10,0.0
1499,UK_Battery,2030,3,11,11,0.0
1500,UK_Battery,2030,3,12,12,0.0
1501,UK_Battery,2030,3,13,13,0.0
1502,UK_Battery,2030,3,14,14,0.0
1503,UK_Battery,2030,3,15,15,0.0
1504,UK_Battery,2030,3,16,16,0.0
1505,UK_Battery,2030,3,17,17,0.0
1506,UK_Battery,2030,3,18,18,0.0
1507,UK_Battery,2030,3,19,19,0.0
1508,UK_Battery,2030,3,20,20,0.0
1509,UK_Battery,2030,3,21,21,0.0
1510,UK_Battery,2030,3,22,22,0.0
1511,UK_Battery,2030,3,23,23,0.0
1512,UK_Battery,2030,3,24,24,0.0
1513,UK_Battery,2030,4,1,1,0.0
1514,UK_Battery,2030,4,2,2,0.0
1515,UK_Battery,2030,4,3,3,0.0
1516,UK_Battery,2030,4,4,4,0.0
1517,UK_Battery,2030,4,5,5,0.0
1518,UK_Battery,2030,4,6,6,0.0
1519,UK_Battery,2030,4,7,7,0.0
1520,UK_Battery,2030,4,8,8,0.0
1521,UK_Battery,2030,4,9,9,0.0
1522,UK_Battery,2030,4,10,10,0.0
1523,UK_Battery,2030,4,11,11,0.0
1524,UK_Battery,2030,4,12,12,0.0
1525,UK_Battery,2030,4,13,13,0.0
1526,UK_Battery,2030,4,14,14,0.0
1527,UK_Battery,2030,4,15,15,0.0
1528,UK_Battery,2030,4,16,16,0.0
1529,UK_Battery,2030,4,17,17,0.0
1530,UK_Battery,2030,4,18,18,0.0
1531,UK_Battery,2030,4,19,19,0.0
1532,UK_Battery,2030,4,20,20,0.0
1533,UK_Battery,2030,4,21,21,0.0
1534,UK_Battery,2030,4,22,22,0.0
1535,UK_Battery,2030,4,23,23,0.0
1536,UK_Battery,2030,4,24,24,0.0
1537,UK_Battery,2030,5,1,1,0.0
1538,UK_Battery,2030,5,2,2,0.0
1539,UK_Battery,2030,5,3,3,0.0
1540,UK_Battery,2030,5,4,4,0.0
1541,UK_Battery,2030,5,5,5,0.0
1542,UK_Battery,2030,5,6,6,0.0
1543,UK_Battery,2030,5,7,7,0.0
1544,UK_Battery,2030,5,8,8,0.0
1545,UK_Battery,2030,5,9,9,0.0
1546,UK_Battery,2030,5,10,10,0.0
1547,UK_Battery,2030,5,11,11,0.0
1548,UK_Battery,2030,5,12,12,0.0
1549,UK_Battery,2030,5,13,13,0.0
1550,UK_Battery,2030,5,14,14,0.0
1551,UK_Battery,2030,5,15,15,0.0
1552,UK_Battery,2030,5,16,16,0.0
1553,UK_Battery,2030,5,17,17,0.0
1554,UK_Battery,2030,5,18,18,0.0
1555,UK_Battery,2030,5,19,19,0.0
1556,UK_Battery,2030,5,20,20,0.0
1557,UK_Battery,2030,5,21,21,0.0
1558,UK_Battery,2030,5,22,22,0.0
1559,UK_Battery,2030,5,23,23,0.0
1560,UK_Battery,2030,5,24,24,0.0
1561,UK_Battery,2030,6,1,1,0.0
1562,UK_Battery,2030,6,2,2,0.0
1563,UK_Battery,2030,6,3,3,0.0
1564,UK_Battery,2030,6,4,4,0.0
1565,UK_Battery,2030,6,5,5,0.0
1566,UK_Battery,2030,6,6,6,0.0
1567,UK_Battery,2030,6,7,7,0.0
1568,UK_Battery,2030,6,8,8,0.0
1569,UK_Battery,2030,6,9,9,0.0
1570,UK_Battery,2030,6,10,10,0.0
1571,UK_Battery,2030,6,11,11,0.0
1572,UK_Battery,2030,6,12,12,0.0
1573,UK_Battery,2030,6,13,13,0.0
1574,UK_Battery,2030,6,14,14,0.0
1575,UK_Battery,2030,6,15,15,0.0
1576,UK_Battery,2030,6,16,16,0.0
1577,UK_Battery,2030,6,17,17,0.0
1578,UK_Battery,2030,6,18,18,0.0
1579,UK_Battery,2030,6,19,19,0.0
1580,UK_Battery,2030,6,20,20,0.0
1581,UK_Battery,2030,6,21,21,0.0
1582,UK_Battery,2030,6,22,22,0.0
1583,UK_Battery,2030,6,23,23,0.0
1584,UK_Battery,2030,6,24,24,0.0
1585,UK_Battery,2030,7,1,1,0.0
1586,UK_Battery,2030,7,2,2,0.0
1587,UK_Battery,2030,7,3,3,0.0
1588,UK_Battery,2030,7,4,4,0.0
1589,UK_Battery,2030,7,5,5,0.0
1590,UK_Battery,2030,7,6,6,0.0
1591,UK_Battery,2030,7,7,7,0.0
1592,UK_Battery,2030,7,8,8,0.0
1593,UK_Battery,2030,7,9,9,0.0
1594,UK_Battery,2030,7,10,10,0.0
1595,UK_Battery,2030,7,11,11,0.0
1596,UK_Battery,2030,7,12,12,0.0
1597,UK_Battery,2030,7,13,13,0.0
1598,UK_Battery,2030,7,14,14,0.0
1599,UK_Battery,2030,7,15,15,0.0
1600,UK_Battery,2030,7,16,16,0.0
1601,UK_Battery,2030,7,17,17,0.0
1602,UK_Battery,2030,7,18,18,0.0
1603,UK_Battery,2030,7,19,19,0.0
1604,UK_Battery,2030,7,20,20,0.0
1605,UK_Battery,2030,7,21,21,0.0
1606,UK_Battery,2030,7,22,22,0.0
1607,UK_Battery,2030,7,23,23,0.0
1608,UK_Battery,2030,7,24,24,0.0
1609,UK_Battery,2030,8,1,1,0.0
1610,UK_Battery,2030,8,2,2,0.0
1611,UK_Battery,2030,8,3,3,0.0
1612,UK_Battery,2030,8,4,4,0.0
1613,UK_Battery,2030,8,5,5,0.0
1614,UK_Battery,2030,8,6,6,0.0
1615,UK_Battery,2030,8,7,7,0.0
1616,UK_Battery,2030,8,8,8,0.0
1617,UK_Battery,2030,8,9,9,0.0
1618,UK_Battery,2030,8,10,10,0.0
1619,UK_Battery,2030,8,11,11,0.0
1620,UK_Battery,2030,8,12,12,0.0
1621,UK_Battery,2030,8,13,13,0.0
1622,UK_Battery,2030,8,14,14,0.0
1623,UK_Battery,2030,8,15,15,0.0
1624,UK_Battery,2030,8,16,16,0.0
1625,UK_Battery,2030,8,17,17,0.0
1626,UK_Battery,2030,8,18,18,0.0
1627,UK_Battery,2030,8,19,19,0.0
1628,UK_Battery,2030,8,20,20,0.0
1629,UK_Battery,2030,8,21,21,0.0
1630,UK_Battery,2030,8,22,22,0.0
1631,UK_Battery,2030,8,23,23,0.0
1632,UK_Battery,2030,8,24,24,0.0
1633,UK_Battery,2030,9,1,1,0.0
1634,UK_Battery,2030,9,2,2,0.0
1635,UK_Battery,2030,9,3,3,0.0
1636,UK_Battery,2030,9,4,4,0.0
1637,UK_Battery,2030,9,5,5,0.0
1638,UK_Battery,2030,9,6,6,0.0
1639,UK_Battery,2030,9,7,7,0.0
1640,UK_Battery,2030,9,8,8,0.0
1641,UK_Battery,2030,9,9,9,0.0
1642,UK_Battery,2030,9,10,10,0.0
1643,UK_Battery,2030,9,11,11,0.0
1644,UK_Battery,2030,9,12,12,0.0
1645,UK_Battery,2030,9,13,13,0.0
1646,UK_Battery,2030,9,14,14,0.0
1647,UK_Battery,2030,9,15,15,0.0
1648,UK_Battery,2030,9,16,16,0.0
1649,UK_Battery,2030,9,17,17,0.0
1650,UK_Battery,2030,9,18,18,0.0
1651,UK_Battery,2030,9,19,19,0.0
1652,UK_Battery,2030,9,20,20,0.0
1653,UK_Battery,2030,9,21,21,0.0
1654,UK_Battery,2030,9,22,22,0.0
1655,UK_Battery,2030,9,23,23,0.0
1656,UK_Battery,2030,9,24,24,0.0
1657,UK_Battery,2030,10,1,1,0.0
1658,UK_Battery,2030,10,2,2,0.0
1659,UK_Battery,2030,10,3,3,0.0
1660,UK_Battery,2030,10,4,4,0.0
1661,UK_Battery,2030,10,5,5,0.0
1662,UK_Battery,2030,10,6,6,0.0
1663,UK_Battery,2030,10,7,7,0.0
1664,UK_Battery,2030,10,8,8,0.0
1665,UK_Battery,2030,10,9,9,0.0
1666,UK_Battery,2030,10,10,10,0.0
1667,UK_Battery,2030,10,11,11,0.0
1668,UK_Battery,2030,10,12,12,0.0
1669,UK_Battery,2030,10,13,13,0.0
1670,UK_Battery,2030,10,14,14,0.0
1671,UK_Battery,2030,10,15,15,0.0
1672,UK_Battery,2030,10,16,16,0.0
1673,UK_Battery,2030,10,17,17,0.0
1674,UK_Battery,2030,10,18,18,0.0
1675,UK_Battery,2030,10,19,19,0.0
1676,UK_Battery,2030,10,20,20,0.0
1677,UK_Battery,2030,10,21,21,0.0
1678,UK_Battery,2030,10,22,22,0.0
1679,UK_Battery,2030,10,23,23,0.0
1680,UK_Battery,2030,10,24,24,0.0
